{
  "table_title": "First Downs Statistics for Miami Dolphins and Washington Redskins",
  "columns": [
    {
      "column_name": "-",
      "data_type": "string",
      "description": "This column categorizes the type of first downs, including total first downs, first downs from rushing, and first downs from passing."
    },
    {
      "column_name": "Miami Dolphins",
      "data_type": "float | integer | string | time",
      "description": "This column represents the number of first downs made by the Miami Dolphins in the categories specified in the first column."
    },
    {
      "column_name": "Washington Redskins",
      "data_type": "float | integer | string | time",
      "description": "This column represents the number of first downs made by the Washington Redskins in the categories specified in the first column."
    }
  ],
  "first 5 rows": [
    {
      "-": "First downs",
      "Miami Dolphins": 12,
      "Washington Redskins": 16
    },
    {
      "-": "First downs rushing",
      "Miami Dolphins": 7,
      "Washington Redskins": 9
    },
    {
      "-": "First downs passing",
      "Miami Dolphins": 5,
      "Washington Redskins": 7
    },
    {
      "-": "First downs penalty",
      "Miami Dolphins": 0,
      "Washington Redskins": 0
    },
    {
      "-": "Third down efficiency",
      "Miami Dolphins": "3/11",
      "Washington Redskins": "3 of 13"
    }
  ]
}