{
  "table_title": "Theatre Awards Nominations History",
  "columns": [
    {
      "column_name": "Year",
      "data_type": "integer",
      "description": "The year in which the nomination was made."
    },
    {
      "column_name": "Nominated work",
      "data_type": "string",
      "description": "The title of the play or performance that was nominated for an award."
    },
    {
      "column_name": "Category",
      "data_type": "string",
      "description": "The specific category of the award for which the work was nominated."
    },
    {
      "column_name": "Result",
      "data_type": "string",
      "description": "The outcome of the nomination, either 'Nominated', 'Pending', or 'Won'."
    }
  ],
  "first 5 rows": [
    {
      "Year": 1987,
      "Nominated work": "Coastal Disturbances",
      "Category": "Best Featured Actress in a Play",
      "Result": "nominated"
    },
    {
      "Year": 2019,
      "Nominated work": "All My Sons",
      "Category": "Best actress in a Play",
      "Result": "Pending"
    },
    {
      "Year": 1987,
      "Nominated work": "Coastal Disturbances",
      "Category": "Best Featured Actress in a Play",
      "Result": "Nominated"
    },
    {
      "Year": 2019,
      "Nominated work": "All My Sons",
      "Category": "Best Actor in a Play",
      "Result": "Pending"
    },
    {
      "Year": 2025,
      "Nominated work": "All My Sons",
      "Category": "Best Actress in a Play",
      "Result": "Pending"
    }
  ]
}