{
  "table_title": "Historical Military Squadron Aircraft Operations",
  "columns": [
    {
      "column_name": "Squadron",
      "data_type": "integer",
      "description": "The numeric identifier for each military squadron."
    },
    {
      "column_name": "Aircraft operated",
      "data_type": "string",
      "description": "The type of aircraft operated by the squadron."
    },
    {
      "column_name": "Embarked (from – to)",
      "data_type": "string",
      "description": "The dates during which the squadron was actively operating the specified aircraft."
    },
    {
      "column_name": "Notes",
      "data_type": "string",
      "description": "Additional information or comments about the squadron's operations."
    }
  ],
  "first 5 rows": [
    {
      "Squadron": 802,
      "Aircraft operated": "hawker sea fury",
      "Embarked (from – to)": "July – August 1951",
      "Notes": "–"
    },
    {
      "Squadron": 806,
      "Aircraft operated": "Blackburn Skua Fairey Fulmar Grumman F4F Wildcat",
      "Embarked (from – to)": "11/06/1940 – 11/01/1941 29/05/1942–19/10/1942",
      "Notes": "–"
    },
    {
      "Squadron": 810,
      "Aircraft operated": "Fairey Swordfish Fairey Barracuda",
      "Embarked (from – to)": "2–8 Dec 1941 10 March 1942 — 2 November 1944",
      "Notes": "–"
    },
    {
      "Squadron": 815,
      "Aircraft operated": "Fairey Swordfish Grumman TBF Avenger",
      "Embarked (from – to)": "11 June 1940 – 10 January 1941 17 Sept – 14 Oct 1954",
      "Notes": "–"
    },
    {
      "Squadron": 819,
      "Aircraft operated": "Fairey Swordfish",
      "Embarked (from – to)": "11 June 1940 – 10 Jan 1941",
      "Notes": "Disbanded"
    }
  ]
}