{
  "table_title": "National Film Awards for Best Female Playback Singer",
  "columns": [
    {
      "column_name": "Year",
      "data_type": "integer",
      "description": "The year in which the award was given."
    },
    {
      "column_name": "Award",
      "data_type": "string",
      "description": "The name of the award presented, in this case, all entries are 'National Film Awards'."
    },
    {
      "column_name": "Category",
      "data_type": "string",
      "description": "The category of the award, in this case, all entries are 'Best Female Playback Singer'."
    },
    {
      "column_name": "Film",
      "data_type": "string",
      "description": "The name of the film for which the award was given."
    },
    {
      "column_name": "Result",
      "data_type": "string",
      "description": "The result of the nomination, indicating whether the award was won or not."
    }
  ],
  "first 5 rows": [
    {
      "Year": 1995,
      "Award": "national film awards",
      "Category": "Best Female Playback Singer",
      "Film": "Love Story",
      "Result": "Won"
    },
    {
      "Year": 2001,
      "Award": "National Film Awards",
      "Category": "Best Female Playback Singer",
      "Film": "Premer Taj Mahal",
      "Result": "won"
    },
    {
      "Year": 2008,
      "Award": "National Film Awards",
      "Category": "Best Female Playback Singer",
      "Film": "Ek Takar Bou",
      "Result": "Won"
    },
    {
      "Year": 1995,
      "Award": "National Film Awards",
      "Category": "Best Female Playback Singer",
      "Film": "Love Story",
      "Result": "Won"
    },
    {
      "Year": 2001,
      "Award": "National Film Awards",
      "Category": "Best Female Playback Singer",
      "Film": "Premer Taj Mahal",
      "Result": "Won"
    }
  ]
}