{
  "table_title": "Actor's Filmography",
  "columns": [
    {
      "column_name": "Year",
      "data_type": "integer",
      "description": "The year the role was played, represented as an integer."
    },
    {
      "column_name": "Title",
      "data_type": "string",
      "description": "The title of the film or TV series in which the role was played, represented as a string."
    },
    {
      "column_name": "Role",
      "data_type": "string",
      "description": "The specific role played by the actor in the film or TV series, represented as a string."
    },
    {
      "column_name": "Other notes",
      "data_type": "string",
      "description": "Additional information or notes about the role or performance, represented as a string."
    }
  ],
  "first 5 rows": [
    {
      "Year": 2012,
      "Title": "The Lying Game",
      "Role": "Door Guard",
      "Other notes": "complete"
    },
    {
      "Year": 2008,
      "Title": "Prison Break",
      "Role": "Agent King",
      "Other notes": "Complete"
    },
    {
      "Year": 2007,
      "Title": "Prison Break",
      "Role": "Agent king",
      "Other notes": "Complete"
    },
    {
      "Year": 2005,
      "Title": "Lost",
      "Role": "Steve Jenkins",
      "Other notes": "Completed"
    },
    {
      "Year": 2004,
      "Title": "Lost",
      "Role": "Steve Jenkins",
      "Other notes": "Complete"
    }
  ]
}