{
  "table_title": "Television Series Participation",
  "columns": [
    {
      "column_name": "Year",
      "data_type": "integer | string",
      "description": "The year or range of years the person participated in the television series."
    },
    {
      "column_name": "Title",
      "data_type": "string",
      "description": "The title of the television series."
    },
    {
      "column_name": "Role",
      "data_type": "string",
      "description": "The role or character the person played in the television series."
    },
    {
      "column_name": "Notes",
      "data_type": "string",
      "description": "Additional information about the person's participation in the television series, such as the number of episodes and seasons they appeared in."
    }
  ],
  "first 5 rows": [
    {
      "Year": 2007,
      "Title": "12 Miles of Bad Road",
      "Role": "Bethany",
      "Notes": "3 episodes: \"The dirty white girl\" (Season 1: Episode 2) \"Collateral Verbiage\" (season 1: episode 4) \"Moonshadow\" (season 1: episode 6)"
    },
    {
      "Year": "2008-2009",
      "Title": "Kath & Kim",
      "Role": "Tina",
      "Notes": "Season 1 (recurring; 6 episodes)"
    },
    {
      "Year": "2009 to present",
      "Title": "The Big Bang Theory",
      "Role": "Dr. Bernadette Rostenkowski-Wolowitz",
      "Notes": "Season 3 (recurring; 5 episodes) Season 4-present (series regular)"
    },
    {
      "Year": 2010,
      "Title": "The Office",
      "Role": "Cathy Duke",
      "Notes": "1 Episode \"The Delivery\""
    },
    {
      "Year": 2010,
      "Title": "True Blood",
      "Role": "Summer",
      "Notes": "Season 3 (recurring; six episodes)"
    }
  ]
}