{
  "table_title": "Railway Locomotive Construction and Withdrawal Records",
  "columns": [
    {
      "column_name": "SR No.",
      "data_type": "integer",
      "description": "The unique identification number assigned by the Southern Railway (SR)."
    },
    {
      "column_name": "BR No.",
      "data_type": "integer",
      "description": "The unique identification number assigned by the British Railways (BR)."
    },
    {
      "column_name": "Date Built",
      "data_type": "string",
      "description": "The month and year when the locomotive was constructed."
    },
    {
      "column_name": "Date Withdrawn",
      "data_type": "string",
      "description": "The month and year when the locomotive was withdrawn from service."
    }
  ],
  "first 5 rows": [
    {
      "SR No.": 950,
      "BR No.": 30950,
      "Date Built": "March 1929",
      "Date Withdrawn": "Oct 1962"
    },
    {
      "SR No.": 951,
      "BR No.": 30951,
      "Date Built": "April 1929",
      "Date Withdrawn": "November 62"
    },
    {
      "SR No.": 952,
      "BR No.": 30952,
      "Date Built": "May 1929",
      "Date Withdrawn": "Nov 1962"
    },
    {
      "SR No.": 953,
      "BR No.": 30953,
      "Date Built": "May 1929",
      "Date Withdrawn": "December 1962"
    },
    {
      "SR No.": 954,
      "BR No.": 30954,
      "Date Built": "06/1929",
      "Date Withdrawn": "December 1962"
    }
  ]
}