{
  "table_title": "Theater Awards Nominations and Results",
  "columns": [
    {
      "column_name": "Year",
      "data_type": "integer",
      "description": "The year in which the nomination or award took place."
    },
    {
      "column_name": "Category",
      "data_type": "string",
      "description": "The specific category of the award nomination, such as 'Actress in a Play' or 'Featured Actress in a Play'."
    },
    {
      "column_name": "Nominated work",
      "data_type": "string",
      "description": "The title of the play or work for which the nomination was made."
    },
    {
      "column_name": "Result",
      "data_type": "string",
      "description": "The outcome of the nomination, either 'Won' or 'Nominated'."
    }
  ],
  "first 5 rows": [
    {
      "Year": 2000,
      "Category": "Actress in a Play",
      "Nominated work": "the real thing",
      "Result": "Won"
    },
    {
      "Year": 2007,
      "Category": "Featured Actress in a Play",
      "Nominated work": "The Coast of Utopia",
      "Result": "WON"
    },
    {
      "Year": 2017,
      "Category": "Actress In A Play",
      "Nominated work": "Oslo",
      "Result": "Nominated"
    },
    {
      "Year": 2000,
      "Category": "Actress in a Play",
      "Nominated work": "The Real Thing",
      "Result": "Won"
    },
    {
      "Year": 2025,
      "Category": "Featured Actress in a Play",
      "Nominated work": "The Coast of Utopia",
      "Result": "Won"
    }
  ]
}