{
  "table_title": "Historical Athletics Competition Results",
  "columns": [
    {
      "column_name": "Year",
      "data_type": "integer | string",
      "description": "The year or specific date when the competition took place."
    },
    {
      "column_name": "Competition",
      "data_type": "string",
      "description": "The name of the athletics competition."
    },
    {
      "column_name": "Venue",
      "data_type": "string",
      "description": "The location where the competition was held."
    },
    {
      "column_name": "Position",
      "data_type": "string",
      "description": "The final position or rank of the athlete in the competition."
    },
    {
      "column_name": "Event",
      "data_type": "string",
      "description": "The specific athletics event in which the athlete competed."
    },
    {
      "column_name": "Notes",
      "data_type": "string",
      "description": "Additional information about the competition, such as the athlete's performance time or noteworthy occurrences."
    }
  ],
  "first 5 rows": [
    {
      "Year": 1954,
      "Competition": "Emsley Carr Mile",
      "Venue": "White City Stadium, London",
      "Position": "1st",
      "Event": "Mile",
      "Notes": "4:04.8"
    },
    {
      "Year": 1955,
      "Competition": "Emsley Carr Mile",
      "Venue": "White City Stadium, London",
      "Position": "1st",
      "Event": "Mile",
      "Notes": "4:05.4"
    },
    {
      "Year": "1955-05",
      "Competition": "Athletics Meeting",
      "Venue": "London",
      "Position": "2nd",
      "Event": 2,
      "Notes": "8:34.8 (Won by Sándor Iharos (8:33.4) )"
    },
    {
      "Year": 1956,
      "Competition": "AAA Championships",
      "Venue": "White City Stadium, London",
      "Position": "1st",
      "Event": "Mile",
      "Notes": "4:06.8"
    },
    {
      "Year": "Dec 1956",
      "Competition": "Athletics at the 1956 Summer Olympics",
      "Venue": "Melbourne, Australia",
      "Position": "9th",
      "Event": "1500m",
      "Notes": "3:46.6 (Won by Ron Delany (3:41.49) )"
    }
  ]
}