{
  "table_title": "Historical Sports Competition Results",
  "columns": [
    {
      "column_name": "Year",
      "data_type": "integer",
      "description": "This column represents the year in which the competition took place."
    },
    {
      "column_name": "Competition",
      "data_type": "string",
      "description": "This column specifies the name of the sports competition."
    },
    {
      "column_name": "Venue",
      "data_type": "string",
      "description": "This column denotes the location where the competition was held."
    },
    {
      "column_name": "Position",
      "data_type": "string",
      "description": "This column indicates the final standing or position achieved in the competition."
    },
    {
      "column_name": "Notes",
      "data_type": "string",
      "description": "This column contains additional information about the competition result, such as the distance achieved and record status."
    }
  ],
  "first 5 rows": [
    {
      "Year": 1971,
      "Competition": "Pan American games",
      "Venue": "Cali, Colombia",
      "Position": "1st",
      "Notes": "81.52 m GR"
    },
    {
      "Year": 1973,
      "Competition": "Pacific Conference Games",
      "Venue": "Toronto, Canada",
      "Position": "First",
      "Notes": "82.50 m cr"
    },
    {
      "Year": 1971,
      "Competition": "Pan American Games",
      "Venue": "Cali, Colombia",
      "Position": "1st",
      "Notes": "181.52 m GR"
    },
    {
      "Year": 1973,
      "Competition": "Pacific Conference Games",
      "Venue": "Toronto, Canada",
      "Position": "1st",
      "Notes": "82.50 m ER"
    },
    {
      "Year": 1971,
      "Competition": "Pan American Games",
      "Venue": "Cali, Colombia",
      "Position": "1st",
      "Notes": "81.52 m GR"
    }
  ]
}