{
  "table_title": "Mountain Peaks and Their Elevations",
  "columns": [
    {
      "column_name": "Rank",
      "data_type": "integer",
      "description": "The rank of the mountain peak based on its elevation."
    },
    {
      "column_name": "Mountain peak",
      "data_type": "string",
      "description": "The name of the mountain peak."
    },
    {
      "column_name": "Elevation",
      "data_type": "string",
      "description": "The elevation of the mountain peak in meters and feet."
    }
  ],
  "first 5 rows": [
    {
      "Rank": 1,
      "Mountain peak": "Arderin",
      "Elevation": "527 m (1,729 ft)"
    },
    {
      "Rank": 2,
      "Mountain peak": "Stillbrook Hill",
      "Elevation": "514 m (1,686 ft)"
    },
    {
      "Rank": 3,
      "Mountain peak": "Baunreaghcong",
      "Elevation": "509 meters (1,670 ft)"
    },
    {
      "Rank": 4,
      "Mountain peak": "Wolftrap Mountain",
      "Elevation": "487 m (1,598 ft)"
    },
    {
      "Rank": 5,
      "Mountain peak": "Ridge of Capard",
      "Elevation": "483 m (1,585 ft)"
    }
  ]
}