{
  "table_title": "Filmography Details",
  "columns": [
    {
      "column_name": "Year",
      "data_type": "integer | string",
      "description": "The year the film or TV show was released or aired."
    },
    {
      "column_name": "Title",
      "data_type": "string",
      "description": "The title of the film or TV show."
    },
    {
      "column_name": "Role",
      "data_type": "string",
      "description": "The role played by the actor in the film or TV show."
    },
    {
      "column_name": "Notes",
      "data_type": "string",
      "description": "Additional information about the film or TV show, such as format (e.g., TV miniseries, TV film) or specific episode title."
    }
  ],
  "first 5 rows": [
    {
      "Year": 1996,
      "Title": "Dead Man's Walk",
      "Role": "Maggie",
      "Notes": "TV miniseries"
    },
    {
      "Year": 1996,
      "Title": "Spin City",
      "Role": "Gwen",
      "Notes": "\"Pride & Prejudice\""
    },
    {
      "Year": 1996,
      "Title": "Calm at Sunset, Calm at Dawn",
      "Role": "Emily",
      "Notes": "TV film"
    },
    {
      "Year": 2000,
      "Title": "Picnic",
      "Role": "Madge Owens",
      "Notes": "TV film"
    },
    {
      "Year": 2002,
      "Title": "The Magnificent Ambersons",
      "Role": "Lucy Morgan",
      "Notes": "tv film"
    }
  ]
}