{
  "table_title": "Spider-Man Voice Acting Roles in Video Games",
  "columns": [
    {
      "column_name": "Year",
      "data_type": "integer",
      "description": "The year the video game was released."
    },
    {
      "column_name": "Title",
      "data_type": "string",
      "description": "The title of the video game in which Spider-Man appears."
    },
    {
      "column_name": "Role",
      "data_type": "string",
      "description": "The character role played in the video game, in this case, it's Spider-Man."
    },
    {
      "column_name": "Notes",
      "data_type": "string",
      "description": "Additional notes on the role, indicating that the role was a voice acting role in these instances."
    }
  ],
  "first 5 rows": [
    {
      "Year": 2013,
      "Title": "Marvel Heroes",
      "Role": "Spider-Man",
      "Notes": "Voice"
    },
    {
      "Year": 2014,
      "Title": "Disney Infinity: Marvel Super Heroes",
      "Role": "Spiderman",
      "Notes": "Voice"
    },
    {
      "Year": 2015,
      "Title": "Disney Infinity 3.0",
      "Role": "Spider-Man",
      "Notes": "Voice"
    },
    {
      "Year": 2019,
      "Title": "Kingdom Hearts III",
      "Role": "Young Master Eraqus",
      "Notes": "voice"
    },
    {
      "Year": 2014,
      "Title": "Disney Infinity: Marvel Super Heroes",
      "Role": "Spider-Man",
      "Notes": "Voice"
    }
  ]
}