{
  "table_title": "Music Awards Nominations and Results",
  "columns": [
    {
      "column_name": "Year",
      "data_type": "integer",
      "description": "The year when the award ceremony took place."
    },
    {
      "column_name": "Award",
      "data_type": "string",
      "description": "The specific name or title of the award ceremony."
    },
    {
      "column_name": "Nominated work",
      "data_type": "string",
      "description": "The title of the work (song, album, etc.) that was nominated for the award."
    },
    {
      "column_name": "Category",
      "data_type": "string",
      "description": "The specific category of the award in which the work was nominated."
    },
    {
      "column_name": "Result",
      "data_type": "string",
      "description": "The outcome of the nomination, whether the nominated work won or was just nominated."
    }
  ],
  "first 5 rows": [
    {
      "Year": 1994,
      "Award": "American music awards of 1994",
      "Nominated work": "\"Bacdafucup\"",
      "Category": "Rap/Hip-Hop New Artist",
      "Result": "Nominated"
    },
    {
      "Year": 1994,
      "Award": "1994 Soul Train Music Awards",
      "Nominated work": "Bacdafucup",
      "Category": "Best Rap Album",
      "Result": "won"
    },
    {
      "Year": 1994,
      "Award": "American Music Awards of 1994",
      "Nominated work": "\"Bacdafucup\"",
      "Category": "Rap/Hip-Hop New Artist",
      "Result": "Nominated"
    },
    {
      "Year": 1994,
      "Award": "1994 Soul Train Music Awards",
      "Nominated work": "\"Bacdafucup\"",
      "Category": "Best Rap Album",
      "Result": "Won"
    },
    {
      "Year": 1994,
      "Award": "American Music Awards of 1994",
      "Nominated work": "\"Bacdafucup\"",
      "Category": "Rap/Hip-Hop New Artist",
      "Result": "Won"
    }
  ]
}