{
  "table_title": "Television Roles Over the Years",
  "columns": [
    {
      "column_name": "Year",
      "data_type": "integer | string",
      "description": "The year or range of years the role was played."
    },
    {
      "column_name": "Title",
      "data_type": "string",
      "description": "The title of the television show in which the role was played."
    },
    {
      "column_name": "Role",
      "data_type": "string",
      "description": "The name of the character or role played in the television show."
    },
    {
      "column_name": "Notes",
      "data_type": "string",
      "description": "Additional information about the role, such as the number of episodes or specific episode titles."
    }
  ],
  "first 5 rows": [
    {
      "Year": "1978–1979",
      "Title": "Ryan's Hope",
      "Role": "Nancy Feldman",
      "Notes": "Unknown episodes"
    },
    {
      "Year": 1982,
      "Title": 1,
      "Role": "Georgina Whitman",
      "Notes": "Unknown episodes"
    },
    {
      "Year": 1985,
      "Title": "Hunter",
      "Role": "Amy Laurton",
      "Notes": "Episode: \"The Biggest Man In Town\""
    },
    {
      "Year": 1985,
      "Title": "MacGyver",
      "Role": "Laura Farren",
      "Notes": "Episode: \"Hellfire\""
    },
    {
      "Year": 1986,
      "Title": "Knight Rider",
      "Role": "Sandra Rusk",
      "Notes": "Episode: \"Hills of Fire\""
    }
  ]
}