{
  "table_title": "Theatrical Performances and Roles",
  "columns": [
    {
      "column_name": "Year",
      "data_type": "integer",
      "description": "The year in which the theatrical performance took place."
    },
    {
      "column_name": "Title",
      "data_type": "string",
      "description": "The title of the theatrical performance."
    },
    {
      "column_name": "Role",
      "data_type": "string",
      "description": "The role played by the actor in the theatrical performance."
    },
    {
      "column_name": "Notes",
      "data_type": "string",
      "description": "Additional information about the performance, such as the type of production or location."
    }
  ],
  "first 5 rows": [
    {
      "Year": 1972,
      "Title": "22 years",
      "Role": "Sadie Mae Glutz",
      "Notes": "Off-Broadway"
    },
    {
      "Year": 1972,
      "Title": "The Fan Club",
      "Role": "supporting",
      "Notes": "off-broadway"
    },
    {
      "Year": 1972,
      "Title": "22 Years",
      "Role": "Sadie Mae Glutz (as Kristin Marle)",
      "Notes": "Off-Broadway"
    },
    {
      "Year": 2025,
      "Title": "The Fan Club",
      "Role": "Supporting",
      "Notes": "Off-Broadway"
    },
    {
      "Year": 2072,
      "Title": "22 Years",
      "Role": "Sadie Mae Glutz (as Kristin Marle)",
      "Notes": "Off-Broadway"
    }
  ]
}