{
  "table_title": "Filmography Data",
  "columns": [
    {
      "column_name": "Year",
      "data_type": "integer",
      "description": "The year in which the film was released."
    },
    {
      "column_name": "Film",
      "data_type": "string",
      "description": "The title of the film."
    },
    {
      "column_name": "Role",
      "data_type": "string",
      "description": "The role played by a specific actor in the film."
    },
    {
      "column_name": "Director / Notes",
      "data_type": "string",
      "description": "The director of the film or any additional notes related to the film."
    }
  ],
  "first 5 rows": [
    {
      "Year": 2008,
      "Film": "Adulthood",
      "Role": "Big Man",
      "Director / Notes": "noel clarke"
    },
    {
      "Year": 2010,
      "Film": "In a Better World",
      "Role": "Dr. Najeeb",
      "Director / Notes": "Susanne Bier"
    },
    {
      "Year": 2010,
      "Film": "Pimp",
      "Role": "Byron",
      "Director / Notes": "Robert Cavanah"
    },
    {
      "Year": 2011,
      "Film": "Anuvahood",
      "Role": "Big Mike",
      "Director / Notes": "Adam Deacon"
    },
    {
      "Year": 2013,
      "Film": "Life Outside",
      "Role": "Charles",
      "Director / Notes": "Martin J. Thomas"
    }
  ]
}