{
  "table_title": "Historical Blues Album Records",
  "columns": [
    {
      "column_name": "Year",
      "data_type": "integer",
      "description": "The year the album was recorded."
    },
    {
      "column_name": "Title",
      "data_type": "string",
      "description": "The title of the album."
    },
    {
      "column_name": "Label",
      "data_type": "string",
      "description": "The record label that produced the album."
    },
    {
      "column_name": "Comments",
      "data_type": "string",
      "description": "Additional information about the album, including the location it was recorded."
    }
  ],
  "first 5 rows": [
    {
      "Year": 1967,
      "Title": "West Side Soul",
      "Label": "delmark",
      "Comments": "Recorded Chicago, 1967"
    },
    {
      "Year": 1968,
      "Title": "Black Magic",
      "Label": "Delmark",
      "Comments": "Recorded in Chicago, 1968"
    },
    {
      "Year": 1969,
      "Title": "Raw Blues Live 1969",
      "Label": "Rock Beat Records",
      "Comments": "Recorded Berkeley, Calif., 1969"
    },
    {
      "Year": 1980,
      "Title": "The Late Great Magic Sam",
      "Label": "L+R",
      "Comments": "Recorded 1963-64, 1969"
    },
    {
      "Year": 1981,
      "Title": "Magic Sam Live",
      "Label": "Delmark",
      "Comments": "Recorded live in Chicago, 1963–64, and Ann Arbor, 1969"
    }
  ]
}