{
  "table_title": "Natural Areas Information",
  "columns": [
    {
      "column_name": "Name",
      "data_type": "string",
      "description": "The name of the natural area."
    },
    {
      "column_name": "Date",
      "data_type": "integer",
      "description": "The year the natural area was recognized or established."
    },
    {
      "column_name": "Location",
      "data_type": "string",
      "description": "The geographical coordinates of the natural area."
    },
    {
      "column_name": "County",
      "data_type": "string",
      "description": "The county or counties where the natural area is located."
    },
    {
      "column_name": "Ownership",
      "data_type": "string",
      "description": "The entity that owns or manages the natural area, such as state or federal government."
    },
    {
      "column_name": "Description",
      "data_type": "string",
      "description": "A brief description of the natural area, including its significant features and ecological characteristics."
    }
  ],
  "first 5 rows": [
    {
      "Name": "Black Spruce Bog Natural Area",
      "Date": 1976,
      "Location": "42°18′58.00″N 84°11′46.49″W / 42.3161111°N 84.1962472°W",
      "County": "Jackson",
      "Ownership": "State",
      "Description": "A boreal bog forest with a stand of black spruce; illustrates the last stage of evolution in a sphagnum bog ecosystem."
    },
    {
      "Name": "Dead Stream Swamp",
      "Date": 1976,
      "Location": "44°6′0″N 84°10′12″W / 44.10000°N 84.17000°W",
      "County": "Missaukee, Roscommon",
      "Ownership": "State",
      "Description": "An extensive northern white cedar swamp, illustrating the last stage of bog forest evolution. Part of Au Sable State Forest."
    },
    {
      "Name": "Dukes Research Natural Area",
      "Date": 1974,
      "Location": "46°21′0″N 87°10′0.01″W / 46.35000°N 87.1666694°W",
      "County": "Marquette",
      "Ownership": "Federal",
      "Description": "A swamp containing undisturbed stands of cedar and mixed conifers and old-growth hardwood. Part of Hiawatha National Forest."
    },
    {
      "Name": "Grand Mere Lakes",
      "Date": 1968,
      "Location": "41°59′35″N 86°32′59″W / 41.99306°N 86.54972°W",
      "County": "Berrien",
      "Ownership": "State, private",
      "Description": "Contains multiple low areas created by Lake Michigan's post-glacial ancestors, illustrating aquatic to terrestrial evolution. Provides habitat for several rare species."
    },
    {
      "Name": "Haven Hill State Natural Area",
      "Date": 1976,
      "Location": "42°38′11″N 83°34′23″W / 42.63639°N 83.57306°W",
      "County": "Oakland",
      "Ownership": "State",
      "Description": "A small area that incorporates all forest types found in southern Michigan; plays host to over 100 bird species and 17 species of mammals."
    }
  ]
}