{
  "table_title": "Filmography Records",
  "columns": [
    {
      "column_name": "Year",
      "data_type": "integer | string",
      "description": "The year the film or TV show was released or aired."
    },
    {
      "column_name": "Title",
      "data_type": "string",
      "description": "The title of the film or TV show."
    },
    {
      "column_name": "Role",
      "data_type": "string",
      "description": "The name of the character played by the actor in the film or TV show."
    },
    {
      "column_name": "Notes",
      "data_type": "string",
      "description": "Additional information about the film or TV show, such as the episode name or whether it's a feature film."
    }
  ],
  "first 5 rows": [
    {
      "Year": 1988,
      "Title": "Valerie",
      "Role": "Courtney",
      "Notes": "Episode: \"The King and I\""
    },
    {
      "Year": 1988,
      "Title": "Growing Pains",
      "Role": "Lydia Shayne",
      "Notes": "Episode: \"Dance Fever\" (Part 1 & 2)"
    },
    {
      "Year": 1988,
      "Title": "Night of the Demons",
      "Role": "Judy Cassidy",
      "Notes": "Feature film"
    },
    {
      "Year": "1988-91",
      "Title": "Dallas",
      "Role": "Cally Harper Ewing",
      "Notes": "Main cast (70 episodes)"
    },
    {
      "Year": 1989,
      "Title": "Beverly Hills Brats",
      "Role": "Tiffany",
      "Notes": "Feature film"
    }
  ]
}