{
  "table_title": "Radio Station Information in Puerto Rico",
  "columns": [
    {
      "column_name": "Call sign",
      "data_type": "string",
      "description": "The unique identifier for the radio station."
    },
    {
      "column_name": "Frequency (MHz)",
      "data_type": "string",
      "description": "The frequency at which the radio station broadcasts, in megahertz."
    },
    {
      "column_name": "City of license",
      "data_type": "string",
      "description": "The city in which the radio station is officially licensed to operate."
    },
    {
      "column_name": "ERP W",
      "data_type": "float",
      "description": "The Effective Radiated Power (ERP) of the radio station, in watts."
    },
    {
      "column_name": "FCC info",
      "data_type": "string",
      "description": "The Federal Communications Commission (FCC) information related to the radio station."
    }
  ],
  "first 5 rows": [
    {
      "Call sign": "W250CF",
      "Frequency (MHz)": "97.9 MHz",
      "City of license": "Arecibo, PR",
      "ERP W": 0.23,
      "FCC info": "fcc"
    },
    {
      "Call sign": "W256DX",
      "Frequency (MHz)": "99.1 FM",
      "City of license": "Aguadilla, Puerto Rico",
      "ERP W": 0.041,
      "FCC info": "FCC"
    },
    {
      "Call sign": "W250CF",
      "Frequency (MHz)": "97.9 FM",
      "City of license": "Arecibo, Puerto Rico",
      "ERP W": 2300,
      "FCC info": "FCC"
    },
    {
      "Call sign": "W250CF",
      "Frequency (MHz)": "97.9 FM",
      "City of license": "Arecibo, Puerto Rico",
      "ERP W": 0.23,
      "FCC info": "FCC"
    },
    {
      "Call sign": "W299ZZ",
      "Frequency (MHz)": "310.5 FM",
      "City of license": "San Juan, Puerto Rico",
      "ERP W": 0.5,
      "FCC info": "FCC"
    }
  ]
}