{
  "table_title": "Historical Film Awards and Nominations",
  "columns": [
    {
      "column_name": "Year",
      "data_type": "integer",
      "description": "The year in which the award or nomination took place."
    },
    {
      "column_name": "Award",
      "data_type": "string",
      "description": "The name of the award for which the film was nominated or won."
    },
    {
      "column_name": "Category",
      "data_type": "string",
      "description": "The specific category of the award for which the film was nominated or won."
    },
    {
      "column_name": "Film",
      "data_type": "string",
      "description": "The title of the film that was nominated or won the award."
    },
    {
      "column_name": "Result",
      "data_type": "string",
      "description": "The outcome of the nomination, either 'Won' or 'Nominated'."
    }
  ],
  "first 5 rows": [
    {
      "Year": 1934,
      "Award": "academy award",
      "Category": "Best Film Editing (Conrad A. Nervig)",
      "Film": "Eskimo / Mala the Magnificent",
      "Result": "Won"
    },
    {
      "Year": 1935,
      "Award": "Academy Award",
      "Category": "Best Director",
      "Film": "The Thin Man",
      "Result": "nominated"
    },
    {
      "Year": 1936,
      "Award": "Venice Film Festival",
      "Category": "Best Foreign Film",
      "Film": "San Francisco",
      "Result": "Nominated"
    },
    {
      "Year": 1937,
      "Award": "Academy Award",
      "Category": "best director",
      "Film": "San Francisco",
      "Result": "Nominated"
    },
    {
      "Year": 1938,
      "Award": "Venice Film Festival",
      "Category": "Best Foreign Film",
      "Film": "Marie Antoinette",
      "Result": "Nominated"
    }
  ]
}