{
  "table_title": "Election Results",
  "columns": [
    {
      "column_name": "Candidate",
      "data_type": "string",
      "description": "This column records the names of the candidates who participated in the election."
    },
    {
      "column_name": "Votes",
      "data_type": "integer | string",
      "description": "This column shows the number of votes each candidate received. The data can be in the form of either an integer or a string."
    },
    {
      "column_name": "%",
      "data_type": "float",
      "description": "This column represents the percentage of total votes that each candidate received."
    }
  ],
  "first 5 rows": [
    {
      "Candidate": "Paula Fletcher",
      "Votes": 7936,
      "%": 60.2
    },
    {
      "Candidate": "Suzanne McCormick",
      "Votes": 3470,
      "%": 26.3
    },
    {
      "Candidate": "Edward Chin",
      "Votes": 937,
      "%": 7.1
    },
    {
      "Candidate": "Michael Zubiak",
      "Votes": 522,
      "%": 5
    },
    {
      "Candidate": "Patrick Kraemer",
      "Votes": 220,
      "%": 1.7
    }
  ]
}