{
  "table_title": "Actor's Television Roles and Appearances",
  "columns": [
    {
      "column_name": "Year",
      "data_type": "integer | string",
      "description": "The year or range of years the actor appeared in the television show."
    },
    {
      "column_name": "Title",
      "data_type": "string",
      "description": "The title of the television show in which the actor appeared."
    },
    {
      "column_name": "Role",
      "data_type": "string",
      "description": "The character or role played by the actor in the television show."
    },
    {
      "column_name": "Notes",
      "data_type": "string",
      "description": "Additional details about the actor's role or appearance in the show, such as the number of episodes or specific episodes in which they appeared."
    }
  ],
  "first 5 rows": [
    {
      "Year": 2007,
      "Title": "Home and Away",
      "Role": "Lily Nelson",
      "Notes": "4 Episodes (season 20)"
    },
    {
      "Year": 2007,
      "Title": "Chandon Pictures",
      "Role": "Sherbert",
      "Notes": "Episode: \"cousins\""
    },
    {
      "Year": "2008/09",
      "Title": "East of Everything",
      "Role": "Lizzy Dellora",
      "Notes": "Main role, 13 episodes"
    },
    {
      "Year": 2008,
      "Title": "Scorched",
      "Role": "Emily Francia",
      "Notes": "Nine Network Television Film"
    },
    {
      "Year": 2009,
      "Title": "All Saints",
      "Role": "Marina Reade",
      "Notes": "Episode: On Second Thoughts..."
    }
  ]
}