{
  "table_title": "Motorcycle Racing Championship Winners and Statistics",
  "columns": [
    {
      "column_name": "Season",
      "data_type": "integer",
      "description": "The year the racing season took place."
    },
    {
      "column_name": "Champion",
      "data_type": "string",
      "description": "The name and nationality of the champion of the season."
    },
    {
      "column_name": "Motorcycle",
      "data_type": "string",
      "description": "The model of the motorcycle that the champion rode."
    },
    {
      "column_name": "Wins",
      "data_type": "integer",
      "description": "The number of wins the champion achieved during the season."
    },
    {
      "column_name": "2nd pl.",
      "data_type": "integer",
      "description": "The number of times the champion finished in second place during the season."
    },
    {
      "column_name": "3rd pl.",
      "data_type": "integer",
      "description": "The number of times the champion finished in third place during the season."
    },
    {
      "column_name": "Team",
      "data_type": "string",
      "description": "The name of the team the champion was a part of during the season."
    }
  ],
  "first 5 rows": [
    {
      "Season": 1988,
      "Champion": "United States Fred Merkel",
      "Motorcycle": "Honda RC30",
      "Wins": 2,
      "2nd pl.": 2,
      "3rd pl.": 1,
      "Team": "Rumi Honda"
    },
    {
      "Season": 1989,
      "Champion": "United States Fred Merkel",
      "Motorcycle": "Honda RC30",
      "Wins": 3,
      "2nd pl.": 2,
      "3rd pl.": 5,
      "Team": "Rumi Honda"
    },
    {
      "Season": 1990,
      "Champion": "France Raymond Roche",
      "Motorcycle": "Ducati 851",
      "Wins": 8,
      "2nd pl.": 7,
      "3rd pl.": 2,
      "Team": "Squadra Corse Ducati Lucchinelli"
    },
    {
      "Season": 1991,
      "Champion": "United States Doug Polen",
      "Motorcycle": "Ducati 888",
      "Wins": 17,
      "2nd pl.": 4,
      "3rd pl.": 0,
      "Team": "Fast by Ferracci Ducati"
    },
    {
      "Season": 1992,
      "Champion": "United States Doug Polen",
      "Motorcycle": "Ducati 888",
      "Wins": 9,
      "2nd pl.": 4,
      "3rd pl.": 2,
      "Team": "Team Police Ducati"
    }
  ]
}