{
  "table_title": "Demographic Breakdown by Gender and Category",
  "columns": [
    {
      "column_name": "-",
      "data_type": "string",
      "description": "This column represents different demographic categories such as total population, children aged below 6 years, and scheduled caste."
    },
    {
      "column_name": "Total",
      "data_type": "integer",
      "description": "This column represents the total number of individuals in the corresponding demographic category."
    },
    {
      "column_name": "Male",
      "data_type": "integer",
      "description": "This column represents the total number of male individuals in the corresponding demographic category."
    },
    {
      "column_name": "Female",
      "data_type": "integer",
      "description": "This column represents the total number of female individuals in the corresponding demographic category."
    }
  ],
  "first 5 rows": [
    {
      "-": "Population",
      "Total": 7159,
      "Male": 3645,
      "Female": 3514
    },
    {
      "-": "Children aged below 6 years",
      "Total": 913,
      "Male": 479,
      "Female": 434
    },
    {
      "-": "Scheduled caste",
      "Total": 1782,
      "Male": 890,
      "Female": 892
    },
    {
      "-": "Scheduled tribe",
      "Total": 744,
      "Male": 383,
      "Female": 361
    },
    {
      "-": "Literates",
      "Total": 4323,
      "Male": 2642,
      "Female": 1681
    }
  ]
}