{
  "table_title": "Filmography Details",
  "columns": [
    {
      "column_name": "Year",
      "data_type": "integer | string",
      "description": "The year the film or TV show was released or aired."
    },
    {
      "column_name": "Title",
      "data_type": "string",
      "description": "The title of the film or TV show."
    },
    {
      "column_name": "Role",
      "data_type": "string",
      "description": "The role or character played by the actor in the film or TV show."
    },
    {
      "column_name": "Notes",
      "data_type": "string",
      "description": "Additional information about the film or TV show, such as the format (film, TV series) or the number of episodes in which the actor appeared."
    }
  ],
  "first 5 rows": [
    {
      "Year": 2002,
      "Title": "Infested",
      "Role": "Ellen",
      "Notes": "Film"
    },
    {
      "Year": 2002,
      "Title": "Dead Above Ground",
      "Role": "Dr. Brenda Boone",
      "Notes": "Film"
    },
    {
      "Year": 2002,
      "Title": "Pasadena",
      "Role": "Rachel Collins",
      "Notes": "Two Episodes"
    },
    {
      "Year": 2002,
      "Title": "JAG",
      "Role": "Lt. Jorgenson",
      "Notes": "2 Episodes"
    },
    {
      "Year": 2002,
      "Title": "Any Day Now",
      "Role": "Iris O'Neil",
      "Notes": "One Episode"
    }
  ]
}