{
  "table_title": "Television Roles by Year and Network",
  "columns": [
    {
      "column_name": "Year",
      "data_type": "integer | string",
      "description": "This column represents the year or range of years during which the television role was performed."
    },
    {
      "column_name": "Title",
      "data_type": "string",
      "description": "This column indicates the title of the television show in which the role was played."
    },
    {
      "column_name": "Role",
      "data_type": "string",
      "description": "This column specifies the character or role played by the actor in the television show."
    },
    {
      "column_name": "Network",
      "data_type": "string",
      "description": "This column identifies the television network that broadcasted the show."
    }
  ],
  "first 5 rows": [
    {
      "Year": "2018-present",
      "Title": "Precious Hearts Romances Presents: Los Bastardos",
      "Role": "Alba Santillan",
      "Network": "abs-cbn"
    },
    {
      "Year": 2013,
      "Title": "Kidlat",
      "Role": "Dulce",
      "Network": "TV5"
    },
    {
      "Year": 2013,
      "Title": "Apoy Sa Dagat",
      "Role": "young Idelfonsa Del Sol",
      "Network": "Abs-Cbn"
    },
    {
      "Year": 2013,
      "Title": "Pahiram ng Sandali",
      "Role": "Diana Gomez",
      "Network": "GMA Network"
    },
    {
      "Year": 2012,
      "Title": "Wansapanataym: Incredibelle",
      "Role": "Cory",
      "Network": "ABS-CBN"
    }
  ]
}