{
  "table_title": "Annual College Application Statistics",
  "columns": [
    {
      "column_name": "-",
      "data_type": "string",
      "description": "This column represents the type of data in the row, which could be the number of applicants, admits, or percentage of applicants admitted."
    },
    {
      "column_name": "2016",
      "data_type": "float | integer | string",
      "description": "This column represents the data for the year 2016. The data could be the number of applicants (integer), admits (integer), or percentage of applicants admitted (float)."
    },
    {
      "column_name": "2015",
      "data_type": "float | integer | string",
      "description": "This column represents the data for the year 2015. The data could be the number of applicants (integer), admits (integer), or percentage of applicants admitted (float)."
    },
    {
      "column_name": "2014",
      "data_type": "float | integer | string",
      "description": "This column represents the data for the year 2014. The data could be the number of applicants (integer), admits (integer), or percentage of applicants admitted (float)."
    },
    {
      "column_name": "2013",
      "data_type": "float | integer | string",
      "description": "This column represents the data for the year 2013. The data could be the number of applicants (integer), admits (integer), or percentage of applicants admitted (float)."
    },
    {
      "column_name": "2012",
      "data_type": "float | integer | string",
      "description": "This column represents the data for the year 2012. The data could be the number of applicants (integer), admits (integer), or percentage of applicants admitted (float)."
    }
  ],
  "first 5 rows": [
    {
      "-": "Applicants",
      "2016": 1901,
      "2015": 1887,
      "2014": 2071,
      "2013": 2129,
      "2012": 2675
    },
    {
      "-": "Admits",
      "2016": 545,
      "2015": 551,
      "2014": 568,
      "2013": 492,
      "2012": 595
    },
    {
      "-": "% Admitted",
      "2016": 28.6,
      "2015": 29.1,
      "2014": 30.1,
      "2013": 23.1,
      "2012": 22.2
    },
    {
      "-": "Admits",
      "2016": 545,
      "2015": 551,
      "2014": 568,
      "2013": 492,
      "2012": 595
    },
    {
      "-": "% Admitted",
      "2016": 28.6,
      "2015": "29.1%",
      "2014": 30.1,
      "2013": 26.2,
      "2012": 22.2
    }
  ]
}