{
  "table_title": "Istanbul Marathon Performance Records",
  "columns": [
    {
      "column_name": "Year",
      "data_type": "integer",
      "description": "The year in which the Istanbul Marathon was held."
    },
    {
      "column_name": "Competition",
      "data_type": "string",
      "description": "The name of the competition, in this case, always the Istanbul Marathon."
    },
    {
      "column_name": "Venue",
      "data_type": "string",
      "description": "The location where the Istanbul Marathon took place."
    },
    {
      "column_name": "Position",
      "data_type": "string",
      "description": "The finishing position achieved in the Istanbul Marathon."
    },
    {
      "column_name": "Notes",
      "data_type": "string",
      "description": "Additional information about the competition, in this case, specifying that it is a marathon."
    }
  ],
  "first 5 rows": [
    {
      "Year": 2009,
      "Competition": "istanbul marathon",
      "Venue": "Istanbul, Turkey",
      "Position": "2nd",
      "Notes": "Marathon"
    },
    {
      "Year": 2010,
      "Competition": "Istanbul Marathon",
      "Venue": "Istanbul, Turkey",
      "Position": "1st",
      "Notes": "marathon"
    },
    {
      "Year": 2011,
      "Competition": "Istanbul Marathon",
      "Venue": "Istanbul, Turkey",
      "Position": "Fourth",
      "Notes": "Marathon"
    },
    {
      "Year": 2012,
      "Competition": "Xiamen International Marathon",
      "Venue": "Xiamen, China",
      "Position": "1st",
      "Notes": "Marathon"
    },
    {
      "Year": 2009,
      "Competition": "Istanbul Marathon",
      "Venue": "Istanbul, Turkey",
      "Position": "2nd",
      "Notes": "10,000 km Marathon"
    }
  ]
}