{
  "table_title": "Agricultural Holdings Size and Area (2001-2002)",
  "columns": [
    {
      "column_name": "Size of holdings",
      "data_type": "string",
      "description": "The size range of agricultural land holdings, expressed in hectares and acres."
    },
    {
      "column_name": "Numbers (2001–2002)",
      "data_type": "integer | string",
      "description": "The number of agricultural holdings within the specified size range for the years 2001 to 2002."
    },
    {
      "column_name": "Area of holding",
      "data_type": "string",
      "description": "The total area, in hectares and acres, occupied by the agricultural holdings within the specified size range."
    }
  ],
  "first 5 rows": [
    {
      "Size of holdings": "Less than 10 ha 10 hectares (25 acres)",
      "Numbers (2001–2002)": 175475,
      "Area of holding": "247087 ha (610,570 acres)"
    },
    {
      "Size of holdings": "Between 10 and 100 hectares and above",
      "Numbers (2001–2002)": 2833,
      "Area of holding": "99,908 hectares (246880 acres)"
    },
    {
      "Size of holdings": "Total",
      "Numbers (2001–2002)": 178308,
      "Area of holding": "346,995 hectares (857440 acres)"
    },
    {
      "Size of holdings": "Less than 10 ha 10 hectares (25 acres)",
      "Numbers (2001–2002)": 175475,
      "Area of holding": "247,087 hectares (610,570 acres)"
    },
    {
      "Size of holdings": "Between 10 and 100 ha and above",
      "Numbers (2001–2002)": 250000,
      "Area of holding": "99,908 hectares (246,880 acres)"
    }
  ]
}