{
  "table_title": "Motorcycle Race Results",
  "columns": [
    {
      "column_name": "Rank",
      "data_type": "integer",
      "description": "The finishing position of the rider in the race."
    },
    {
      "column_name": "Rider",
      "data_type": "string",
      "description": "The name and nationality of the rider and their co-rider."
    },
    {
      "column_name": "Team",
      "data_type": "string",
      "description": "The name of the team the rider is representing, along with the specification of their motorcycle."
    },
    {
      "column_name": "Speed",
      "data_type": "string",
      "description": "The average speed of the rider during the race, measured in miles per hour."
    },
    {
      "column_name": "Time",
      "data_type": "string",
      "description": "The total time taken by the rider to complete the race."
    }
  ],
  "first 5 rows": [
    {
      "Rank": 1,
      "Rider": "Isle of Man Nick Crowe/Mark Cox",
      "Team": "LCR Honda 600cc",
      "Speed": "113.989 mph",
      "Time": "59’ 34.76"
    },
    {
      "Rank": 2,
      "Rider": "Isle of Man Dave Molyneux/Dan Sayle",
      "Team": "DMR Suzuki 600cc",
      "Speed": "113.654 mph",
      "Time": "59’ 45.31"
    },
    {
      "Rank": 3,
      "Rider": "England John Holden/Andrew Winkle",
      "Team": "LCR Suzuki 600cc",
      "Speed": "112.585 mph",
      "Time": "1:00.19.33"
    },
    {
      "Rank": 4,
      "Rider": "England Steve Norbury/Rick Long",
      "Team": "Yamaha 600cc",
      "Speed": "112.144 mph",
      "Time": "1:00.33.58"
    },
    {
      "Rank": 5,
      "Rider": "Austria Klaus Klaffenböck/Christian Parzer",
      "Team": "LCR Honda 600cc",
      "Speed": "112.177 mph",
      "Time": "1:00.34.47"
    }
  ]
}