{
  "table_title": "Award Nominations and Wins for Animated Films",
  "columns": [
    {
      "column_name": "Year",
      "data_type": "integer",
      "description": "The year in which the work was nominated or won an award."
    },
    {
      "column_name": "Work",
      "data_type": "string",
      "description": "The title of the work (film or song) that was nominated or won an award."
    },
    {
      "column_name": "Category",
      "data_type": "string",
      "description": "The category in which the work was nominated or won an award."
    },
    {
      "column_name": "Result",
      "data_type": "string",
      "description": "The outcome of the nomination, indicating whether the work was simply nominated or actually won the award."
    }
  ],
  "first 5 rows": [
    {
      "Year": 2005,
      "Work": "The Incredibles",
      "Category": "Best Score Soundtrack Album",
      "Result": "Nominated"
    },
    {
      "Year": 2005,
      "Work": "\"The Incredits\" (from The Incredibles)",
      "Category": "Best Instrumental Composition",
      "Result": "Nominated"
    },
    {
      "Year": 2008,
      "Work": "Ratatouille",
      "Category": "Best Score soundtrack album",
      "Result": "Won"
    },
    {
      "Year": 2010,
      "Work": "Star Trek",
      "Category": "Best Score Soundtrack Album",
      "Result": "nominated"
    },
    {
      "Year": 2010,
      "Work": "Up",
      "Category": "Best Score Soundtrack Album",
      "Result": "Won"
    }
  ]
}