{
  "table_title": "Population Change in Paraguayan Cities from 1992 to 2002",
  "columns": [
    {
      "column_name": "Rank",
      "data_type": "integer",
      "description": "The ranking of the city or town based on the population size."
    },
    {
      "column_name": "City/town",
      "data_type": "string",
      "description": "The name of the city or town."
    },
    {
      "column_name": "Department",
      "data_type": "string",
      "description": "The department in which the city or town is located."
    },
    {
      "column_name": "Population 2002 Census",
      "data_type": "string",
      "description": "The population of the city or town according to the 2002 census."
    },
    {
      "column_name": "Population 1992 Census",
      "data_type": "string",
      "description": "The population of the city or town according to the 1992 census."
    },
    {
      "column_name": "Change",
      "data_type": "string",
      "description": "The percentage change in population from the 1992 census to the 2002 census."
    }
  ],
  "first 5 rows": [
    {
      "Rank": 1,
      "City/town": "Asunción",
      "Department": "Capital District",
      "Population 2002 Census": 512112,
      "Population 1992 Census": 500938,
      "Change": "+2.23%"
    },
    {
      "Rank": 2,
      "City/town": "Ciudad del Este",
      "Department": "Alto Paraná",
      "Population 2002 Census": 222274,
      "Population 1992 Census": 133881,
      "Change": "+66.02%"
    },
    {
      "Rank": 3,
      "City/town": "San Lorenzo",
      "Department": "Central",
      "Population 2002 Census": 204356,
      "Population 1992 Census": 133395,
      "Change": "+53.20%"
    },
    {
      "Rank": 4,
      "City/town": "Luque",
      "Department": "Central",
      "Population 2002 Census": 170986,
      "Population 1992 Census": 84877,
      "Change": "+101.45%"
    },
    {
      "Rank": 5,
      "City/town": "Capiatá",
      "Department": "Central",
      "Population 2002 Census": 154274,
      "Population 1992 Census": 83773,
      "Change": "+84.16%"
    }
  ]
}