{
  "table_title": "Television and Film Appearances",
  "columns": [
    {
      "column_name": "Year",
      "data_type": "integer | string",
      "description": "The year the television show or film was released."
    },
    {
      "column_name": "Title",
      "data_type": "string",
      "description": "The title of the television show or film."
    },
    {
      "column_name": "Role",
      "data_type": "string",
      "description": "The role or character played by the actor in the television show or film."
    },
    {
      "column_name": "Notes",
      "data_type": "string",
      "description": "Additional information about the appearance, such as the episode name or if it was a television film."
    }
  ],
  "first 5 rows": [
    {
      "Year": 2006,
      "Title": "Supernatural",
      "Role": "hospital receptionist",
      "Notes": "Episode: \"Salvation\""
    },
    {
      "Year": 2007,
      "Title": "Exes and Ohs",
      "Role": "Lucianne",
      "Notes": "Episode: \"What Goes Around\""
    },
    {
      "Year": 2008,
      "Title": "Loch Ness Terror",
      "Role": "Caroleena",
      "Notes": "television film"
    },
    {
      "Year": 2008,
      "Title": "Psych",
      "Role": "Eileen Mazwell",
      "Notes": "Episode: \"Murder?... Anyone?... anyone?... Bueller?\""
    },
    {
      "Year": 2009,
      "Title": "Desperate Escape",
      "Role": "Melissa",
      "Notes": "Television Film"
    }
  ]
}