{
  "table_title": "Actor's Television Roles by Year",
  "columns": [
    {
      "column_name": "Year",
      "data_type": "integer | string",
      "description": "The year or range of years the actor participated in the television show."
    },
    {
      "column_name": "Title",
      "data_type": "string",
      "description": "The title of the television show in which the actor appeared."
    },
    {
      "column_name": "Role",
      "data_type": "string",
      "description": "The name of the character the actor portrayed in the television show."
    },
    {
      "column_name": "Notes",
      "data_type": "string",
      "description": "Additional details about the actor's participation in the television show, such as the number of episodes or specific episode details."
    }
  ],
  "first 5 rows": [
    {
      "Year": 2005,
      "Title": "Miracle's Boys",
      "Role": "A.J.",
      "Notes": "3 episodes"
    },
    {
      "Year": "2006–08",
      "Title": "The Wire",
      "Role": "Michael Lee",
      "Notes": "22 episodes"
    },
    {
      "Year": 2007,
      "Title": "Cold Case",
      "Role": "Skill Jones (2002)",
      "Notes": "Episode: \"8:03 AM\""
    },
    {
      "Year": 2008,
      "Title": "Law & Order",
      "Role": "Will Manning",
      "Notes": "Episode: \"Driven\""
    },
    {
      "Year": "2008–13",
      "Title": 90210,
      "Role": "Dixon Wilson",
      "Notes": "One hundred eleven episodes"
    }
  ]
}