{
  "table_title": "Actor's Television Roles",
  "columns": [
    {
      "column_name": "Year",
      "data_type": "integer",
      "description": "The year the episode aired."
    },
    {
      "column_name": "Title",
      "data_type": "string",
      "description": "The title of the television show."
    },
    {
      "column_name": "Role",
      "data_type": "string",
      "description": "The role the actor played in the episode."
    },
    {
      "column_name": "Notes",
      "data_type": "string",
      "description": "Additional information about the episode, including series and episode number."
    }
  ],
  "first 5 rows": [
    {
      "Year": 2007,
      "Title": "casualty",
      "Role": "Private Haydon",
      "Notes": "Series 22, episode 6: \"Core Values\""
    },
    {
      "Year": 2009,
      "Title": "Skins",
      "Role": "Mike",
      "Notes": "Season 3, Episode 5"
    },
    {
      "Year": 2012,
      "Title": "Switch",
      "Role": "Miles",
      "Notes": "Series 1, Episode 1"
    },
    {
      "Year": 2012,
      "Title": "Casualty",
      "Role": "Ben Shears",
      "Notes": "Series 26, Episode 32: \"Desperate Remedies\""
    },
    {
      "Year": 2013,
      "Title": "WPC 56",
      "Role": "Bill Pearson",
      "Notes": "4 Episodes"
    }
  ]
}