{
  "table_title": "Music Album Information",
  "columns": [
    {
      "column_name": "Title",
      "data_type": "string",
      "description": "The title of the music album."
    },
    {
      "column_name": "Serial #",
      "data_type": "string",
      "description": "The unique identifier or serial number of the music album."
    },
    {
      "column_name": "Composer",
      "data_type": "string",
      "description": "The name of the composer or group who created the music album."
    },
    {
      "column_name": "Year Released",
      "data_type": "integer",
      "description": "The year the music album was officially released."
    },
    {
      "column_name": "Label",
      "data_type": "string",
      "description": "The name of the record label that published the music album."
    }
  ],
  "first 5 rows": [
    {
      "Title": "Sloe Gin",
      "Serial #": "J-102",
      "Composer": "Jordan Brothers",
      "Year Released": 1963,
      "Label": "Jordan"
    },
    {
      "Title": "Basin Street Rumble",
      "Serial #": "J-103",
      "Composer": "Jordan Brothers",
      "Year Released": 1963,
      "Label": "Jordan"
    },
    {
      "Title": "Revenge",
      "Serial #": "474 RB 307",
      "Composer": "Frank & Lew Jordan",
      "Year Released": 1964,
      "Label": "Ruby"
    },
    {
      "Title": "Lovers Never Say Goodbye",
      "Serial #": "474 RB 308",
      "Composer": "Wilson - Johnson",
      "Year Released": 1964,
      "Label": "Ruby"
    },
    {
      "Title": "Ya Ya",
      "Serial #": "474 RB 406",
      "Composer": "Dorsey-Robinson",
      "Year Released": 1964,
      "Label": "Ruby"
    }
  ]
}