{
  "table_title": "DVD Season Release Information",
  "columns": [
    {
      "column_name": "DVD name",
      "data_type": "string",
      "description": "This column contains the names of the DVD sets, typically indicating the season of the show they contain."
    },
    {
      "column_name": "Ep #",
      "data_type": "integer",
      "description": "This column indicates the number of episodes included in the corresponding DVD set."
    },
    {
      "column_name": "Release date",
      "data_type": "string",
      "description": "This column displays the release date of the DVD set in a Month Day, Year format."
    }
  ],
  "first 5 rows": [
    {
      "DVD name": "The Complete First Season",
      "Ep #": 39,
      "Release date": "November 22, 2005"
    },
    {
      "DVD name": "The Complete Second Season",
      "Ep #": 39,
      "Release date": "May 2, 2006"
    },
    {
      "DVD name": 3,
      "Ep #": 38,
      "Release date": "June 15, 2010"
    },
    {
      "DVD name": 4,
      "Ep #": 40,
      "Release date": "September 14, 2010"
    },
    {
      "DVD name": 5,
      "Ep #": 39,
      "Release date": "December 14, 2010"
    }
  ]
}