{
  "table_title": "Acting Roles by Year",
  "columns": [
    {
      "column_name": "Year",
      "data_type": "integer | string",
      "description": "The year or range of years when the role was performed."
    },
    {
      "column_name": "Title",
      "data_type": "string",
      "description": "The title of the show or series where the role was performed."
    },
    {
      "column_name": "Role",
      "data_type": "string",
      "description": "The specific role played by the actor in the show or series."
    },
    {
      "column_name": "Notes",
      "data_type": "string",
      "description": "Additional information about the role, such as the episode name or the number of episodes in which the role was played."
    }
  ],
  "first 5 rows": [
    {
      "Year": 2009,
      "Title": "The Battery's Down",
      "Role": "Bat mitzvah riffer",
      "Notes": "Episode: \"Bad Bad News\""
    },
    {
      "Year": "2010-2013",
      "Title": "Victorious",
      "Role": "Cat Valentine",
      "Notes": "Main role (56 Episodes)"
    },
    {
      "Year": 2011,
      "Title": "iCarly",
      "Role": "Cat valentine",
      "Notes": "Episode: \"iParty with victorious\""
    },
    {
      "Year": "2011-2013",
      "Title": "Winx Club",
      "Role": "Princess Diaspro (voice)",
      "Notes": "Recurring Role (specials, Seasons 3 & 5)"
    },
    {
      "Year": 2013,
      "Title": "Swindle",
      "Role": "Amanda Benson",
      "Notes": "Television Film"
    }
  ]
}