{
  "table_title": "Music Awards Nominations",
  "columns": [
    {
      "column_name": "Year",
      "data_type": "integer",
      "description": "The year the award was nominated."
    },
    {
      "column_name": "Award",
      "data_type": "string",
      "description": "The name of the award event."
    },
    {
      "column_name": "Category",
      "data_type": "string",
      "description": "The category of the award for which the nomination was made."
    },
    {
      "column_name": "Work",
      "data_type": "string",
      "description": "The specific work or artist that was nominated for the award."
    },
    {
      "column_name": "Result",
      "data_type": "string",
      "description": "The result of the nomination, whether it was won or not."
    }
  ],
  "first 5 rows": [
    {
      "Year": 2017,
      "Award": "2017 BET Hip Hop Awards",
      "Category": "Best New hip hop artist",
      "Work": "Himself",
      "Result": "Nominated"
    },
    {
      "Year": 2017,
      "Award": "2017 BET Hip Hop Awards",
      "Category": "Best Mixtape",
      "Work": "My Moment",
      "Result": "nominated"
    },
    {
      "Year": 2018,
      "Award": "MTV Video Music Awards",
      "Category": "Push Artist of the Year",
      "Work": "Himself",
      "Result": "Nominated"
    },
    {
      "Year": 2017,
      "Award": "2017 BET Hip Hop Awards",
      "Category": "Best New Hip Hop Artist",
      "Work": "Himself",
      "Result": "Nominated"
    },
    {
      "Year": 2017,
      "Award": "2017 BET Hip Hop Awards",
      "Category": "Best Mixtape",
      "Work": "My Moment",
      "Result": "Won"
    }
  ]
}