{
  "table_title": "German Athletics Performance History",
  "columns": [
    {
      "column_name": "Year",
      "data_type": "integer | string",
      "description": "The year in which the athletics event took place. Can also contain string indicating the country the athlete represents."
    },
    {
      "column_name": "Competition",
      "data_type": "string",
      "description": "The name of the athletics competition the athlete participated in."
    },
    {
      "column_name": "Venue",
      "data_type": "string",
      "description": "The location or city where the athletics competition was held."
    },
    {
      "column_name": "Position",
      "data_type": "string",
      "description": "The position or rank the athlete achieved in the competition."
    },
    {
      "column_name": "Event",
      "data_type": "string",
      "description": "The specific athletic event in which the athlete competed."
    },
    {
      "column_name": "Notes",
      "data_type": "float | string",
      "description": "Additional information about the athlete's performance, such as time taken to complete an event. Can also contain string indicating the country the athlete represents."
    }
  ],
  "first 5 rows": [
    {
      "Year": "representing germany",
      "Competition": "Representing Germany",
      "Venue": "Representing Germany",
      "Position": "Representing Germany",
      "Event": "Representing Germany",
      "Notes": "Representing Germany"
    },
    {
      "Year": 1992,
      "Competition": "World Junior Championships",
      "Venue": "Seoul, South Korea",
      "Position": "10th (semis)",
      "Event": "100 m",
      "Notes": "11.83 seconds"
    },
    {
      "Year": 1993,
      "Competition": "European Junior Championships",
      "Venue": "San Sebastián, Spain",
      "Position": "7th",
      "Event": "100 meters",
      "Notes": 11.74
    },
    {
      "Year": 1993,
      "Competition": "European Junior Championships",
      "Venue": "San Sebastián, Spain",
      "Position": "3rd",
      "Event": "4×100 m relay",
      "Notes": 44.6
    },
    {
      "Year": 1994,
      "Competition": "World Junior Championships",
      "Venue": "Lisbon, Portugal",
      "Position": "12th (semis)",
      "Event": "100 m",
      "Notes": "11.66 (wind: +1.3 m/s)"
    }
  ]
}