{
  "table_title": "Performance Record of Great Britain and England in Various Competitions",
  "columns": [
    {
      "column_name": "Year",
      "data_type": "integer | string",
      "description": "The year the competition took place. Can also contain strings for special rows."
    },
    {
      "column_name": "Competition",
      "data_type": "string",
      "description": "The name of the competition or event."
    },
    {
      "column_name": "Venue",
      "data_type": "string",
      "description": "The location where the competition was held."
    },
    {
      "column_name": "Position",
      "data_type": "string",
      "description": "The final position or rank achieved in the competition."
    },
    {
      "column_name": "Notes",
      "data_type": "string",
      "description": "Additional information or remarks about the performance, such as measurements in athletic events."
    }
  ],
  "first 5 rows": [
    {
      "Year": "Representing Great Britain and England",
      "Competition": "Representing Great Britain and England",
      "Venue": "Representing Great Britain and England",
      "Position": "Representing Great Britain and England",
      "Notes": "Representing Great Britain and England"
    },
    {
      "Year": 2008,
      "Competition": "Commonwealth Youth Games",
      "Venue": "Pune, India",
      "Position": "4th",
      "Notes": "2.06 meters"
    },
    {
      "Year": 2013,
      "Competition": "European U23 Championships",
      "Venue": "Tampere, Finland",
      "Position": "7th",
      "Notes": "2.21 m"
    },
    {
      "Year": 2014,
      "Competition": "European Team Championships",
      "Venue": "Braunschweig, Germany",
      "Position": "5th",
      "Notes": "2.19 m"
    },
    {
      "Year": 2014,
      "Competition": "Commonwealth Games",
      "Venue": "Glasgow, United Kingdom",
      "Position": "Fourth",
      "Notes": "2.25 m"
    }
  ]
}