{
  "table_title": "Entertainment Awards Nominations and Results",
  "columns": [
    {
      "column_name": "Year",
      "data_type": "integer",
      "description": "The year in which the nomination or award occurred."
    },
    {
      "column_name": "Association",
      "data_type": "string",
      "description": "The name of the association or organization that held the awards event."
    },
    {
      "column_name": "Category",
      "data_type": "string",
      "description": "The specific category of the award or nomination."
    },
    {
      "column_name": "Nominated work",
      "data_type": "string",
      "description": "The title of the work (e.g., film, series, performance) that was nominated or won the award."
    },
    {
      "column_name": "Result",
      "data_type": "string",
      "description": "The outcome of the nomination, indicating whether the work won or was merely nominated."
    }
  ],
  "first 5 rows": [
    {
      "Year": 2013,
      "Association": "African Entertainment Awards",
      "Category": "best african actor",
      "Nominated work": "Self",
      "Result": "Won"
    },
    {
      "Year": 2014,
      "Association": "Los Angeles Web Series Festival",
      "Category": "Outstanding Drama Series",
      "Nominated work": "Teenagers",
      "Result": "WON"
    },
    {
      "Year": 2016,
      "Association": "Canadian Screen Awards",
      "Category": "Best Performance in a Program or Series Produced for Digital Media",
      "Nominated work": "Teenagers",
      "Result": "Nominated"
    },
    {
      "Year": 2017,
      "Association": "Intl. Academy of Web Television",
      "Category": "Best Male Performance – Drama",
      "Nominated work": "Teenagers",
      "Result": "Nominated"
    },
    {
      "Year": 2013,
      "Association": "African Entertainment Awards",
      "Category": "Best African Actor",
      "Nominated work": "Self",
      "Result": "Won"
    }
  ]
}