{
  "table_title": "Actor's Television Roles and Appearances",
  "columns": [
    {
      "column_name": "Year",
      "data_type": "integer | string",
      "description": "The year or range of years when the actor appeared in the television show."
    },
    {
      "column_name": "Title",
      "data_type": "string",
      "description": "The title of the television show where the actor appeared."
    },
    {
      "column_name": "Role",
      "data_type": "string",
      "description": "The specific role or character that the actor played in the television show."
    },
    {
      "column_name": "Notes",
      "data_type": "string",
      "description": "Additional information about the actor's appearance in the show, typically the number of episodes they appeared in."
    }
  ],
  "first 5 rows": [
    {
      "Year": "2004-2005",
      "Title": "Shameless",
      "Role": "Donny Maguire",
      "Notes": "2 episodes"
    },
    {
      "Year": "2005–2006",
      "Title": "HOLLYOAKS",
      "Role": "Andy Holt",
      "Notes": "20 epis."
    },
    {
      "Year": 2006,
      "Title": "Jane Hall",
      "Role": "Policeman 2",
      "Notes": "2 episode"
    },
    {
      "Year": "2007–2009",
      "Title": "Grownups",
      "Role": "Alex",
      "Notes": "12 episodes"
    },
    {
      "Year": 2007,
      "Title": "Casualty",
      "Role": "John Fullman",
      "Notes": "Ep: \"The Line of Fire\""
    }
  ]
}