{
  "table_title": "Sierra Leone Presidential Election Results",
  "columns": [
    {
      "column_name": "Candidate",
      "data_type": "string",
      "description": "The name of the candidate running in the election."
    },
    {
      "column_name": "Party",
      "data_type": "string",
      "description": "The political party to which the candidate belongs."
    },
    {
      "column_name": "Votes",
      "data_type": "string",
      "description": "The total number of votes received by the candidate."
    },
    {
      "column_name": "%",
      "data_type": "float | integer | string",
      "description": "The percentage of total votes received by the candidate."
    }
  ],
  "first 5 rows": [
    {
      "Candidate": "Ernest Bai Koroma",
      "Party": "All People's Congress",
      "Votes": 1314881,
      "%": 58.7
    },
    {
      "Candidate": "Julius Maada Bio",
      "Party": "Sierra Leone People's Party",
      "Votes": 837517,
      "%": 37.4
    },
    {
      "Candidate": "Charles Margai",
      "Party": "People's Movement for Democratic Change",
      "Votes": 28944,
      "%": 1.3
    },
    {
      "Candidate": "Joshua Albert Carew",
      "Party": "Citizens Democratic Party",
      "Votes": 22863,
      "%": 1
    },
    {
      "Candidate": "Eldred Collins",
      "Party": "Revolutionary United Front",
      "Votes": 12993,
      "%": 0.6
    }
  ]
}