{
  "table_title": "Laurence Olivier Award Nominations and Results",
  "columns": [
    {
      "column_name": "Year",
      "data_type": "integer",
      "description": "The year in which the award was given or the nominee was nominated."
    },
    {
      "column_name": "Award",
      "data_type": "string",
      "description": "The name of the award for which the nominee was nominated."
    },
    {
      "column_name": "Category",
      "data_type": "string",
      "description": "The specific category of the award for which the nominee was nominated."
    },
    {
      "column_name": "Nominee",
      "data_type": "string",
      "description": "The name of the individual or group that was nominated for the award."
    },
    {
      "column_name": "Result",
      "data_type": "string",
      "description": "The outcome of the nomination - whether the nominee won or was simply nominated."
    }
  ],
  "first 5 rows": [
    {
      "Year": 2013,
      "Award": "Laurence Olivier Award",
      "Category": "Best Musical Revival",
      "Nominee": "Best Musical revival",
      "Result": "Nominated"
    },
    {
      "Year": 2013,
      "Award": "Olivier Award",
      "Category": "Best Performance in a Supporting Role in a Musical",
      "Nominee": "Leigh Zimmerman",
      "Result": "won"
    },
    {
      "Year": 2013,
      "Award": "Laurence Olivier Award",
      "Category": "Best Musical Revival",
      "Nominee": "Best Musical Revival",
      "Result": "Nominated",
      "Anomaly": "None"
    },
    {
      "Year": 2013,
      "Award": "Laurence Olivier Award",
      "Category": "Best Performance in a Supporting Role in a Musical",
      "Nominee": "Leigh Zimmerman",
      "Result": "Won",
      "Anomaly": "None"
    },
    {
      "Year": 2025,
      "Award": "Laurence Olivier Award",
      "Category": "Best New Play",
      "Nominee": "A Future Play",
      "Result": "Nominated",
      "Anomaly": "None"
    }
  ]
}