{
  "table_title": "Filmography and Appearances",
  "columns": [
    {
      "column_name": "Year",
      "data_type": "integer",
      "description": "The year of the film or event where the appearance was made."
    },
    {
      "column_name": "Film",
      "data_type": "string",
      "description": "The title of the film or event in which the appearance occurred."
    },
    {
      "column_name": "Role",
      "data_type": "string",
      "description": "The role played or part taken in the film or event, often referring to the character or persona."
    },
    {
      "column_name": "Notes",
      "data_type": "string",
      "description": "Additional information about the role or appearance, such as the status or position in a competition."
    }
  ],
  "first 5 rows": [
    {
      "Year": 2009,
      "Film": "america's next top model (Cycle 12)",
      "Role": "Herself",
      "Notes": "Contestant"
    },
    {
      "Year": 2011,
      "Film": "America's Next Top Model (cycle 17)",
      "Role": "herself",
      "Notes": "Contestant"
    },
    {
      "Year": 2012,
      "Film": "Philippine fashion week",
      "Role": "Herself",
      "Notes": "Model"
    },
    {
      "Year": 2012,
      "Film": "Bench Universe: The 2012 Denim & Underwear Show",
      "Role": "Herself",
      "Notes": "model"
    },
    {
      "Year": 2012,
      "Film": "I Am Meg: Own the World in Style",
      "Role": "Herself",
      "Notes": "judge"
    }
  ]
}