{
  "table_title": "Football Club Seasonal Goal Statistics",
  "columns": [
    {
      "column_name": "Club",
      "data_type": "string",
      "description": "The name of the football club."
    },
    {
      "column_name": "Season",
      "data_type": "string",
      "description": "The specific season or year range during which the football club competed."
    },
    {
      "column_name": "Division",
      "data_type": "string",
      "description": "The division or level of competition in which the football club participated during the specified season."
    },
    {
      "column_name": "League",
      "data_type": "integer | string",
      "description": "The total number of goals scored by the football club in league matches during the specified season."
    },
    {
      "column_name": "FA Cup",
      "data_type": "integer | string",
      "description": "The total number of goals scored by the football club in FA Cup matches during the specified season."
    },
    {
      "column_name": "Other",
      "data_type": "integer | string",
      "description": "The total number of goals scored by the football club in other competitions during the specified season."
    },
    {
      "column_name": "Total",
      "data_type": "integer | string",
      "description": "The total number of goals scored by the football club across all competitions during the specified season."
    }
  ],
  "first 5 rows": [
    {
      "Club": "Club",
      "Season": "Season",
      "Division": "Division",
      "League": "Goals",
      "FA Cup": "Goals",
      "Other": "Goals",
      "Total": "Goals"
    },
    {
      "Club": "Burslem Port Vale",
      "Season": "1882–83",
      "Division": "–",
      "League": 0,
      "FA Cup": 0,
      "Other": 1,
      "Total": 1
    },
    {
      "Club": "Burslem Port Vale",
      "Season": "1883–84",
      "Division": "–",
      "League": 0,
      "FA Cup": 0,
      "Other": 12,
      "Total": 12
    },
    {
      "Club": "Burslem Port Vale",
      "Season": "1884–85",
      "Division": "–",
      "League": 0,
      "FA Cup": 0,
      "Other": 21,
      "Total": 21
    },
    {
      "Club": "Burslem Port Vale",
      "Season": "1885–86",
      "Division": "–",
      "League": 0,
      "FA Cup": 4,
      "Other": 18,
      "Total": 22
    }
  ]
}