{
  "table_title": "Football Club Season Performance",
  "columns": [
    {
      "column_name": "Club",
      "data_type": "string",
      "description": "This column represents the name of the football club."
    },
    {
      "column_name": "Season",
      "data_type": "string",
      "description": "This column indicates the season during which the games were played."
    },
    {
      "column_name": "League",
      "data_type": "integer | string",
      "description": "This column reflects the number of goals scored by the club in league matches during the specified season."
    },
    {
      "column_name": "FA Cup",
      "data_type": "integer | string",
      "description": "This column shows the number of goals scored by the club in FA Cup matches during the specified season."
    },
    {
      "column_name": "Total",
      "data_type": "integer | string",
      "description": "This column provides the total number of goals scored by the club in both league and FA Cup matches during the specified season."
    }
  ],
  "first 5 rows": [
    {
      "Club": "Club",
      "Season": "Season",
      "League": "Goals",
      "FA Cup": "Goals",
      "Total": "Goals"
    },
    {
      "Club": "Stoke",
      "Season": "1912–13",
      "League": 0,
      "FA Cup": 0,
      "Total": 0
    },
    {
      "Club": "Stoke",
      "Season": "1913–14",
      "League": 0,
      "FA Cup": 0,
      "Total": 0
    },
    {
      "Club": "Stoke",
      "Season": "1914–15",
      "League": 0,
      "FA Cup": 0,
      "Total": 0
    },
    {
      "Club": "Stoke",
      "Season": "1919–20",
      "League": 0,
      "FA Cup": 0,
      "Total": 0
    }
  ]
}