{
  "table_title": "Election Results Summary",
  "columns": [
    {
      "column_name": "Party",
      "data_type": "string",
      "description": "The name of the political party."
    },
    {
      "column_name": "Votes",
      "data_type": "string",
      "description": "The total number of votes received by the party in string format."
    },
    {
      "column_name": "%",
      "data_type": "float | integer | string",
      "description": "The percentage of total votes received by the party."
    },
    {
      "column_name": "Seats",
      "data_type": "integer | string",
      "description": "The total number of seats won by the party in the election."
    },
    {
      "column_name": "+/−",
      "data_type": "integer | string",
      "description": "The net change in the number of seats compared to the previous election."
    }
  ],
  "first 5 rows": [
    {
      "Party": "National Liberal Party",
      "Votes": 1678000,
      "%": 22.3,
      "Seats": 99,
      "+/–": 48
    },
    {
      "Party": "Centre Party",
      "Votes": 1516200,
      "%": 20.1,
      "Seats": 98,
      "+/–": -1
    },
    {
      "Party": "German Conservative Party",
      "Votes": 1147200,
      "%": 15.2,
      "Seats": 80,
      "+/–": 2
    },
    {
      "Party": "German Free-minded Party",
      "Votes": 973100,
      "%": 12.9,
      "Seats": 32,
      "+/–": -35
    },
    {
      "Party": "Social Democratic Party",
      "Votes": 763100,
      "%": 10.1,
      "Seats": 11,
      "+/–": -13
    }
  ]
}