{
  "table_title": "Football Club Season Goal Statistics",
  "columns": [
    {
      "column_name": "Club",
      "data_type": "string",
      "description": "The name of the football club."
    },
    {
      "column_name": "Season",
      "data_type": "string",
      "description": "The season during which the goals were scored."
    },
    {
      "column_name": "League",
      "data_type": "integer | string",
      "description": "The number of goals scored by the club in league matches during the specified season."
    },
    {
      "column_name": "Cup",
      "data_type": "integer | string",
      "description": "The number of goals scored by the club in cup matches during the specified season."
    },
    {
      "column_name": "Other",
      "data_type": "integer | string",
      "description": "The number of goals scored by the club in other types of matches during the specified season."
    },
    {
      "column_name": "Total",
      "data_type": "integer | string",
      "description": "The total number of goals scored by the club during the specified season."
    }
  ],
  "first 5 rows": [
    {
      "Club": "Club",
      "Season": "Season",
      "League": "Goals",
      "Cup": "Goals",
      "Other": "Goals",
      "Total": "Goals"
    },
    {
      "Club": "Lleida Esportiu",
      "Season": "2011–12",
      "League": 1,
      "Cup": 1,
      "Other": 0,
      "Total": 2
    },
    {
      "Club": "Lleida Esportiu",
      "Season": "2012–13",
      "League": 4,
      "Cup": 0,
      "Other": 0,
      "Total": 4
    },
    {
      "Club": "Lleida Esportiu",
      "Season": "2013–14",
      "League": 5,
      "Cup": 1,
      "Other": 0,
      "Total": 7
    },
    {
      "Club": "Lleida Esportiu",
      "Season": "Total",
      "League": 10,
      "Cup": 2,
      "Other": 0,
      "Total": 13
    }
  ]
}