{
  "table_title": "Theater Production Roles by Year",
  "columns": [
    {
      "column_name": "Year",
      "data_type": "integer | string",
      "description": "The year the role was performed, represented as either an integer or a string."
    },
    {
      "column_name": "Production",
      "data_type": "string",
      "description": "The name of the theater production."
    },
    {
      "column_name": "Location",
      "data_type": "string",
      "description": "The city where the theater production was performed."
    },
    {
      "column_name": "Role",
      "data_type": "string",
      "description": "The specific role the individual performed in the production."
    }
  ],
  "first 5 rows": [
    {
      "Year": 2008,
      "Production": "Wicked",
      "Location": "Melbourne",
      "Role": "Elphaba Standby"
    },
    {
      "Year": 2009,
      "Production": "Wicked",
      "Location": "SYD",
      "Role": "Elphaba standby"
    },
    {
      "Year": 2010,
      "Production": "Wicked",
      "Location": "Sydney",
      "Role": "Elphaba"
    },
    {
      "Year": 2011,
      "Production": "Wicked",
      "Location": "Australian Tour (Brisbane, Adelaide & Perth)",
      "Role": "elphaba"
    },
    {
      "Year": 2012,
      "Production": "Wicked",
      "Location": "Singapore and South Korea (Seoul)",
      "Role": "Elphaba"
    }
  ]
}