{
  "table_title": "Golf Tournament Leaderboard",
  "columns": [
    {
      "column_name": "Place",
      "data_type": "integer | string",
      "description": "The ranking position of the player in the tournament, which can be a tie (T) followed by a number."
    },
    {
      "column_name": "Player",
      "data_type": "string",
      "description": "The name of the professional golfer participating in the tournament."
    },
    {
      "column_name": "Country",
      "data_type": "string",
      "description": "The country that the player represents."
    },
    {
      "column_name": "Score",
      "data_type": "string",
      "description": "The player's score for each round and total score in the tournament, represented as 'round1-round2=total'."
    },
    {
      "column_name": "To par",
      "data_type": "string",
      "description": "The player's total score relative to the par score of the golf course, with a negative value indicating under par."
    }
  ],
  "first 5 rows": [
    {
      "Place": "T1",
      "Player": "Jack Nicklaus",
      "Country": "United States",
      "Score": "67-71=138",
      "To par": -6
    },
    {
      "Place": "T1",
      "Player": "Arnold Palmer",
      "Country": "United States",
      "Score": "70-68=138",
      "To par": -6
    },
    {
      "Place": "T1",
      "Player": "Gary Player",
      "Country": "South Africa",
      "Score": "65-73=138",
      "To par": -6
    },
    {
      "Place": 4,
      "Player": "Dan Sikes",
      "Country": "United States",
      "Score": "67-72=139",
      "To par": -5
    },
    {
      "Place": 5,
      "Player": "Tony Lema",
      "Country": "United States",
      "Score": "67-73=141",
      "To par": -4
    }
  ]
}