{
  "table_title": "Ukraine Athletics Performance Records",
  "columns": [
    {
      "column_name": "Year",
      "data_type": "integer | string",
      "description": "The year in which the competition took place, represented as an integer. May also contain text in special cases."
    },
    {
      "column_name": "Competition",
      "data_type": "string",
      "description": "The name of the athletic competition or event."
    },
    {
      "column_name": "Venue",
      "data_type": "string",
      "description": "The location where the competition was held."
    },
    {
      "column_name": "Position",
      "data_type": "string",
      "description": "The final position or rank achieved in the competition, represented as a string."
    },
    {
      "column_name": "Event",
      "data_type": "string",
      "description": "The specific event within the competition (e.g., '400m hurdles', '4x100m relay')."
    },
    {
      "column_name": "Notes",
      "data_type": "float | string",
      "description": "Additional information about the performance, typically the time or score, represented as a floating point number. May also contain text in special cases."
    }
  ],
  "first 5 rows": [
    {
      "Year": "Representing Ukraine",
      "Competition": "Representing Ukraine",
      "Venue": "Representing Ukraine",
      "Position": "Representing Ukraine",
      "Event": "Representing Ukraine",
      "Notes": "Representing Ukraine"
    },
    {
      "Year": 2007,
      "Competition": "European Junior Championships",
      "Venue": "Hengelo, Netherlands",
      "Position": "2nd",
      "Event": "4 × 100 m relay",
      "Notes": 44.77
    },
    {
      "Year": 2008,
      "Competition": "World Junior Championships",
      "Venue": "Bydgoszcz, Poland",
      "Position": "6th",
      "Event": "400m hurdles",
      "Notes": 58.43
    },
    {
      "Year": 2008,
      "Competition": "World Junior Championships",
      "Venue": "Bydgoszcz, Poland",
      "Position": "2nd",
      "Event": "4 × 400 m relay",
      "Notes": "3:34:20 (NJ)"
    },
    {
      "Year": 2009,
      "Competition": "European U23 Championships",
      "Venue": "kaunas, Lithuania",
      "Position": "8th",
      "Event": "400 m hurdles",
      "Notes": 57.26
    }
  ]
}