{
  "table_title": "Filmography Details",
  "columns": [
    {
      "column_name": "Year",
      "data_type": "integer",
      "description": "This column represents the year in which the film was released."
    },
    {
      "column_name": "Title",
      "data_type": "string",
      "description": "This column contains the title of the film."
    },
    {
      "column_name": "Role",
      "data_type": "string",
      "description": "This column indicates the role played by the actor/actress in the film."
    }
  ],
  "first 5 rows": [
    {
      "Year": 1950,
      "Title": "My Blue Heaven",
      "Role": "Gloria Adams"
    },
    {
      "Year": 1951,
      "Title": "TAKE CARE OF MY LITTLE GIRL",
      "Role": "Adelaide Swanson"
    },
    {
      "Year": 1951,
      "Title": "Golden Girl",
      "Role": "Lotta Crabtree"
    },
    {
      "Year": 1952,
      "Title": "We're Not Married!",
      "Role": "Patricia 'Patsy' Reynolds Fisher"
    },
    {
      "Year": 1952,
      "Title": "Bloodhounds of Broadway",
      "Role": "EMILY ANN STACKERLEE"
    }
  ]
}