{
  "table_title": "Awards and Nominations in 2003",
  "columns": [
    {
      "column_name": "Year",
      "data_type": "integer",
      "description": "The year in which the award ceremony took place."
    },
    {
      "column_name": "Award Ceremony",
      "data_type": "string",
      "description": "The name of the award ceremony."
    },
    {
      "column_name": "Category",
      "data_type": "string",
      "description": "The specific category within the award ceremony for which the nominee was considered."
    },
    {
      "column_name": "Nominee",
      "data_type": "string",
      "description": "The name of the individual or the title of the show that was nominated for the award."
    },
    {
      "column_name": "Result",
      "data_type": "string",
      "description": "The result of the nomination, indicating whether the nominee won or lost."
    }
  ],
  "first 5 rows": [
    {
      "Year": 2003,
      "Award Ceremony": "Evening Standard Award",
      "Category": "BEST MUSICAL",
      "Nominee": "Best Musical",
      "Result": "Won"
    },
    {
      "Year": 2003,
      "Award Ceremony": "Nowt2Do.Com Award",
      "Category": "Best London Show",
      "Nominee": "Best London Show",
      "Result": "Won"
    },
    {
      "Year": 2003,
      "Award Ceremony": "Nowt2Do.Com Award",
      "Category": "Best Actor in a Musical",
      "Nominee": "David Bedella",
      "Result": "Won"
    },
    {
      "Year": 2003,
      "Award Ceremony": "Nowt2Do.Com Award",
      "Category": "Best Actor in a Musical",
      "Nominee": "Wills Morgan",
      "Result": "Nominated"
    },
    {
      "Year": 2003,
      "Award Ceremony": "Nowt2Do.Com Award",
      "Category": "Best Actress in a Musical",
      "Nominee": "Alison Jiear",
      "Result": "won"
    }
  ]
}