{
  "table_title": "TV Channel Specifications and Programming",
  "columns": [
    {
      "column_name": "Channel",
      "data_type": "float",
      "description": "The frequency channel number on which the television station broadcasts."
    },
    {
      "column_name": "Video",
      "data_type": "string",
      "description": "The resolution quality of the video broadcasted by the television station."
    },
    {
      "column_name": "Aspect",
      "data_type": "string",
      "description": "The aspect ratio of the video broadcasted by the television station."
    },
    {
      "column_name": "PSIP Short Name",
      "data_type": "string",
      "description": "The short name of the television station as displayed on the Program and System Information Protocol (PSIP)."
    },
    {
      "column_name": "Programming",
      "data_type": "string",
      "description": "The type of programming or network affiliation of the television station."
    }
  ],
  "first 5 rows": [
    {
      "Channel": 12.1,
      "Video": "1080i",
      "Aspect": "16:9",
      "PSIP Short Name": "WPRI-HD",
      "Programming": "Main WPRI-TV programming / CBS"
    },
    {
      "Channel": 12.2,
      "Video": "720P",
      "Aspect": "16:9",
      "PSIP Short Name": "MYRI",
      "Programming": "MyRITV / MyNetworkTV"
    },
    {
      "Channel": 12.3,
      "Video": "480i",
      "Aspect": "4:3",
      "PSIP Short Name": "Bounce",
      "Programming": "Bounce TV"
    },
    {
      "Channel": 12.4,
      "Video": "480I",
      "Aspect": "4:3",
      "PSIP Short Name": "Get TV",
      "Programming": "GetTV"
    },
    {
      "Channel": 12.1,
      "Video": "1080p",
      "Aspect": "16:9",
      "PSIP Short Name": "WPRI-HD",
      "Programming": "Main WPRI-TV programming / CBS"
    }
  ]
}