{
  "table_title": "Baseball Player Performance Statistics",
  "columns": [
    {
      "column_name": "Player",
      "data_type": "string",
      "description": "The name of the baseball player."
    },
    {
      "column_name": "G",
      "data_type": "integer",
      "description": "The number of games the player has participated in."
    },
    {
      "column_name": "IP",
      "data_type": "integer | string",
      "description": "Innings pitched by the player, represented as a combination of whole numbers and fractions."
    },
    {
      "column_name": "W",
      "data_type": "integer",
      "description": "The number of games won by the team when the player was the starting pitcher."
    },
    {
      "column_name": "L",
      "data_type": "integer",
      "description": "The number of games lost by the team when the player was the starting pitcher."
    },
    {
      "column_name": "ERA",
      "data_type": "float",
      "description": "The player's earned run average, which is the mean of earned runs given up by a pitcher per nine innings pitched."
    },
    {
      "column_name": "SO",
      "data_type": "integer",
      "description": "The number of strikeouts the player has achieved."
    }
  ],
  "first 5 rows": [
    {
      "Player": "Cy Young",
      "G": 43,
      "IP": "​343 1⁄3",
      "W": 21,
      "L": 15,
      "ERA": 1.99,
      "SO": 147
    },
    {
      "Player": "George Winter",
      "G": 35,
      "IP": "​256 2⁄3",
      "W": 12,
      "L": 15,
      "ERA": 2.07,
      "SO": 88
    },
    {
      "Player": "Ralph Glaze",
      "G": 32,
      "IP": "​182 1⁄3",
      "W": 9,
      "L": 13,
      "ERA": 2.32,
      "SO": 68
    },
    {
      "Player": "Jesse Tannehill",
      "G": 18,
      "IP": 131,
      "W": 6,
      "L": 7,
      "ERA": 3.47,
      "SO": 29
    },
    {
      "Player": "Cy Morgan",
      "G": 16,
      "IP": "​114 1⁄3",
      "W": 6,
      "L": 6,
      "ERA": -1.97,
      "SO": 50
    }
  ]
}