{
  "table_title": "Music Awards Nominations and Results",
  "columns": [
    {
      "column_name": "Year",
      "data_type": "integer",
      "description": "The year when the award was given or nominated."
    },
    {
      "column_name": "Nominee / work",
      "data_type": "string",
      "description": "The name of the nominee or the work that was nominated for the award."
    },
    {
      "column_name": "Award",
      "data_type": "string",
      "description": "The specific award for which the nominee or work was considered."
    },
    {
      "column_name": "Result",
      "data_type": "string",
      "description": "The outcome for the nominee or work, whether they won the award or were just nominated."
    }
  ],
  "first 5 rows": [
    {
      "Year": 2010,
      "Nominee / work": "Masterpiece",
      "Award": "Most Popular Group",
      "Result": "Won"
    },
    {
      "Year": 2010,
      "Nominee / work": "masterpiece",
      "Award": "Best New Artist",
      "Result": "Won"
    },
    {
      "Year": 2010,
      "Nominee / work": "Masterpiece",
      "Award": "Best Vocal for Duo/Group",
      "Result": "nominated"
    },
    {
      "Year": 2010,
      "Nominee / work": "Merindang Ke Bintang",
      "Award": "Album of the Year",
      "Result": "won"
    },
    {
      "Year": 2010,
      "Nominee / work": "Merindang Ke Bintang",
      "Award": "Best Album Cover",
      "Result": "Won"
    }
  ]
}