{
  "table_title": "Great Britain / England Athletic Competition History",
  "columns": [
    {
      "column_name": "Year",
      "data_type": "integer | string",
      "description": "The year in which the athletic competition took place."
    },
    {
      "column_name": "Competition",
      "data_type": "string",
      "description": "The name of the athletic competition."
    },
    {
      "column_name": "Venue",
      "data_type": "string",
      "description": "The location where the athletic competition was held."
    },
    {
      "column_name": "Position",
      "data_type": "string",
      "description": "The final standing or rank achieved in the competition."
    },
    {
      "column_name": "Event",
      "data_type": "string",
      "description": "The specific athletic event in which the competitor participated."
    },
    {
      "column_name": "Notes",
      "data_type": "string | time",
      "description": "Additional information about the event, such as the competitor's performance time."
    }
  ],
  "first 5 rows": [
    {
      "Year": "Representing Great Britain / England",
      "Competition": "Representing Great Britain / England",
      "Venue": "Representing Great Britain / England",
      "Position": "Representing Great Britain / England",
      "Event": "Representing Great Britain / England",
      "Notes": "Representing Great Britain / England"
    },
    {
      "Year": 1989,
      "Competition": "European Cup",
      "Venue": "Gateshead, UK",
      "Position": "6th",
      "Event": "1500 meters",
      "Notes": "4:09.32"
    },
    {
      "Year": 1990,
      "Competition": "Commonwealth Games",
      "Venue": "Auckland, New Zealand",
      "Position": "3rd",
      "Event": "1500 m",
      "Notes": "4:09.00"
    },
    {
      "Year": 1990,
      "Competition": "European Championships",
      "Venue": "Split, Yugoslavia",
      "Position": "15th (h)",
      "Event": "1500 m",
      "Notes": "4:23.80"
    },
    {
      "Year": 1994,
      "Competition": "European Cross Country Championships",
      "Venue": "Alnwick, United Kingdom",
      "Position": "31st",
      "Event": "4.5 km",
      "Notes": "15:13"
    }
  ]
}