{
  "table_title": "Spain Athletics Performance in International Competitions",
  "columns": [
    {
      "column_name": "Year",
      "data_type": "integer | string",
      "description": "The year in which the competition took place, occasionally represented as a string."
    },
    {
      "column_name": "Competition",
      "data_type": "string",
      "description": "The name of the international athletics competition."
    },
    {
      "column_name": "Venue",
      "data_type": "string",
      "description": "The location or city where the competition was held."
    },
    {
      "column_name": "Position",
      "data_type": "string",
      "description": "The final position or rank achieved by the athlete in the competition, including the stage reached (e.g., heats)."
    },
    {
      "column_name": "Event",
      "data_type": "string",
      "description": "The specific athletics event in which the athlete participated."
    },
    {
      "column_name": "Notes",
      "data_type": "float | string",
      "description": "Additional information about the athlete's performance, often represented as a numerical value (e.g., time, score)."
    }
  ],
  "first 5 rows": [
    {
      "Year": "Representing Spain",
      "Competition": "Representing Spain",
      "Venue": "Representing Spain",
      "Position": "Representing Spain",
      "Event": "Representing Spain",
      "Notes": "Representing Spain"
    },
    {
      "Year": 2010,
      "Competition": "World Junior Championships",
      "Venue": "Moncton, Canada",
      "Position": "21st (h)",
      "Event": "200 m",
      "Notes": 21.51
    },
    {
      "Year": 2011,
      "Competition": "European under 23 Championships",
      "Venue": "Ostrava, Czech Republic",
      "Position": "16th (heat)",
      "Event": "100 m",
      "Notes": 10.74
    },
    {
      "Year": 2012,
      "Competition": "European Championships",
      "Venue": "Helsinki, Finland",
      "Position": "18th (sf)",
      "Event": "200 meters",
      "Notes": 21.35
    },
    {
      "Year": 2012,
      "Competition": "European Championships",
      "Venue": "Helsinki, Finland",
      "Position": "9th (h)",
      "Event": "4 x 100 m relay",
      "Notes": 39.81
    }
  ]
}