{
  "table_title": "Music Awards Results in 2015",
  "columns": [
    {
      "column_name": "Year",
      "data_type": "integer",
      "description": "The year in which the award was given."
    },
    {
      "column_name": "Nominee / work",
      "data_type": "string",
      "description": "The name of the nominee or the work that was nominated for the award."
    },
    {
      "column_name": "Award",
      "data_type": "string",
      "description": "The specific award category for which the nominee or work was nominated."
    },
    {
      "column_name": "Result",
      "data_type": "string",
      "description": "The outcome of the nomination, indicating whether the nominee or work won or lost."
    }
  ],
  "first 5 rows": [
    {
      "Year": 2015,
      "Nominee / work": "Lauren Daigle",
      "Award": "New Artist of the Year",
      "Result": "Won"
    },
    {
      "Year": 2015,
      "Nominee / work": "\"How Can It Be\"",
      "Award": "Pop/Contemporary Song of the Year",
      "Result": "Won"
    },
    {
      "Year": 2015,
      "Nominee / work": "\"How Can It Be\"",
      "Award": "Song of the Year",
      "Result": "Won"
    },
    {
      "Year": 2016,
      "Nominee / work": "Lauren Daigle",
      "Award": "Songwriter of the Year",
      "Result": "Won"
    },
    {
      "Year": 2016,
      "Nominee / work": "Lauren Daigle",
      "Award": "Contemporary Christian Artist of the Year",
      "Result": "Nominated"
    }
  ]
}