{
  "table_title": "Election Results by Party",
  "columns": [
    {
      "column_name": "Party",
      "data_type": "string",
      "description": "The name of the political party."
    },
    {
      "column_name": "Votes",
      "data_type": "string",
      "description": "The number of votes received by the party, represented as a string."
    },
    {
      "column_name": "%",
      "data_type": "float | integer | string",
      "description": "The percentage of total votes received by the party."
    },
    {
      "column_name": "Seats",
      "data_type": "integer | string",
      "description": "The number of seats won by the party in the election."
    },
    {
      "column_name": "+/−",
      "data_type": "integer | string",
      "description": "The net change in the number of seats won by the party compared to the previous election."
    }
  ],
  "first 5 rows": [
    {
      "Party": "Social Democratic Party",
      "Votes": 160377,
      "%": "25.9%",
      "Seats": 45,
      "+/–": -5
    },
    {
      "Party": "Free Democratic Party",
      "Votes": 128163,
      "%": 20.7,
      "Seats": 49,
      "+/–": 1
    },
    {
      "Party": "Swiss Conservative People's Party",
      "Votes": 105018,
      "%": 17,
      "Seats": 43,
      "+/–": 1
    },
    {
      "Party": "Party of Farmers, Traders and Independents",
      "Votes": 91182,
      "%": "14.7 percent",
      "Seats": 22,
      "+/–": 1
    },
    {
      "Party": "Ring of Independents",
      "Votes": 43735,
      "%": 7.1,
      "Seats": 9,
      "+/–": 2
    }
  ]
}