{
  "table_title": "Music Award Nominations in 2014",
  "columns": [
    {
      "column_name": "Year",
      "data_type": "integer",
      "description": "The year of the award ceremony or nomination."
    },
    {
      "column_name": "Awards ceremony",
      "data_type": "string",
      "description": "The name of the awards ceremony where the nomination took place."
    },
    {
      "column_name": "Award description(s)",
      "data_type": "string",
      "description": "The specific category or type of award for which the nomination was received."
    },
    {
      "column_name": "Results",
      "data_type": "string",
      "description": "The outcome of the nomination - whether the nominee was awarded or not."
    }
  ],
  "first 5 rows": [
    {
      "Year": 2014,
      "Awards ceremony": "Channel O Music Video Awards",
      "Award description(s)": "Most Gifted Dance",
      "Results": "nominated"
    },
    {
      "Year": 2014,
      "Awards ceremony": "Nigeria Entertainment Awards",
      "Award description(s)": "Best Music Video of the Year (artist & director)",
      "Results": "Nominated"
    },
    {
      "Year": 2014,
      "Awards ceremony": "African Muzik Magazine Awards",
      "Award description(s)": "Song of the Year",
      "Results": "nominated"
    },
    {
      "Year": 2014,
      "Awards ceremony": "African Muzik Magazine Awards",
      "Award description(s)": "Best Dance in a Video",
      "Results": "Nominated"
    },
    {
      "Year": 2014,
      "Awards ceremony": "MTV Africa Music Awards 2014",
      "Award description(s)": "Song of the Year",
      "Results": "Nominated"
    }
  ]
}