{
  "table_title": "Football Clubs' Seasonal Goal Statistics",
  "columns": [
    {
      "column_name": "Club",
      "data_type": "string",
      "description": "The name of the football club."
    },
    {
      "column_name": "Season",
      "data_type": "string",
      "description": "The specific season during which the club competed."
    },
    {
      "column_name": "Division",
      "data_type": "string",
      "description": "The division in which the club was playing during the specified season."
    },
    {
      "column_name": "League",
      "data_type": "integer | string",
      "description": "The number of goals scored by the club in league matches during the specified season."
    },
    {
      "column_name": "FA Cup",
      "data_type": "integer | string",
      "description": "The number of goals scored by the club in the FA Cup matches during the specified season."
    },
    {
      "column_name": "Other",
      "data_type": "integer | string",
      "description": "The number of goals scored by the club in other competitions during the specified season."
    },
    {
      "column_name": "Total",
      "data_type": "integer | string",
      "description": "The total number of goals scored by the club across all competitions during the specified season."
    }
  ],
  "first 5 rows": [
    {
      "Club": "Club",
      "Season": "Season",
      "Division": "Division",
      "League": "Goals",
      "FA Cup": "Goals",
      "Other": "Goals",
      "Total": "Goals"
    },
    {
      "Club": "Bristol City",
      "Season": "1945–46",
      "Division": "–",
      "League": 0,
      "FA Cup": 1,
      "Other": 0,
      "Total": 1
    },
    {
      "Club": "Newcastle United",
      "Season": "1946–47",
      "Division": "Second Division",
      "League": 19,
      "FA Cup": 3,
      "Other": 0,
      "Total": 22
    },
    {
      "Club": "Newcastle United",
      "Season": "1947–48",
      "Division": "Second Division",
      "League": 3,
      "FA Cup": 0,
      "Other": 0,
      "Total": 3
    },
    {
      "Club": "Newcastle United",
      "Season": "Total",
      "Division": "Total",
      "League": 22,
      "FA Cup": 3,
      "Other": 0,
      "Total": 25
    }
  ]
}