{
  "table_title": "DJ Magazine Awards Nominee Rankings",
  "columns": [
    {
      "column_name": "Year",
      "data_type": "integer",
      "description": "The year the award was given or the nominee was recognized."
    },
    {
      "column_name": "Award",
      "data_type": "string",
      "description": "The name of the award or recognition."
    },
    {
      "column_name": "Nominee",
      "data_type": "string",
      "description": "The individual or group that was nominated for the award."
    },
    {
      "column_name": "Category",
      "data_type": "string",
      "description": "The category of the award or recognition."
    },
    {
      "column_name": "Result",
      "data_type": "integer",
      "description": "The ranking or position the nominee achieved in the category."
    }
  ],
  "first 5 rows": [
    {
      "Year": 2013,
      "Award": "DJ Magazine Awards",
      "Nominee": "Dyro",
      "Category": "Top 100 DJs",
      "Result": 30
    },
    {
      "Year": 2014,
      "Award": "DJ Magazine Awards",
      "Nominee": "Dyro",
      "Category": "Top 100 DJs",
      "Result": 25
    },
    {
      "Year": 2015,
      "Award": "DJ Magazine Awards",
      "Nominee": "Dyro",
      "Category": "Top 100 DJs",
      "Result": 27
    },
    {
      "Year": 2016,
      "Award": "DJ Magazine Awards",
      "Nominee": "Dyro",
      "Category": "Top 100 DJs",
      "Result": 95
    },
    {
      "Year": 2013,
      "Award": "dj magazine awards",
      "Nominee": "Dyro",
      "Category": "Top 100 DJs",
      "Result": 30
    }
  ]
}