{
  "table_title": "Video Games Developed by Arsys Software",
  "columns": [
    {
      "column_name": "Year",
      "data_type": "integer",
      "description": "The year the video game was released."
    },
    {
      "column_name": "Game",
      "data_type": "string",
      "description": "The title of the video game."
    },
    {
      "column_name": "Genre",
      "data_type": "string",
      "description": "The genre of the video game."
    },
    {
      "column_name": "Platform(s)",
      "data_type": "string",
      "description": "The platforms on which the video game is available."
    },
    {
      "column_name": "Developer(s)",
      "data_type": "string",
      "description": "The company or individual(s) who developed the video game."
    }
  ],
  "first 5 rows": [
    {
      "Year": 1986,
      "Game": "Wibarm",
      "Genre": "Role-playing shooter",
      "Platform(s)": "PC-88, PC98, X1, MZ, FM-7, MS-DOS",
      "Developer(s)": "Arsys Software"
    },
    {
      "Year": 1987,
      "Game": "Reviver: The Real-Time Adventure",
      "Genre": "Adventure",
      "Platform(s)": "PC-88, X1, MZ, MSX2",
      "Developer(s)": "Arsys Software"
    },
    {
      "Year": 1988,
      "Game": "Star Cruiser",
      "Genre": "Role-Playing Shooter",
      "Platform(s)": "PC-88, PC-98, X1, Mega Drive",
      "Developer(s)": "Arsys Software"
    },
    {
      "Year": 1989,
      "Game": "After Burner",
      "Genre": "Combat flight simulator",
      "Platform(s)": "Arcade, X68000, FM Towns, MSX",
      "Developer(s)": "Sega AM2"
    },
    {
      "Year": 1990,
      "Game": "Dungeon Master",
      "Genre": "Role-Playing",
      "Platform(s)": "Atari ST, X68000, MSX, FM Towns, PC-9801",
      "Developer(s)": "FTL Games, Victor Interactive Software"
    }
  ]
}