{
  "table_title": "Top Grossing Turkish Films",
  "columns": [
    {
      "column_name": "Rank",
      "data_type": "integer",
      "description": "The ranking of the film based on its gross revenue."
    },
    {
      "column_name": "Title",
      "data_type": "integer | string",
      "description": "The title of the film."
    },
    {
      "column_name": "Studio",
      "data_type": "string",
      "description": "The film studio that produced the film."
    },
    {
      "column_name": "Gross",
      "data_type": "string",
      "description": "The total gross revenue of the film in USD."
    }
  ],
  "first 5 rows": [
    {
      "Rank": 1,
      "Title": "Recep İvedik",
      "Studio": "Özen Film",
      "Gross": "24,632,784 USD"
    },
    {
      "Rank": 2,
      "Title": "A.R.O.G",
      "Studio": "Fida Film",
      "Gross": "$19,736,977"
    },
    {
      "Rank": 3,
      "Title": "Muro: Nalet Olsun İçimdeki İnsan Sevgisine",
      "Studio": "Özen Film",
      "Gross": "11,602,503 USD"
    },
    {
      "Rank": 4,
      "Title": "Osmanlı Cumhuriyeti",
      "Studio": "Avsar Film",
      "Gross": "$7,746,467"
    },
    {
      "Rank": 5,
      "Title": "Mustafa",
      "Studio": "NTV",
      "Gross": "$5,589,390"
    }
  ]
}