{
  "table_title": "Football Club Performance by Season",
  "columns": [
    {
      "column_name": "Club",
      "data_type": "string",
      "description": "The name of the football club."
    },
    {
      "column_name": "Season",
      "data_type": "string",
      "description": "The season during which the club's performance is recorded, typically represented by two years."
    },
    {
      "column_name": "Division",
      "data_type": "string",
      "description": "The division in which the club competed during the specified season."
    },
    {
      "column_name": "League",
      "data_type": "integer | string",
      "description": "The number of goals scored by the club in league matches during the specified season."
    },
    {
      "column_name": "FA Cup",
      "data_type": "integer | string",
      "description": "The number of goals scored by the club in FA Cup matches during the specified season."
    },
    {
      "column_name": "Other",
      "data_type": "integer | string",
      "description": "The number of goals scored by the club in other competitions during the specified season."
    },
    {
      "column_name": "Total",
      "data_type": "integer | string",
      "description": "The total number of goals scored by the club across all competitions during the specified season."
    }
  ],
  "first 5 rows": [
    {
      "Club": "Club",
      "Season": "Season",
      "Division": "Division",
      "League": "Goals",
      "FA Cup": "Goals",
      "Other": "Goals",
      "Total": "Goals"
    },
    {
      "Club": "Scunthorpe United (loan)",
      "Season": "1975–76",
      "Division": "Fourth Division",
      "League": 1,
      "FA Cup": 0,
      "Other": 0,
      "Total": 1
    },
    {
      "Club": "Hull City",
      "Season": "1972–73",
      "Division": "Second Division",
      "League": 0,
      "FA Cup": 0,
      "Other": 0,
      "Total": 0
    },
    {
      "Club": "Hull City",
      "Season": "1973–74",
      "Division": "Second Division",
      "League": 1,
      "FA Cup": 0,
      "Other": 0,
      "Total": 1
    },
    {
      "Club": "Hull City",
      "Season": "1974–75",
      "Division": "Second Division",
      "League": 0,
      "FA Cup": 0,
      "Other": 0,
      "Total": 0
    }
  ]
}