{
  "table_title": "Ireland Athletic Competitions Performance Record",
  "columns": [
    {
      "column_name": "Year",
      "data_type": "integer | string",
      "description": "The year in which the athletic competition took place. It is represented as an integer. In some cases, it may be represented as a string, such as 'Representing Ireland'."
    },
    {
      "column_name": "Competition",
      "data_type": "string",
      "description": "The name of the athletic competition in which the athlete participated. This is a string."
    },
    {
      "column_name": "Venue",
      "data_type": "string",
      "description": "The location where the athletic competition took place. This is represented as a string."
    },
    {
      "column_name": "Position",
      "data_type": "string",
      "description": "The final position or rank achieved by the athlete in the competition. It is represented as a string."
    },
    {
      "column_name": "Event",
      "data_type": "string",
      "description": "The specific event in which the athlete competed within the athletic competition. This is a string."
    },
    {
      "column_name": "Notes",
      "data_type": "string",
      "description": "Additional details or remarks related to the athlete's performance in the competition. This could include the athlete's time in a race, represented as a string."
    }
  ],
  "first 5 rows": [
    {
      "Year": "Representing Ireland",
      "Competition": "Representing Ireland",
      "Venue": "Representing Ireland",
      "Position": "Representing Ireland",
      "Event": "Representing Ireland",
      "Notes": "Representing Ireland"
    },
    {
      "Year": 1982,
      "Competition": "European Championships",
      "Venue": "Athens, Greece",
      "Position": "18th",
      "Event": "Marathon",
      "Notes": "2:52:06"
    },
    {
      "Year": 1983,
      "Competition": "Osaka Ladies Marathon",
      "Venue": "Osaka, Japan",
      "Position": "1st",
      "Event": "Marathon",
      "Notes": "02h 29m 23s"
    },
    {
      "Year": 1983,
      "Competition": "World Championships",
      "Venue": "Helsinki, Finland",
      "Position": 13,
      "Event": "Marathon",
      "Notes": "2:36:28"
    },
    {
      "Year": 1984,
      "Competition": "Olympic Games",
      "Venue": "Los Angeles, United States",
      "Position": "28th",
      "Event": "Marathon",
      "Notes": "2:41:27"
    }
  ]
}