{
  "table_title": "Film Awards and Recipients in 2011",
  "columns": [
    {
      "column_name": "Year",
      "data_type": "integer",
      "description": "The year the award was given."
    },
    {
      "column_name": "Award",
      "data_type": "string",
      "description": "The name of the award or the award-giving body."
    },
    {
      "column_name": "Category",
      "data_type": "string",
      "description": "The specific category of the award."
    },
    {
      "column_name": "Nominee",
      "data_type": "string",
      "description": "The name of the individual or group nominated for or awarded the honor."
    },
    {
      "column_name": "Result",
      "data_type": "string",
      "description": "The outcome of the nomination, whether the nominee won or not."
    }
  ],
  "first 5 rows": [
    {
      "Year": 2011,
      "Award": "48th Grand Bell Awards",
      "Category": "Best Actress",
      "Nominee": "Kim Ha-Neul",
      "Result": "Won"
    },
    {
      "Year": 2011,
      "Award": "48th Grand Bell Awards",
      "Category": "Best Screenplay",
      "Nominee": "Choi Min-seok",
      "Result": "won"
    },
    {
      "Year": 2011,
      "Award": "32nd Blue Dragon Film Awards",
      "Category": "Best actress",
      "Nominee": "Kim Ha-neul",
      "Result": "Won"
    },
    {
      "Year": 2011,
      "Award": "48th Grand Bell Awards",
      "Category": "Best Actress",
      "Nominee": "Kim Ha-neul",
      "Result": "Won"
    },
    {
      "Year": 2011,
      "Award": "48th Grand Bell Awards",
      "Category": "Best Screenplay",
      "Nominee": "Choi Min-seok",
      "Result": "Won"
    }
  ]
}