{
  "table_title": "Actor's Role in Films by Year",
  "columns": [
    {
      "column_name": "Year",
      "data_type": "integer",
      "description": "This column represents the year in which the film was released."
    },
    {
      "column_name": "Title",
      "data_type": "string",
      "description": "This column indicates the title of the film in which the actor played a role."
    },
    {
      "column_name": "Role",
      "data_type": "string",
      "description": "This column specifies the role that the actor played in the film."
    }
  ],
  "first 5 rows": [
    {
      "Year": 2012,
      "Title": "1001 Nights at Widow Twankey's B&B",
      "Role": "genie"
    },
    {
      "Year": 2013,
      "Title": "Emily and the Howlers' Hollow",
      "Role": "Euphemia"
    },
    {
      "Year": 2013,
      "Title": "Love Bites",
      "Role": "cupid"
    },
    {
      "Year": 2013,
      "Title": "Let Sleeping Beauties Lie",
      "Role": "Flora"
    },
    {
      "Year": 2014,
      "Title": "Trash Palace",
      "Role": "Celeste"
    }
  ]
}