{
  "table_title": "Club Seasonal Goal Statistics",
  "columns": [
    {
      "column_name": "Club",
      "data_type": "string",
      "description": "The name of the football club."
    },
    {
      "column_name": "Season",
      "data_type": "string",
      "description": "The specific season in which the club participated."
    },
    {
      "column_name": "League",
      "data_type": "integer | string",
      "description": "The number of goals scored by the club in league matches for the indicated season. A dash indicates the club did not participate in league matches that season."
    },
    {
      "column_name": "Cup",
      "data_type": "integer | string",
      "description": "The number of goals scored by the club in cup matches for the indicated season. A dash indicates the club did not participate in cup matches that season."
    },
    {
      "column_name": "Continental",
      "data_type": "string",
      "description": "The number of goals scored by the club in continental matches for the indicated season. A dash indicates the club did not participate in continental matches that season."
    },
    {
      "column_name": "Other",
      "data_type": "integer | string",
      "description": "The number of goals scored by the club in other types of matches for the indicated season. A dash indicates the club did not participate in other types of matches that season."
    },
    {
      "column_name": "Total",
      "data_type": "integer | string",
      "description": "The total number of goals scored by the club for the indicated season across all types of matches."
    }
  ],
  "first 5 rows": [
    {
      "Club": "Club",
      "Season": "Season",
      "League": "Goals",
      "Cup": "Goals",
      "Continental": "Goals",
      "Other": "Goals",
      "Total": "Goals"
    },
    {
      "Club": "Radnički Pirot",
      "Season": "2014–15",
      "League": 0,
      "Cup": "–",
      "Continental": "–",
      "Other": 0,
      "Total": 0
    },
    {
      "Club": "Radnički Niš",
      "Season": "2015–16",
      "League": 1,
      "Cup": 0,
      "Continental": "–",
      "Other": "–",
      "Total": 2
    },
    {
      "Club": "Radnički Niš",
      "Season": "2016–17",
      "League": 1,
      "Cup": 0,
      "Continental": "–",
      "Other": "–",
      "Total": 0
    },
    {
      "Club": "Radnički Niš",
      "Season": "Total",
      "League": 1,
      "Cup": 0,
      "Continental": "–",
      "Other": "–",
      "Total": 3
    }
  ]
}