{
  "table_title": "Music Tracks Released in 2017",
  "columns": [
    {
      "column_name": "Title",
      "data_type": "string",
      "description": "The title of the music track."
    },
    {
      "column_name": "Year",
      "data_type": "integer",
      "description": "The year the music track was released."
    },
    {
      "column_name": "Album",
      "data_type": "string",
      "description": "The album in which the music track is included."
    }
  ],
  "first 5 rows": [
    {
      "Title": "\"Busta Rhymes\"",
      "Year": 2017,
      "Album": "ep 1"
    },
    {
      "Title": "\"Love Myself\"",
      "Year": 2017,
      "Album": "EP 2"
    },
    {
      "Title": "\"Wifey\"",
      "Year": 2017,
      "Album": "EP 2"
    },
    {
      "Title": "\"Holiday\"",
      "Year": 2017,
      "Album": "Ep 2"
    },
    {
      "Title": "\"That Bih\"",
      "Year": 2018,
      "Album": "EP 3"
    }
  ]
}