{
  "table_title": "Television Appearances by Year",
  "columns": [
    {
      "column_name": "Year",
      "data_type": "integer | string",
      "description": "The year or range of years in which the television appearance occurred."
    },
    {
      "column_name": "Title",
      "data_type": "string",
      "description": "The title of the television show or series."
    },
    {
      "column_name": "Role",
      "data_type": "string",
      "description": "The role or character played by the actor in the television show or series."
    },
    {
      "column_name": "Notes",
      "data_type": "string",
      "description": "Additional information about the television appearance, such as the network and specific episodes."
    }
  ],
  "first 5 rows": [
    {
      "Year": 2016,
      "Title": "new blood",
      "Role": "Wendy Roberts",
      "Notes": "BBC One Season 1, Ep. 6 and 7"
    },
    {
      "Year": 2016,
      "Title": "The Last Dragonslayer",
      "Role": "Jennifer Strange",
      "Notes": "Sky 1"
    },
    {
      "Year": "2017-present",
      "Title": "Poldark",
      "Role": "Morwenna Chynoweth",
      "Notes": 1
    },
    {
      "Year": 2016,
      "Title": "New Blood",
      "Role": "Wendy Roberts",
      "Notes": "BBC One Season 1, Episodes 6 and 7"
    },
    {
      "Year": 2016,
      "Title": "The Last Dragonslayer",
      "Role": "Jennifer Strange",
      "Notes": 1
    }
  ]
}