{
  "table_title": "Football Club Competition Participation by Season",
  "columns": [
    {
      "column_name": "Club",
      "data_type": "string",
      "description": "The name of the football club."
    },
    {
      "column_name": "Competition",
      "data_type": "string",
      "description": "The name of the competition in which the club participated."
    },
    {
      "column_name": "Seasons",
      "data_type": "integer | string",
      "description": "The season or range of seasons during which the club participated in the competition. This can be a single year (integer) or a comma-separated list of years (string)."
    }
  ],
  "first 5 rows": [
    {
      "Club": "Bahia",
      "Competition": "Campeonato Baiano",
      "Seasons": "1986, 1987, 1988"
    },
    {
      "Club": "Bahia",
      "Competition": "Campeonato Brasileiro Serie A",
      "Seasons": 1988
    },
    {
      "Club": "flamengo",
      "Competition": "Copa do Brasil",
      "Seasons": 1990
    },
    {
      "Club": "São Paulo",
      "Competition": "Campeonato Paulista",
      "Seasons": "1989/90"
    },
    {
      "Club": "Bahia",
      "Competition": "Campeonato Brasileiro Série A",
      "Seasons": 2050
    }
  ]
}