{
  "table_title": "Music Awards History",
  "columns": [
    {
      "column_name": "Year",
      "data_type": "integer",
      "description": "The year in which the award was given or the nominee was nominated."
    },
    {
      "column_name": "Nominee / work",
      "data_type": "string",
      "description": "The name of the nominee or the work that was nominated for the award."
    },
    {
      "column_name": "Award",
      "data_type": "string",
      "description": "The specific category of the award that the nominee or work was nominated for."
    },
    {
      "column_name": "Result",
      "data_type": "string",
      "description": "The outcome of the nomination, indicating whether the nominee or work won or was simply nominated."
    }
  ],
  "first 5 rows": [
    {
      "Year": 1969,
      "Nominee / work": "Mrs. Robinson",
      "Award": "Record of the Year",
      "Result": "Won"
    },
    {
      "Year": 1969,
      "Nominee / work": "\"Mrs. Robinson\"",
      "Award": "Song of the Year",
      "Result": "nominated"
    },
    {
      "Year": 1969,
      "Nominee / work": "\"Mrs. Robinson\"",
      "Award": "Best Pop Performance by a Duo or Group with Vocals",
      "Result": "Won"
    },
    {
      "Year": 1969,
      "Nominee / work": "The Graduate",
      "Award": "Best Score Soundtrack for Visual Media",
      "Result": "Won"
    },
    {
      "Year": 1969,
      "Nominee / work": "Bookends",
      "Award": "Album of the Year",
      "Result": "nominated"
    }
  ]
}