{
  "table_title": "Election Results Summary",
  "columns": [
    {
      "column_name": "Party",
      "data_type": "string",
      "description": "This column represents the name of the political party or a category of votes."
    },
    {
      "column_name": "Votes",
      "data_type": "string",
      "description": "This column indicates the total number of votes received by each party or category. It is represented as a string to accommodate large numbers with commas."
    },
    {
      "column_name": "%",
      "data_type": "float | integer | string",
      "description": "This column represents the percentage of total votes received by each party or category. It can be a numeric value or a dash, indicating not applicable or unknown."
    },
    {
      "column_name": "Seats",
      "data_type": "integer | string",
      "description": "This column indicates the number of seats won by each party or category in the election. It can be an integer or a dash, indicating not applicable or unknown."
    },
    {
      "column_name": "+/−",
      "data_type": "integer | string",
      "description": "This column represents the change in the number of seats won by each party or category compared to the previous election. It can be an integer or a dash, indicating not applicable or unknown."
    }
  ],
  "first 5 rows": [
    {
      "Party": "Cameroonian National Union",
      "Votes": 3293428,
      "%": 100,
      "Seats": 120,
      "+/–": 70
    },
    {
      "Party": "Invalid/blank votes",
      "Votes": 1577,
      "%": "-",
      "Seats": "N/A",
      "+/–": "-"
    },
    {
      "Party": "Total",
      "Votes": 3295005,
      "%": "100%",
      "Seats": 120,
      "+/–": 70
    },
    {
      "Party": "Registered voters/turnout",
      "Votes": 3348989,
      "%": 98.4,
      "Seats": "None",
      "+/–": "–"
    },
    {
      "Party": "Source: Nohlen et al.",
      "Votes": "Source: Nohlen et al.",
      "%": "Source: Nohlen et al.",
      "Seats": "Source: Nohlen et al.",
      "+/–": "Source: Nohlen et al."
    }
  ]
}