{
  "table_title": "International Athletics Competitions Representation",
  "columns": [
    {
      "column_name": "Year",
      "data_type": "integer | string",
      "description": "The year of the competition or the country the athlete is representing."
    },
    {
      "column_name": "Competition",
      "data_type": "string",
      "description": "The name of the competition or the country the athlete is representing."
    },
    {
      "column_name": "Venue",
      "data_type": "string",
      "description": "The location where the competition took place or the country the athlete is representing."
    },
    {
      "column_name": "Position",
      "data_type": "string",
      "description": "The final position or rank achieved by the athlete in the competition or the country the athlete is representing."
    },
    {
      "column_name": "Event",
      "data_type": "string",
      "description": "The specific event in the competition that the athlete participated in or the country the athlete is representing."
    },
    {
      "column_name": "Notes",
      "data_type": "float | string",
      "description": "Additional information related to the athlete's performance or the country the athlete is representing."
    }
  ],
  "first 5 rows": [
    {
      "Year": "Representing Sri Lanka",
      "Competition": "Representing Sri Lanka",
      "Venue": "Representing Sri Lanka",
      "Position": "Representing Sri Lanka",
      "Event": "Representing Sri Lanka",
      "Notes": "Representing Sri Lanka"
    },
    {
      "Year": 1982,
      "Competition": "Asian Games",
      "Venue": "Delhi, India",
      "Position": "6th",
      "Event": "100 m hurdles",
      "Notes": "14.??"
    },
    {
      "Year": "Representing Great Britain",
      "Competition": "Representing Great Britain",
      "Venue": "Representing Great Britain",
      "Position": "Representing Great Britain",
      "Event": "Representing Great Britain",
      "Notes": "Representing Great Britain"
    },
    {
      "Year": 1990,
      "Competition": "European Championships",
      "Venue": "Split, Yugoslavia",
      "Position": "17th (h)",
      "Event": "400 m hurdles",
      "Notes": 57.03
    },
    {
      "Year": 1991,
      "Competition": "World Championships",
      "Venue": "Tokyo, Japan",
      "Position": "semi-final",
      "Event": "400 m hurdles",
      "Notes": 54.88
    }
  ]
}