{
  "table_title": "Nationality Breakdown of Passengers and Crew",
  "columns": [
    {
      "column_name": "Nationality",
      "data_type": "string",
      "description": "The country of origin of the passengers and crew."
    },
    {
      "column_name": "Passengers",
      "data_type": "integer",
      "description": "The number of passengers from the respective country."
    },
    {
      "column_name": "Crew",
      "data_type": "integer",
      "description": "The number of crew members from the respective country."
    },
    {
      "column_name": "Total",
      "data_type": "integer",
      "description": "The total number of individuals, both passengers and crew, from the respective country."
    }
  ],
  "first 5 rows": [
    {
      "Nationality": "Mexico",
      "Passengers": 139,
      "Crew": 8,
      "Total": 147
    },
    {
      "Nationality": "France",
      "Passengers": 8,
      "Crew": 0,
      "Total": 8
    },
    {
      "Nationality": "United States",
      "Passengers": 6,
      "Crew": 0,
      "Total": 7
    },
    {
      "Nationality": "Sweden",
      "Passengers": 4,
      "Crew": 0,
      "Total": 4
    },
    {
      "Nationality": "Canada",
      "Passengers": 2,
      "Crew": 0,
      "Total": 2
    }
  ]
}