{
  "table_title": "World War II Ship Sinkings",
  "columns": [
    {
      "column_name": "Date",
      "data_type": "date",
      "description": "The date when the ship was sunk."
    },
    {
      "column_name": "Ship",
      "data_type": "string",
      "description": "The name of the ship that was sunk."
    },
    {
      "column_name": "Nationality",
      "data_type": "string",
      "description": "The nationality or origin of the ship."
    },
    {
      "column_name": "Tonnage",
      "data_type": "integer | string",
      "description": "The weight of the ship in tons."
    },
    {
      "column_name": "Fate and location",
      "data_type": "string",
      "description": "The fate of the ship and the location where it was sunk, often including latitude and longitude coordinates."
    }
  ],
  "first 5 rows": [
    {
      "Date": "1 January 1940",
      "Ship": "Lars Magnus Trozelli",
      "Nationality": "Sweden",
      "Tonnage": 1951,
      "Fate and location": "Sunk at 58°14′N 01°36′W / 58.233°N 1.600°W"
    },
    {
      "Date": "3 January 1940",
      "Ship": "Svartön",
      "Nationality": "Sweden",
      "Tonnage": 2475,
      "Fate and location": "Sunk at 57°48′N 01°47′W / 57.800°N 1.783°W"
    },
    {
      "Date": "3 February 1940",
      "Ship": "Reet",
      "Nationality": "Estonia",
      "Tonnage": 815,
      "Fate and location": "Sunk"
    },
    {
      "Date": "1 June 1940",
      "Ship": "HMS Astronomer",
      "Nationality": "Royal Navy",
      "Tonnage": 8401,
      "Fate and location": "Sunk at 57°01′N 02°12′W / 58.017°N 2.200°W"
    },
    {
      "Date": "18 July 1940",
      "Ship": "Gyda",
      "Nationality": "Norway",
      "Tonnage": 1591,
      "Fate and location": "Sunk at 55°50′N 09°00′W / 55.833°N 8.000°W"
    }
  ]
}