{
  "table_title": "Filmography Details",
  "columns": [
    {
      "column_name": "Year",
      "data_type": "integer | string",
      "description": "The year the TV show or film was released or aired."
    },
    {
      "column_name": "Title",
      "data_type": "integer | string",
      "description": "The title of the TV show or film in which the role was played."
    },
    {
      "column_name": "Role",
      "data_type": "string",
      "description": "The name of the character played in the TV show or film."
    },
    {
      "column_name": "Notes",
      "data_type": "string",
      "description": "Additional details about the role, such as the episode name or if it was a pilot."
    }
  ],
  "first 5 rows": [
    {
      "Year": 1996,
      "Title": "My Guys",
      "Role": "Angela",
      "Notes": "TV pilot"
    },
    {
      "Year": 1996,
      "Title": "Due South",
      "Role": "Melissa",
      "Notes": "Episode: 'Some Like It Red'"
    },
    {
      "Year": 1996,
      "Title": "Beverly Hills, 90210",
      "Role": "Wendy Stevens",
      "Notes": "Episode: Ray of Hope"
    },
    {
      "Year": 1997,
      "Title": "ER",
      "Role": "Angie",
      "Notes": "Episode: 'The Long Way Around'"
    },
    {
      "Year": 1997,
      "Title": "Diagnosis: Murder",
      "Role": "Sally Tremont",
      "Notes": "Episode: Malibu Fire"
    }
  ]
}