{
  "table_title": "Australian Athletics Competitions History",
  "columns": [
    {
      "column_name": "Year",
      "data_type": "integer | string",
      "description": "The year in which the athletic event took place. This can be an integer representing the year, or a string in the case of non-specific entries."
    },
    {
      "column_name": "Competition",
      "data_type": "string",
      "description": "The name of the competition or event in which the athlete or team represented Australia."
    },
    {
      "column_name": "Venue",
      "data_type": "string",
      "description": "The location or venue where the competition or event was held."
    },
    {
      "column_name": "Position",
      "data_type": "string",
      "description": "The final standing or position achieved by the athlete or team in the competition or event."
    },
    {
      "column_name": "Event",
      "data_type": "string",
      "description": "The specific athletic event in which the athlete or team competed."
    },
    {
      "column_name": "Notes",
      "data_type": "float | string",
      "description": "Additional information or notes about the event, such as timings or conditions. This can be a string or a float, depending on the nature of the information."
    }
  ],
  "first 5 rows": [
    {
      "Year": "Representing Australia",
      "Competition": "Representing Australia",
      "Venue": "Representing Australia",
      "Position": "Representing Australia",
      "Event": "Representing Australia",
      "Notes": "Representing Australia"
    },
    {
      "Year": 1990,
      "Competition": "commonwealth games",
      "Venue": "Auckland, New Zealand",
      "Position": "1st",
      "Event": "4 × 100 m relay",
      "Notes": "43.87 seconds"
    },
    {
      "Year": 1990,
      "Competition": "World Junior Championships",
      "Venue": "Plovdiv, Bulgaria",
      "Position": "15th (sf)",
      "Event": "100m",
      "Notes": "11.87 (wind: -1.3 m/s)"
    },
    {
      "Year": 1990,
      "Competition": "World Junior Championships",
      "Venue": "Plovdiv, Bulgaria",
      "Position": "5th",
      "Event": "200m",
      "Notes": "23.61 (wind: +1.3 m/s)"
    },
    {
      "Year": 1990,
      "Competition": "World Junior Championships",
      "Venue": "Plovdiv, Bulgaria",
      "Position": "5th",
      "Event": "4 × 100m relay",
      "Notes": 45.01
    }
  ]
}