{
  "table_title": "Athletics Competitions and Performances",
  "columns": [
    {
      "column_name": "Year",
      "data_type": "integer | string",
      "description": "The year the competition took place or the country the athlete represented."
    },
    {
      "column_name": "Competition",
      "data_type": "string",
      "description": "The name of the competition or the country the athlete represented."
    },
    {
      "column_name": "Venue",
      "data_type": "string",
      "description": "The location where the competition was held or the country the athlete represented."
    },
    {
      "column_name": "Position",
      "data_type": "string",
      "description": "The position the athlete finished in the competition or the country the athlete represented."
    },
    {
      "column_name": "Notes",
      "data_type": "float | string",
      "description": "Additional details about the competition, such as performance metrics, or the country the athlete represented."
    }
  ],
  "first 5 rows": [
    {
      "Year": "Representing the United States",
      "Competition": "Representing the United States",
      "Venue": "Representing the United States",
      "Position": "Representing the United States",
      "Notes": "Representing the United States"
    },
    {
      "Year": 1998,
      "Competition": "World Junior Championships",
      "Venue": "Annecy, France",
      "Position": "6th",
      "Notes": "14.40 (wind: -0.2 m/s)"
    },
    {
      "Year": "Representing Sudan",
      "Competition": "Representing sudan",
      "Venue": "Representing Sudan",
      "Position": "Representing Sudan",
      "Notes": "Representing Sudan"
    },
    {
      "Year": 2003,
      "Competition": "All-Africa Games",
      "Venue": "Abuja, Nigeria",
      "Position": "2nd",
      "Notes": "13.81 seconds"
    },
    {
      "Year": 2003,
      "Competition": "Afro-Asian Games",
      "Venue": "Hyderabad, India",
      "Position": "1st",
      "Notes": 13.68
    }
  ]
}