{
  "table_title": "Filmography Details",
  "columns": [
    {
      "column_name": "Year",
      "data_type": "integer",
      "description": "The year in which the film was released."
    },
    {
      "column_name": "Title",
      "data_type": "string",
      "description": "The title of the film."
    },
    {
      "column_name": "Role",
      "data_type": "string",
      "description": "The role played by the actor in the film."
    },
    {
      "column_name": "Director",
      "data_type": "string",
      "description": "The director of the film."
    }
  ],
  "first 5 rows": [
    {
      "Year": 1986,
      "Title": "Playing Beatie Bow",
      "Role": "beatie bow",
      "Director": "Donald Crombie"
    },
    {
      "Year": 1993,
      "Title": "Butterfly Island",
      "Role": "Jackie Wilson",
      "Director": "frank Arnold"
    },
    {
      "Year": 1997,
      "Title": "Reprisal",
      "Role": "Lavinia",
      "Director": "Robert Marchand"
    },
    {
      "Year": 1998,
      "Title": "Never Tell Me Never",
      "Role": "Meredith",
      "Director": "David Elfick"
    },
    {
      "Year": 1986,
      "Title": "Playing Beatie Bow",
      "Role": "Beatie Bow",
      "Director": "Donald Crombie"
    }
  ]
}