{
  "table_title": "Universiade Track and Field Results 1983",
  "columns": [
    {
      "column_name": "Year",
      "data_type": "integer",
      "description": "The year the competition took place."
    },
    {
      "column_name": "Competition",
      "data_type": "string",
      "description": "The name of the competition."
    },
    {
      "column_name": "Venue",
      "data_type": "string",
      "description": "The location where the competition was held."
    },
    {
      "column_name": "Position",
      "data_type": "string",
      "description": "The final position achieved in the event."
    },
    {
      "column_name": "Event",
      "data_type": "string",
      "description": "The specific event within the competition."
    },
    {
      "column_name": "Notes",
      "data_type": "float | string",
      "description": "Additional information about the event, such as the time achieved."
    }
  ],
  "first 5 rows": [
    {
      "Year": 1983,
      "Competition": "Universiade",
      "Venue": "Edmonton, CAN",
      "Position": "2nd",
      "Event": "100 m",
      "Notes": "11.16w"
    },
    {
      "Year": 1983,
      "Competition": "universiade",
      "Venue": "Edmonton, Canada",
      "Position": "1st",
      "Event": "200 m",
      "Notes": 22.47
    },
    {
      "Year": 1983,
      "Competition": "Universiade",
      "Venue": "Edmonton, Canada",
      "Position": "1st",
      "Event": "4x100 m relay",
      "Notes": 42.82
    },
    {
      "Year": 1983,
      "Competition": "World Championships",
      "Venue": "Helsinki, Finland",
      "Position": "13th",
      "Event": "200m",
      "Notes": 23.34
    },
    {
      "Year": 1983,
      "Competition": "World Championships",
      "Venue": "Helsinki, Finland",
      "Position": "9th",
      "Event": "4 × 100 m relay",
      "Notes": 44.2
    }
  ]
}