{
  "table_title": "Music Album Release Information",
  "columns": [
    {
      "column_name": "Year",
      "data_type": "integer",
      "description": "The year the album was released."
    },
    {
      "column_name": "Title",
      "data_type": "string",
      "description": "The title of the music album."
    },
    {
      "column_name": "Format",
      "data_type": "string",
      "description": "The format in which the album was released (e.g., CD Digital, 12\" vinyl CD Digital)."
    },
    {
      "column_name": "Released",
      "data_type": "string",
      "description": "The month and year the album was released."
    },
    {
      "column_name": "Label",
      "data_type": "string",
      "description": "The record label that released the album."
    }
  ],
  "first 5 rows": [
    {
      "Year": 2008,
      "Title": "Monobasic",
      "Format": "CD Digital",
      "Released": "Nov 2008",
      "Label": "Inertia Records"
    },
    {
      "Year": 2011,
      "Title": "Tambourine",
      "Format": "cd digital",
      "Released": "June 2011",
      "Label": "Dot Dash Remote Control Records"
    },
    {
      "Year": 2014,
      "Title": "Grids",
      "Format": "12 inch vinyl CD Digital",
      "Released": "March 2014",
      "Label": "Dot Dash Remote Control Records"
    },
    {
      "Year": 2016,
      "Title": "Give Up on Your Health",
      "Format": "12\" vinyl CD Digital",
      "Released": "September 2016",
      "Label": "Dot Dash - Remote Control Records Captured Tracks"
    },
    {
      "Year": 2008,
      "Title": "Monobasic",
      "Format": "CD Digital",
      "Released": "November 2008",
      "Label": "Inertia Records"
    }
  ]
}