{
  "table_title": "Music Release Details",
  "columns": [
    {
      "column_name": "Title",
      "data_type": "string",
      "description": "This column represents the title of the music track, possibly featuring other artists."
    },
    {
      "column_name": "Year",
      "data_type": "integer",
      "description": "This column indicates the year the music track was released."
    },
    {
      "column_name": "Album",
      "data_type": "string",
      "description": "This column specifies the album to which the music track belongs. If the track is not part of any album, it is labelled as a 'Non-album single'."
    }
  ],
  "first 5 rows": [
    {
      "Title": "\"Lies\" (featuring Unlike Pluto)",
      "Year": 2015,
      "Album": "Non-Album Single"
    },
    {
      "Title": "\"Circles\"",
      "Year": 2015,
      "Album": "Non-album single"
    },
    {
      "Title": "\"Cry\" (featuring City Fidelia)",
      "Year": 2017,
      "Album": "how i like it"
    },
    {
      "Title": "\"How I Like It\"",
      "Year": 2017,
      "Album": "How I Like It"
    },
    {
      "Title": "\"Who Knows\"",
      "Year": 2017,
      "Album": "How I Like It"
    }
  ]
}