{
  "table_title": "Motorcycle Racing Results",
  "columns": [
    {
      "column_name": "Rank",
      "data_type": "integer",
      "description": "The position in which the rider finished the race, with lower numbers indicating higher positions."
    },
    {
      "column_name": "Rider",
      "data_type": "string",
      "description": "The full name of the rider, along with their country of origin."
    },
    {
      "column_name": "Team",
      "data_type": "string",
      "description": "The name of the team that the rider represents."
    },
    {
      "column_name": "Speed",
      "data_type": "string",
      "description": "The average speed of the rider during the race, expressed in miles per hour."
    },
    {
      "column_name": "Time",
      "data_type": "string",
      "description": "The total time taken by the rider to complete the race, expressed in minutes and seconds."
    }
  ],
  "first 5 rows": [
    {
      "Rank": 1,
      "Rider": "England Chris Heath",
      "Team": "Electric Motorsport",
      "Speed": "66.022 mph",
      "Time": "34' 17.30"
    },
    {
      "Rank": 2,
      "Rider": "England Chris Petty",
      "Team": "Barefoot Motors",
      "Speed": "62.219 mph",
      "Time": "36' 23.06"
    },
    {
      "Rank": 3,
      "Rider": "Isle of Man John Crellin",
      "Team": "TORK",
      "Speed": "70.475 mph",
      "Time": "37' 26.01"
    },
    {
      "Rank": 1,
      "Rider": "England Chris Heath",
      "Team": "Electric Motorsport",
      "Speed": "106.244 km/h",
      "Time": "34:17.30"
    },
    {
      "Rank": 2,
      "Rider": "England Chris Petty",
      "Team": "barefoot motors",
      "Speed": "62.219 mph",
      "Time": "36'23.06"
    }
  ]
}