{
  "table_title": "Historical College Football Bowl Game Results",
  "columns": [
    {
      "column_name": "Date",
      "data_type": "integer",
      "description": "The year in which the bowl game took place."
    },
    {
      "column_name": "Result",
      "data_type": "string",
      "description": "The result of the game, represented as 'W' for a win and 'L' for a loss."
    },
    {
      "column_name": "Bowl",
      "data_type": "string",
      "description": "The name of the bowl game that was played."
    },
    {
      "column_name": "Opponent",
      "data_type": "string",
      "description": "The name of the opposing college team."
    },
    {
      "column_name": "Score",
      "data_type": "string",
      "description": "The final score of the game, listed as 'team's score - opponent's score'."
    },
    {
      "column_name": "Head Coach",
      "data_type": "string",
      "description": "The name of the head coach of the team during the game."
    }
  ],
  "first 5 rows": [
    {
      "Date": 1954,
      "Result": "L",
      "Bowl": "Mineral Water Bowl",
      "Opponent": "Hastings College",
      "Score": "14 - 20",
      "Head Coach": "Wayne J. McConnell"
    },
    {
      "Date": 1959,
      "Result": "W",
      "Bowl": "Mineral Water Bowl",
      "Opponent": "Austin College",
      "Score": "21 - 22",
      "Head Coach": "Bill Schnebel"
    },
    {
      "Date": 1954,
      "Result": "Lose",
      "Bowl": "Mineral Water Bowl",
      "Opponent": "Hastings College",
      "Score": "14 - 20",
      "Head Coach": "Wayne J. McConnell"
    },
    {
      "Date": 1959,
      "Result": "W",
      "Bowl": "Mineral Water Bowl",
      "Opponent": "Austin College",
      "Score": "21-20",
      "Head Coach": "Bill Schnebel"
    },
    {
      "Date": 1959,
      "Result": "W",
      "Bowl": "Mineral Water Bowl",
      "Opponent": "Austin College",
      "Score": "1000 - 20",
      "Head Coach": "Bill Schnebel"
    }
  ]
}