{
  "table_title": "Award Nominations and Results by Year",
  "columns": [
    {
      "column_name": "Year",
      "data_type": "integer",
      "description": "The year in which the award nomination or win occurred."
    },
    {
      "column_name": "Organization",
      "data_type": "string",
      "description": "The organization that presented the award."
    },
    {
      "column_name": "Award",
      "data_type": "string",
      "description": "The specific award for which the individual or group was nominated or won."
    },
    {
      "column_name": "Result",
      "data_type": "string",
      "description": "The result of the nomination, either 'Won' or 'Nominated'."
    }
  ],
  "first 5 rows": [
    {
      "Year": 2009,
      "Organization": "BET Awards",
      "Award": "Video of the Year",
      "Result": "Won"
    },
    {
      "Year": 2009,
      "Organization": "BET Awards",
      "Award": "Viewers Choice Award",
      "Result": "Nominated"
    },
    {
      "Year": 2009,
      "Organization": "MOBO Awards",
      "Award": "Best Video",
      "Result": "Won"
    },
    {
      "Year": 2009,
      "Organization": "MTV Europe Music Awards",
      "Award": "Best Video",
      "Result": "Won"
    },
    {
      "Year": 2009,
      "Organization": "MTV Video Music Awards",
      "Award": "Video of the Year",
      "Result": "Nominated"
    }
  ]
}