{
  "table_title": "Football Club Season Performance",
  "columns": [
    {
      "column_name": "Club",
      "data_type": "string",
      "description": "The name of the football club."
    },
    {
      "column_name": "Season",
      "data_type": "string",
      "description": "The football season, typically denoted by the years it spans."
    },
    {
      "column_name": "Division",
      "data_type": "string",
      "description": "The division in which the club competed during the season."
    },
    {
      "column_name": "League",
      "data_type": "integer | string",
      "description": "The number of goals scored by the club in league matches during the season."
    },
    {
      "column_name": "FA Cup",
      "data_type": "integer | string",
      "description": "The number of goals scored by the club in the FA Cup competition during the season."
    },
    {
      "column_name": "Other",
      "data_type": "integer | string",
      "description": "The number of goals scored by the club in other competitions during the season."
    },
    {
      "column_name": "Total",
      "data_type": "integer | string",
      "description": "The total number of goals scored by the club across all competitions during the season."
    }
  ],
  "first 5 rows": [
    {
      "Club": "Club",
      "Season": "Season",
      "Division": "Division",
      "League": "Goals",
      "FA Cup": "Goals",
      "Other": "Goals",
      "Total": "Goals"
    },
    {
      "Club": "Port Vale",
      "Season": "1994–95",
      "Division": "First Division",
      "League": 0,
      "FA Cup": 0,
      "Other": 0,
      "Total": 0
    },
    {
      "Club": "Port Vale",
      "Season": "1995–96",
      "Division": "First Division",
      "League": 0,
      "FA Cup": 0,
      "Other": 0,
      "Total": 0
    },
    {
      "Club": "Port Vale",
      "Season": "1996–97",
      "Division": "First Division",
      "League": 0,
      "FA Cup": 0,
      "Other": 0,
      "Total": 0
    },
    {
      "Club": "Port Vale",
      "Season": "1997–98",
      "Division": "First Division",
      "League": 11,
      "FA Cup": 1,
      "Other": 0,
      "Total": 12
    }
  ]
}