{
  "table_title": "Historical Office Tenure of British Nobility",
  "columns": [
    {
      "column_name": "Name",
      "data_type": "string",
      "description": "The full name and title of the British noble who held office."
    },
    {
      "column_name": "Took office",
      "data_type": "integer",
      "description": "The year the noble took office."
    },
    {
      "column_name": "Left office",
      "data_type": "integer",
      "description": "The year the noble left office."
    }
  ],
  "first 5 rows": [
    {
      "Name": "thomas gibson-carmichael, 1st baron Carmichael",
      "Took office": 1912,
      "Left office": 1917
    },
    {
      "Name": "Lawrence Dundas, Earl of Ronaldshay",
      "Took office": 1917,
      "Left office": 1922
    },
    {
      "Name": "Victor Bulwer-Lytton, 2nd Earl of Lytton",
      "Took office": 1922,
      "Left office": 1927
    },
    {
      "Name": "Sir Stanley Jackson",
      "Took office": 1927,
      "Left office": 1932
    },
    {
      "Name": "Sir John Anderson",
      "Took office": 1932,
      "Left office": 1937
    }
  ]
}