{
  "table_title": "Football Club Season Performance Statistics",
  "columns": [
    {
      "column_name": "Club",
      "data_type": "string",
      "description": "The name of the football club."
    },
    {
      "column_name": "Season",
      "data_type": "integer | string",
      "description": "The specific season in which the club competed, typically represented as a range of years."
    },
    {
      "column_name": "Division",
      "data_type": "string",
      "description": "The division in which the club competed during the specified season."
    },
    {
      "column_name": "League",
      "data_type": "integer | string",
      "description": "The number of goals scored by the club in league matches during the specified season."
    },
    {
      "column_name": "FA Cup",
      "data_type": "integer | string",
      "description": "The number of goals scored by the club in the FA Cup competition during the specified season."
    },
    {
      "column_name": "Other",
      "data_type": "integer | string",
      "description": "The number of goals scored by the club in other competitions during the specified season."
    },
    {
      "column_name": "Total",
      "data_type": "integer | string",
      "description": "The total number of goals scored by the club across all competitions during the specified season."
    }
  ],
  "first 5 rows": [
    {
      "Club": "Club",
      "Season": "Season",
      "Division": "Division",
      "League": "Goals",
      "FA Cup": "Goals",
      "Other": "Goals",
      "Total": "Goals"
    },
    {
      "Club": "Leicester City",
      "Season": "1968–69",
      "Division": "First Division",
      "League": 2,
      "FA Cup": 0,
      "Other": 0,
      "Total": 2
    },
    {
      "Club": "Leicester City",
      "Season": "1969–70",
      "Division": "Second Division",
      "League": 8,
      "FA Cup": 0,
      "Other": 1,
      "Total": 9
    },
    {
      "Club": "Leicester City",
      "Season": "1970–71",
      "Division": "Second Division",
      "League": 14,
      "FA Cup": 2,
      "Other": 0,
      "Total": 16
    },
    {
      "Club": "Leicester City",
      "Season": "1971–72",
      "Division": "First Division",
      "League": 7,
      "FA Cup": 0,
      "Other": 0,
      "Total": 8
    }
  ]
}