{
  "table_title": "Club Performance in Different Competitions",
  "columns": [
    {
      "column_name": "Club performance",
      "data_type": "string",
      "description": "This column represents the performance context of the club, which could be a league, a country, or a specific division."
    },
    {
      "column_name": "League",
      "data_type": "integer | string",
      "description": "This column indicates the number of goals scored by the club in league competitions, or the specific league in which the club competes."
    },
    {
      "column_name": "Cup",
      "data_type": "integer | string",
      "description": "This column indicates the number of goals scored by the club in cup competitions, or the specific cup in which the club competes."
    },
    {
      "column_name": "League Cup",
      "data_type": "integer | string",
      "description": "This column indicates the number of goals scored by the club in league cup competitions, or the specific league cup in which the club competes."
    },
    {
      "column_name": "Continental",
      "data_type": "integer | string",
      "description": "This column indicates the number of goals scored by the club in continental competitions, or the specific continental competition in which the club competes."
    },
    {
      "column_name": "Total",
      "data_type": "integer | string",
      "description": "This column indicates the total number of goals scored by the club in all competitions, or the total number of competitions in which the club competes."
    }
  ],
  "first 5 rows": [
    {
      "Club performance": "League",
      "League": "Goals",
      "Cup": "Goals",
      "League Cup": "Goals",
      "Continental": "Goals",
      "Total": "Goals"
    },
    {
      "Club performance": "England",
      "League": "League",
      "Cup": "FA Cup",
      "League Cup": "League Cup",
      "Continental": "Europe",
      "Total": "Total"
    },
    {
      "Club performance": "Division 1",
      "League": 0,
      "Cup": 0,
      "League Cup": 0,
      "Continental": 0,
      "Total": 0
    },
    {
      "Club performance": "Division 1",
      "League": 4,
      "Cup": 0,
      "League Cup": 1,
      "Continental": 0,
      "Total": 5
    },
    {
      "Club performance": "Division 1",
      "League": "Seven",
      "Cup": 0,
      "League Cup": 0,
      "Continental": 0,
      "Total": 7
    }
  ]
}