{
  "table_title": "Election Results and Government Status Over the Years",
  "columns": [
    {
      "column_name": "Election",
      "data_type": "integer",
      "description": "The year in which the election took place."
    },
    {
      "column_name": "Total votes",
      "data_type": "string",
      "description": "The total number of votes received by the party in the election."
    },
    {
      "column_name": "Share of vote",
      "data_type": "string",
      "description": "The percentage of the total vote that the party received."
    },
    {
      "column_name": "Seats",
      "data_type": "string",
      "description": "The number of seats won by the party out of the total available seats."
    },
    {
      "column_name": "+/-",
      "data_type": "integer | string",
      "description": "The change in the number of seats won by the party compared to the previous election. A dash represents no change."
    },
    {
      "column_name": "Government",
      "data_type": "string",
      "description": "The status of the party in the government after the election, i.e., whether they were in power or in opposition, and any additional details."
    }
  ],
  "first 5 rows": [
    {
      "Election": 1994,
      "Total votes": 424555,
      "Share of vote": "2.2%",
      "Seats": "9 / 400",
      "+/-": "–",
      "Government": "in opposition largest opposition party (1994–1996)"
    },
    {
      "Election": 1999,
      "Total votes": 127217,
      "Share of vote": "0.8%",
      "Seats": "3 / 400",
      "+/-": 6,
      "Government": "in opposition"
    },
    {
      "Election": 2004,
      "Total votes": 139465,
      "Share of vote": "0.9%",
      "Seats": "4 / 400",
      "+/-": 1,
      "Government": "in opposition"
    },
    {
      "Election": 2009,
      "Total votes": 146796,
      "Share of vote": "5.8%",
      "Seats": "4 / 400",
      "+/-": "±0",
      "Government": 1
    },
    {
      "Election": 2014,
      "Total votes": 165715,
      "Share of vote": "0.9%",
      "Seats": "4 / 400",
      "+/-": "±0",
      "Government": "in opposition"
    }
  ]
}