{
  "table_title": "Election Results by Party",
  "columns": [
    {
      "column_name": "Party",
      "data_type": "string",
      "description": "This column represents the name of the political party."
    },
    {
      "column_name": "Votes",
      "data_type": "string",
      "description": "This column displays the total number of votes received by each party, represented as strings."
    },
    {
      "column_name": "%",
      "data_type": "float | integer | string",
      "description": "This column shows the percentage of the total votes that each party received."
    },
    {
      "column_name": "Seats",
      "data_type": "integer | string",
      "description": "This column indicates the number of seats won by each party in the election."
    },
    {
      "column_name": "+/-",
      "data_type": "integer | string",
      "description": "This column represents the change in the number of seats won by each party compared to the previous election."
    }
  ],
  "first 5 rows": [
    {
      "Party": "Institutional Revolutionary Party",
      "Votes": 10458618,
      "%": "77.4%",
      "Seats": 189,
      "+/-": 11
    },
    {
      "Party": "National Action Party",
      "Votes": 2207069,
      "%": "16.3%",
      "Seats": 25,
      "+/-": 5
    },
    {
      "Party": "Popular Socialist Party",
      "Votes": 541833,
      "%": 4,
      "Seats": 10,
      "+/-": "zero"
    },
    {
      "Party": "Authentic Party of the Mexican Revolution",
      "Votes": 272339,
      "%": "2.0%",
      "Seats": 7,
      "+/-": 2
    },
    {
      "Party": "Non-registered candidates",
      "Votes": 36858,
      "%": 0.3,
      "Seats": 0,
      "+/-": 0
    }
  ]
}