{
  "table_title": "Filmography Contributions",
  "columns": [
    {
      "column_name": "Year",
      "data_type": "integer",
      "description": "The year the film was released."
    },
    {
      "column_name": "Title",
      "data_type": "string",
      "description": "The title of the film."
    },
    {
      "column_name": "Role",
      "data_type": "string",
      "description": "The role(s) the individual performed in the production of the film, such as composer or performer."
    },
    {
      "column_name": "Director",
      "data_type": "string",
      "description": "The director of the film."
    }
  ],
  "first 5 rows": [
    {
      "Year": 2003,
      "Title": "Haute Tension",
      "Role": "composer, performer",
      "Director": "Alexandre Aja"
    },
    {
      "Year": 2003,
      "Title": "Who Killed Bambi?",
      "Role": "Composer",
      "Director": "gilles marchand"
    },
    {
      "Year": 2005,
      "Title": "Beyond Hatred",
      "Role": "Composer",
      "Director": "Olivier Meyrou"
    },
    {
      "Year": 2006,
      "Title": "The Hills Have Eyes",
      "Role": "Sound designer, music designer",
      "Director": "Alexandre Aja"
    },
    {
      "Year": 2006,
      "Title": "Danger Attacks at Dawn",
      "Role": "Voice: \"The Director\"",
      "Director": "Bertrand Le Cabec, Sébastien Savine, Frédéric Servant"
    }
  ]
}