{
  "table_title": "Drama League Award Nominations 2013",
  "columns": [
    {
      "column_name": "Year",
      "data_type": "integer",
      "description": "The year in which the Drama League Award nomination took place."
    },
    {
      "column_name": "Award",
      "data_type": "string",
      "description": "The name of the award for which the nominee was considered."
    },
    {
      "column_name": "Category",
      "data_type": "string",
      "description": "The specific category of the Drama League Award for which the nominee was considered."
    },
    {
      "column_name": "Nominee",
      "data_type": "string",
      "description": "The name of the individual or title of the play that was nominated for the award."
    },
    {
      "column_name": "Result",
      "data_type": "string",
      "description": "The result of the nomination, indicating whether the nominee was awarded or just nominated."
    }
  ],
  "first 5 rows": [
    {
      "Year": 2013,
      "Award": "drama league award",
      "Category": "Outstanding Revival of a Broadway or Off-Broadway Play",
      "Nominee": "Outstanding Revival of a Broadway or Off-Broadway Play",
      "Result": "Nominated"
    },
    {
      "Year": 2013,
      "Award": "Drama League Award",
      "Category": "Distinguished Performance Award",
      "Nominee": "Brandon J. Dirden",
      "Result": "nominated"
    },
    {
      "Year": 2013,
      "Award": "Drama League Award",
      "Category": "Distinguished Performance Award",
      "Nominee": "Roslyn Ruff",
      "Result": "Nominated"
    },
    {
      "Year": 2013,
      "Award": "Outer Critics Circle Award",
      "Category": "Outstanding Revival of a Play (Broadway or Off-Broadway)",
      "Nominee": "outstanding revival of a play (broadway or off-broadway)",
      "Result": "Nominated"
    },
    {
      "Year": 2013,
      "Award": "Drama Desk Award",
      "Category": "Outstanding Revival of a Play",
      "Nominee": "Outstanding Revival of a Play",
      "Result": "Nominated"
    }
  ]
}