{
  "table_title": "Music Album Releases",
  "columns": [
    {
      "column_name": "Year",
      "data_type": "integer",
      "description": "The year the album was released."
    },
    {
      "column_name": "Title",
      "data_type": "string",
      "description": "The title of the music album."
    },
    {
      "column_name": "Format",
      "data_type": "string",
      "description": "The format in which the album was released, such as CD or LP."
    },
    {
      "column_name": "Label",
      "data_type": "string",
      "description": "The record label that released the album."
    }
  ],
  "first 5 rows": [
    {
      "Year": 2006,
      "Title": "Loyal Eyes Betrayed the Mind",
      "Format": "cd",
      "Label": "Self-released"
    },
    {
      "Year": 2008,
      "Title": "Harmonic Motion Vol.1",
      "Format": "CD",
      "Label": "differential records"
    },
    {
      "Year": 2008,
      "Title": "Loyal Eyes Betrayed the Mind",
      "Format": "2xLP",
      "Label": "The Mylene Sheath"
    },
    {
      "Year": 2009,
      "Title": "From Fathoms",
      "Format": "cd/2xlp",
      "Label": "The Mylene Sheath"
    },
    {
      "Year": 2010,
      "Title": "Gifts from Enola",
      "Format": "CD/LP",
      "Label": "The Mylene Sheath"
    }
  ]
}