{
  "table_title": "Golf Tournament Player Performance",
  "columns": [
    {
      "column_name": "#",
      "data_type": "integer | string",
      "description": "The ranking position of the player in the tournament. This can be an integer or a string in case of ties (e.g., 'T3' for a tie in third place)."
    },
    {
      "column_name": "Player",
      "data_type": "string",
      "description": "The name of the golf player."
    },
    {
      "column_name": "Country",
      "data_type": "string",
      "description": "The country or region the golf player represents."
    },
    {
      "column_name": "Score",
      "data_type": "string",
      "description": "The player's score for each round of the tournament, represented as a string of numbers separated by hyphens, with the total score at the end after an equals sign."
    },
    {
      "column_name": "To par",
      "data_type": "string",
      "description": "The player's total score relative to the course's par score, represented as a string with a leading plus or minus sign to indicate scores above or below par respectively."
    }
  ],
  "first 5 rows": [
    {
      "#": 1,
      "Player": "Kim Felton",
      "Country": "Australia",
      "Score": "70-67-69-69=275",
      "To par": -11
    },
    {
      "#": 2,
      "Player": "Mikko Ilonen",
      "Country": "Finland",
      "Score": "67-70-71-69=278",
      "To par": -9
    },
    {
      "#": "T3",
      "Player": "Luke Donald",
      "Country": "Great Britain & Ireland",
      "Score": "70-70-69-71=280",
      "To par": -6
    },
    {
      "#": "T3",
      "Player": "Chan Yih-shin",
      "Country": "Chinese Taipei",
      "Score": "71-69-72-68=280",
      "To par": -6
    },
    {
      "#": 5,
      "Player": "Wilfredo Morales",
      "Country": "Puerto Rico",
      "Score": "67-68-75-71=281",
      "To par": -5
    }
  ]
}