{
  "table_title": "Brazilian Football Club Competitions and Seasons",
  "columns": [
    {
      "column_name": "Club",
      "data_type": "string",
      "description": "This column represents the names of the Brazilian football clubs."
    },
    {
      "column_name": "Competition",
      "data_type": "string",
      "description": "This column indicates the specific competition in which the club participated."
    },
    {
      "column_name": "Seasons",
      "data_type": "integer",
      "description": "This column shows the year or season when the club participated in the respective competition."
    }
  ],
  "first 5 rows": [
    {
      "Club": "América-RN",
      "Competition": "campeonato do nordeste",
      "Seasons": 1998
    },
    {
      "Club": "America-RN",
      "Competition": "Campeonato Brasileiro Série B runner-up",
      "Seasons": 1996
    },
    {
      "Club": "América-RN",
      "Competition": "Campeonato do Nordeste",
      "Seasons": 1898
    },
    {
      "Club": "América-RN",
      "Competition": "Campeonato Brasileiro Série B runner-up",
      "Seasons": 2096
    },
    {
      "Club": "América-RN",
      "Competition": "Campeonato do Nordeste",
      "Seasons": 2025
    }
  ]
}