{
  "table_title": "Song Release Information",
  "columns": [
    {
      "column_name": "Title",
      "data_type": "string",
      "description": "This column represents the title of the song."
    },
    {
      "column_name": "Year",
      "data_type": "integer",
      "description": "This column indicates the year the song was released."
    },
    {
      "column_name": "Album",
      "data_type": "string",
      "description": "This column specifies the album in which the song was included."
    }
  ],
  "first 5 rows": [
    {
      "Title": "\"The Years\"",
      "Year": 2011,
      "Album": "Batman: Arkham City - The Album"
    },
    {
      "Title": "\"Dragula\"",
      "Year": 2012,
      "Album": "Mondo sex Head"
    },
    {
      "Title": "\"The Epilogue\"",
      "Year": 2014,
      "Album": "Soundwave: 2014"
    },
    {
      "Title": 80,
      "Year": 2015,
      "Album": "Jaco Original Soundtrack"
    },
    {
      "Title": "\"The Years\"",
      "Year": 2011,
      "Album": "Batman: Arkham City – The Album"
    }
  ]
}