{
  "table_title": "Top Premier League Goal Scorers",
  "columns": [
    {
      "column_name": "Rank",
      "data_type": "integer | string",
      "description": "The rank of the player based on the number of goals scored in the Premier League."
    },
    {
      "column_name": "Player",
      "data_type": "string",
      "description": "The name of the football player."
    },
    {
      "column_name": "Premier League club(s)",
      "data_type": "string",
      "description": "The Premier League football clubs the player has played for."
    },
    {
      "column_name": "National team",
      "data_type": "string",
      "description": "The national football team the player has represented."
    },
    {
      "column_name": "Goals",
      "data_type": "integer | string",
      "description": "The total number of goals the player has scored in the Premier League."
    },
    {
      "column_name": "Played",
      "data_type": "integer | string",
      "description": "The total number of matches the player has played in the Premier League."
    },
    {
      "column_name": "Ratio",
      "data_type": "float | string",
      "description": "The ratio of goals scored to matches played by the player in the Premier League."
    }
  ],
  "first 5 rows": [
    {
      "Rank": 1,
      "Player": "Alan Shearer",
      "Premier League club(s)": "Blackburn Rovers, Newcastle United",
      "National team": "England",
      "Goals": 260,
      "Played": 441,
      "Ratio": 0.59
    },
    {
      "Rank": 2,
      "Player": "Wayne Rooney",
      "Premier League club(s)": "Everton, Manchester United",
      "National team": "ENG",
      "Goals": 208,
      "Played": 494,
      "Ratio": 0.42
    },
    {
      "Rank": 3,
      "Player": "Andy Cole",
      "Premier League club(s)": "Newcastle United, Man Utd, Blackburn Rovers, Fulham, Manchester City, Portsmouth",
      "National team": "England",
      "Goals": 187,
      "Played": 414,
      "Ratio": 0.45
    },
    {
      "Rank": 4,
      "Player": "Frank Lampard",
      "Premier League club(s)": "West Ham United, Chelsea, Manchester City",
      "National team": "England",
      "Goals": 177,
      "Played": 609,
      "Ratio": 29
    },
    {
      "Rank": 5,
      "Player": "Thierry Henry",
      "Premier League club(s)": "Arsenal",
      "National team": "France",
      "Goals": 175,
      "Played": 258,
      "Ratio": 0.68
    }
  ]
}