{
  "table_title": "Golf Tournament Results",
  "columns": [
    {
      "column_name": "Place",
      "data_type": "integer | string",
      "description": "The ranking position of the player in the golf tournament."
    },
    {
      "column_name": "Player",
      "data_type": "string",
      "description": "The name of the professional golfer."
    },
    {
      "column_name": "Country",
      "data_type": "string",
      "description": "The country the player represents in the tournament."
    },
    {
      "column_name": "Score",
      "data_type": "string",
      "description": "The player's total score for each round of the tournament, with the total score at the end."
    },
    {
      "column_name": "To par",
      "data_type": "integer | string",
      "description": "The player's overall score relative to the par score of the golf course. A negative number indicates the number of strokes under par, 'E' represents an even score with the par, and a positive number indicates the number of strokes over par."
    },
    {
      "column_name": "Money ($)",
      "data_type": "string",
      "description": "The monetary prize awarded to the player for their position in the tournament."
    }
  ],
  "first 5 rows": [
    {
      "Place": 1,
      "Player": "Tom Kite",
      "Country": "United States",
      "Score": "71-72-70-72=285",
      "To par": -3,
      "Money ($)": 275000
    },
    {
      "Place": 2,
      "Player": "Jeff Sluman",
      "Country": "USA",
      "Score": "73-74-69-71=287",
      "To par": -1,
      "Money ($)": 137500
    },
    {
      "Place": 3,
      "Player": "Colin Montgomerie",
      "Country": "Scotland",
      "Score": "70-71-77-70=288",
      "To par": "E",
      "Money ($)": 84245
    },
    {
      "Place": "T4",
      "Player": "Nick Faldo",
      "Country": "England",
      "Score": "70-76-68-77=291",
      "To par": 3,
      "Money ($)": 54924
    },
    {
      "Place": "T4",
      "Player": "Nick Price",
      "Country": "Zimbabwe",
      "Score": "71-72-77-71=291",
      "To par": 3,
      "Money ($)": 54924
    }
  ]
}