{
  "table_title": "Filmography Details",
  "columns": [
    {
      "column_name": "Year",
      "data_type": "integer",
      "description": "The year in which the movie was released."
    },
    {
      "column_name": "Title",
      "data_type": "string",
      "description": "The title of the movie."
    },
    {
      "column_name": "Role",
      "data_type": "string",
      "description": "The specific role played by the actor in the movie."
    }
  ],
  "first 5 rows": [
    {
      "Year": 1958,
      "Title": "I Want to Live!",
      "Role": "the lieutenant"
    },
    {
      "Year": 1959,
      "Title": "Compulsion",
      "Role": "Padua – Horn's Assistant"
    },
    {
      "Year": 1959,
      "Title": "Pork Chop Hill",
      "Role": "private saxon"
    },
    {
      "Year": 1959,
      "Title": "Operation Petticoat",
      "Role": "Seaman Ernest Hunkle, USN"
    },
    {
      "Year": 1959,
      "Title": "The Gene Krupa Story",
      "Role": "Ted Krupa (Uncredited)"
    }
  ]
}