{
  "table_title": "Cricket Team Innings Statistics for England and Australia",
  "columns": [
    {
      "column_name": "Statistic",
      "data_type": "string",
      "description": "This column lists the specific cricket team innings statistic being compared, such as 'Highest team innings' or 'Lowest team innings'."
    },
    {
      "column_name": "England",
      "data_type": "integer",
      "description": "This column provides the numerical value for the specified statistic for the England cricket team."
    },
    {
      "column_name": "Australia",
      "data_type": "integer",
      "description": "This column provides the numerical value for the specified statistic for the Australia cricket team."
    }
  ],
  "first 5 rows": [
    {
      "Statistic": "Highest team innings",
      "England": 644,
      "Australia": 481
    },
    {
      "Statistic": "Lowest team innings",
      "England": 123,
      "Australia": 198
    },
    {
      "Statistic": "highest team innings",
      "England": 644,
      "Australia": 481
    },
    {
      "Statistic": "Lowest team innings",
      "England": 123,
      "Australia": "Ninety-Eight"
    },
    {
      "Statistic": "Lowest team innings",
      "England": 123,
      "Australia": 1012
    }
  ]
}