{
  "table_title": "Football Club Performance Statistics",
  "columns": [
    {
      "column_name": "Club performance",
      "data_type": "string",
      "description": "This column indicates the performance category or specific football club or league associated with the statistics."
    },
    {
      "column_name": "League",
      "data_type": "integer | string",
      "description": "This column specifies either the type of league or the number of goals scored in league matches."
    },
    {
      "column_name": "Cup",
      "data_type": "integer | string",
      "description": "This column indicates either the type of cup competition or the number of goals scored in cup matches."
    },
    {
      "column_name": "Continental",
      "data_type": "integer | string",
      "description": "This column represents either the continental competition or the number of goals scored in continental matches."
    },
    {
      "column_name": "Total",
      "data_type": "integer | string",
      "description": "This column displays either the total category or the total number of goals scored across all competitions."
    }
  ],
  "first 5 rows": [
    {
      "Club performance": "League",
      "League": "Goals",
      "Cup": "Goals",
      "Continental": "Goals",
      "Total": "Goals"
    },
    {
      "Club performance": "Italy",
      "League": "League",
      "Cup": "Coppa Italia",
      "Continental": "Europe",
      "Total": "Total"
    },
    {
      "Club performance": "Serie A",
      "League": 0,
      "Cup": 0,
      "Continental": 0,
      "Total": 0
    },
    {
      "Club performance": "Serie A",
      "League": 1,
      "Cup": 0,
      "Continental": 0,
      "Total": 2
    },
    {
      "Club performance": "Serie A",
      "League": 1,
      "Cup": 0,
      "Continental": 0,
      "Total": 1
    }
  ]
}