{
  "table_title": "Kuwait's Participation in International Athletics Competitions",
  "columns": [
    {
      "column_name": "Year",
      "data_type": "integer | string",
      "description": "The year in which the competition took place. It can be an integer or a string indicating a special event or condition."
    },
    {
      "column_name": "Competition",
      "data_type": "string",
      "description": "The name of the international athletics competition in which Kuwait participated."
    },
    {
      "column_name": "Venue",
      "data_type": "string",
      "description": "The location or city where the competition was held."
    },
    {
      "column_name": "Position",
      "data_type": "string",
      "description": "The final position or rank achieved by the Kuwaiti athlete or team in the competition."
    },
    {
      "column_name": "Event",
      "data_type": "string",
      "description": "The specific athletic event in which the Kuwaiti athlete or team competed."
    },
    {
      "column_name": "Notes",
      "data_type": "string",
      "description": "Additional information or notable achievements related to the competition, such as record distances or times."
    }
  ],
  "first 5 rows": [
    {
      "Year": "Representing Kuwait",
      "Competition": "Representing Kuwait",
      "Venue": "Representing Kuwait",
      "Position": "Representing Kuwait",
      "Event": "Representing Kuwait",
      "Notes": "Representing Kuwait"
    },
    {
      "Year": 1998,
      "Competition": "World Junior Championships",
      "Venue": "Annecy, France",
      "Position": "19th (q)",
      "Event": "Shot put",
      "Notes": "15.76 m"
    },
    {
      "Year": 1999,
      "Competition": "Asian Junior Championships",
      "Venue": "Singapore",
      "Position": "1st",
      "Event": "Shot put",
      "Notes": "17.87 meters"
    },
    {
      "Year": 1999,
      "Competition": "Arab Championships",
      "Venue": "Beirut, Lebanon",
      "Position": "3rd",
      "Event": "Shot put",
      "Notes": "17.91 m"
    },
    {
      "Year": 2000,
      "Competition": "Asian Championships",
      "Venue": "Jakarta, Indonesia",
      "Position": "5th",
      "Event": "Shot put",
      "Notes": "17.81 m"
    }
  ]
}