{
  "table_title": "Television Series Performances",
  "columns": [
    {
      "column_name": "Year",
      "data_type": "integer | string",
      "description": "The year or range of years the television series was aired."
    },
    {
      "column_name": "Title",
      "data_type": "string",
      "description": "The title of the television series."
    },
    {
      "column_name": "Role",
      "data_type": "string",
      "description": "The character played by the actor in the television series."
    },
    {
      "column_name": "Language",
      "data_type": "string",
      "description": "The language in which the television series was broadcasted."
    },
    {
      "column_name": "Channel",
      "data_type": "string",
      "description": "The television channel that broadcasted the series."
    }
  ],
  "first 5 rows": [
    {
      "Year": 1999,
      "Title": "Prapancha",
      "Role": "Pramila",
      "Language": "Marathi",
      "Channel": "zee marathi"
    },
    {
      "Year": 2008,
      "Title": "Ek Packet Umeed",
      "Role": "bakuben",
      "Language": "Hindi",
      "Channel": "NDTV Imagine"
    },
    {
      "Year": "2009–2010",
      "Title": "Agnihotra",
      "Role": "Prabhamami",
      "Language": "marathi",
      "Channel": "Star Pravah"
    },
    {
      "Year": "2010–2012",
      "Title": "Kunku",
      "Role": "Krishnaatya",
      "Language": "Marathi",
      "Channel": "Zee Marathi"
    },
    {
      "Year": "2012-2013",
      "Title": "Khamoshiyaan",
      "Role": "Aaji",
      "Language": "Hindi",
      "Channel": "Star Plus"
    }
  ]
}