{
  "table_title": "West Germany Athletics Competitions History",
  "columns": [
    {
      "column_name": "Year",
      "data_type": "integer | string",
      "description": "The year in which the athletic competition took place, or a string representing the country West Germany."
    },
    {
      "column_name": "Competition",
      "data_type": "string",
      "description": "The name of the athletic competition or event, or a string representing the country West Germany."
    },
    {
      "column_name": "Venue",
      "data_type": "string",
      "description": "The location or city where the athletic competition took place, or a string representing the country West Germany."
    },
    {
      "column_name": "Position",
      "data_type": "string",
      "description": "The final position or rank achieved in the competition, or a string representing the country West Germany."
    },
    {
      "column_name": "Event",
      "data_type": "string",
      "description": "The specific event within the athletic competition, or a string representing the country West Germany."
    },
    {
      "column_name": "Notes",
      "data_type": "string",
      "description": "Additional notes about the event, typically a time or score, or a string representing the country West Germany."
    }
  ],
  "first 5 rows": [
    {
      "Year": "Representing West Germany",
      "Competition": "Representing West Germany",
      "Venue": "Representing West Germany",
      "Position": "Representing West Germany",
      "Event": "Representing West Germany",
      "Notes": "Representing West Germany"
    },
    {
      "Year": 1986,
      "Competition": "European Championships",
      "Venue": "Stuttgart, West Germany",
      "Position": "20th",
      "Event": "10,000 meters",
      "Notes": "33:03.63"
    },
    {
      "Year": 1987,
      "Competition": "Berlin Marathon",
      "Venue": "Berlin, West Germany",
      "Position": "1st",
      "Event": "Marathon",
      "Notes": "2:31:22"
    },
    {
      "Year": 1987,
      "Competition": "World Championships",
      "Venue": "Rome, Italy",
      "Position": "10th",
      "Event": "10000 m",
      "Notes": "31:56.80"
    },
    {
      "Year": 1988,
      "Competition": "Olympic Games",
      "Venue": "Seoul, South Korea",
      "Position": "21st",
      "Event": "Marathon",
      "Notes": "02:34:26"
    }
  ]
}