{
  "table_title": "Championship Finals History",
  "columns": [
    {
      "column_name": "Outcome",
      "data_type": "string",
      "description": "This column represents the final result of the championship match, indicating whether the player was a 'Winner' or 'Runner-up'."
    },
    {
      "column_name": "No.",
      "data_type": "float",
      "description": "This column represents the order or sequence of the championship match in the player's career."
    },
    {
      "column_name": "Year",
      "data_type": "integer",
      "description": "This column represents the year in which the championship match took place."
    },
    {
      "column_name": "Championship",
      "data_type": "string",
      "description": "This column represents the name of the championship tournament."
    },
    {
      "column_name": "Opponent in the final",
      "data_type": "string",
      "description": "This column represents the name of the opponent player in the final match of the championship."
    },
    {
      "column_name": "Score",
      "data_type": "string",
      "description": "This column represents the final score of the championship match. The score is represented as 'player's score–opponent's score'."
    }
  ],
  "first 5 rows": [
    {
      "Outcome": "Winner",
      "No.": 1,
      "Year": 1997,
      "Championship": "Grand Prix",
      "Opponent in the final": "John Higgins",
      "Score": "9-6"
    },
    {
      "Outcome": "winner",
      "No.": 2,
      "Year": 2007,
      "Championship": "shanghai masters",
      "Opponent in the final": "Ryan Day",
      "Score": "10–6"
    },
    {
      "Outcome": "Winner",
      "No.": 1,
      "Year": 1997,
      "Championship": "Grand Prix",
      "Opponent in the final": "John Higgins",
      "Score": "9–6"
    },
    {
      "Outcome": "Winner",
      "No.": 2,
      "Year": 2007,
      "Championship": "Shanghai Masters",
      "Opponent in the final": "Ryan Day",
      "Score": "10–6"
    },
    {
      "Outcome": "Winner",
      "No.": 3,
      "Year": 2023,
      "Championship": "World Championship",
      "Opponent in the final": "Mark Selby",
      "Score": "16–0"
    }
  ]
}