{
  "table_title": "Football Club Membership History",
  "columns": [
    {
      "column_name": "Club",
      "data_type": "string",
      "description": "The name of the football club."
    },
    {
      "column_name": "Country",
      "data_type": "string",
      "description": "The country where the football club is based."
    },
    {
      "column_name": "Year",
      "data_type": "integer | string",
      "description": "The range of years during which the club was active."
    }
  ],
  "first 5 rows": [
    {
      "Club": "Peñarol",
      "Country": "Uruguay",
      "Year": "1979-1986"
    },
    {
      "Club": "Nacional",
      "Country": "Uruguay",
      "Year": "1987-88"
    },
    {
      "Club": "Real Oviedo",
      "Country": "España",
      "Year": "1988-1989"
    },
    {
      "Club": "LDU Quito",
      "Country": "Ecuador",
      "Year": 90
    },
    {
      "Club": "Nacional",
      "Country": "uruguay",
      "Year": 1990
    }
  ]
}