{
  "table_title": "Wolverhampton Wanderers Football Club Seasonal Goal Statistics",
  "columns": [
    {
      "column_name": "Club",
      "data_type": "string",
      "description": "This column contains the name of the football club. In this table, all entries are 'Wolverhampton Wanderers'."
    },
    {
      "column_name": "Season",
      "data_type": "string",
      "description": "This column specifies the football season for the corresponding goal statistics, formatted as 'start year–end year'."
    },
    {
      "column_name": "League",
      "data_type": "integer | string",
      "description": "This column shows the number of goals scored by Wolverhampton Wanderers in the league matches during the specified season."
    },
    {
      "column_name": "FA Cup",
      "data_type": "integer | string",
      "description": "This column represents the number of goals scored by Wolverhampton Wanderers in the FA Cup matches during the specified season."
    },
    {
      "column_name": "Total",
      "data_type": "integer | string",
      "description": "This column displays the total number of goals scored by Wolverhampton Wanderers across all matches (league and FA Cup) during the specified season."
    }
  ],
  "first 5 rows": [
    {
      "Club": "Club",
      "Season": "Season",
      "League": "Goals",
      "FA Cup": "Goals",
      "Total": "Goals"
    },
    {
      "Club": "Wolverhampton Wanderers",
      "Season": "1895–96",
      "League": 0,
      "FA Cup": 0,
      "Total": 0
    },
    {
      "Club": "Wolverhampton Wanderers",
      "Season": "1896–97",
      "League": 7,
      "FA Cup": 0,
      "Total": 7
    },
    {
      "Club": "Wolverhampton Wanderers",
      "Season": "1897–98",
      "League": 4,
      "FA Cup": 0,
      "Total": 4
    },
    {
      "Club": "Wolverhampton Wanderers",
      "Season": "1898–99",
      "League": 12,
      "FA Cup": 0,
      "Total": 12
    }
  ]
}