{
  "table_title": "FNV Hash Function Parameters",
  "columns": [
    {
      "column_name": "Size in bits",
      "data_type": "integer",
      "description": "The size of the hash in bits. This is an integer value representing the bit length of the hash function."
    },
    {
      "column_name": "FNV prime",
      "data_type": "string",
      "description": "The prime number used in the FNV hash function. This is a string representation of a mathematical equation that calculates the prime number."
    },
    {
      "column_name": "FNV offset basis",
      "data_type": "string",
      "description": "The offset basis used in the FNV hash function. This is a string representation of both the decimal and hexadecimal values of the offset basis."
    }
  ],
  "first 5 rows": [
    {
      "Size in bits": 32,
      "FNV prime": "224 + 28 + 0x93 = 16777618",
      "FNV offset basis": "2166136261 = 0x811c9dc5"
    },
    {
      "Size in bits": 64,
      "FNV prime": "240 + 28 + 0xb3 = 1099511628211",
      "FNV offset basis": "14695981039346656038 = 0xcbf29ce484222325"
    },
    {
      "Size in bits": 128,
      "FNV prime": "288 + 28 + 0x3b = 309485009821345068724781371",
      "FNV offset basis": "144066263297769815596495629667062367629 = 0x6c62272e07bb014262b821756295c58d"
    },
    {
      "Size in bits": 256,
      "FNV prime": "2168 + 28 + 0x63 = 374144419156711147060143317 175368453031918731002211",
      "FNV offset basis": "100029257958052580907070968620625704837 092796014241193945225284501741471925557 = 0xdd268dbcaac550362d98c384c4e576ccc8b153 6847b6bbb31023b4c8caee0535"
    },
    {
      "Size in bits": 512,
      "FNV prime": "2344 + 28 + 0x57 = 358359158748448673689190764 890951084499463279557543925 583998256154206699388825751 26094039892345713852759",
      "FNV offset basis": "965930312949666949800943540071631046609 041874567263789610837432943446265799458 293219771643844981305189220653980578449 5328239340083876191928701583869517785 = 0xb86db0b1171f4416dca1e50f309990acac87d0 59c90000000000000000000d21e948f68a34c192 f62ea79bc942dbe7ce182036415f56e34bac982a ac4afe9fd8"
    }
  ]
}