{
  "table_title": "French Athletics Competitions History",
  "columns": [
    {
      "column_name": "Year",
      "data_type": "integer | string",
      "description": "The year in which the competition took place. This can be an integer representing the year or a string indicating a non-specific year."
    },
    {
      "column_name": "Competition",
      "data_type": "string",
      "description": "The name of the athletic competition in which France participated."
    },
    {
      "column_name": "Venue",
      "data_type": "string",
      "description": "The location where the competition was held."
    },
    {
      "column_name": "Position",
      "data_type": "string",
      "description": "The final position or rank France achieved in the competition."
    },
    {
      "column_name": "Event",
      "data_type": "string",
      "description": "The specific event in the competition in which France participated."
    },
    {
      "column_name": "Notes",
      "data_type": "float | string",
      "description": "Additional information about the event, which can be a numeric value like the time taken to complete the event or a string providing other details."
    }
  ],
  "first 5 rows": [
    {
      "Year": "Representing france",
      "Competition": "Representing France",
      "Venue": "Representing France",
      "Position": "Representing France",
      "Event": "Representing France",
      "Notes": "Representing France"
    },
    {
      "Year": 2011,
      "Competition": "World Youth Championships",
      "Venue": "Lille, France",
      "Position": "Seventh",
      "Event": "400 m",
      "Notes": 47.27
    },
    {
      "Year": 2011,
      "Competition": "World Youth Championships",
      "Venue": "Lille, France",
      "Position": "3rd",
      "Event": "Medley relay",
      "Notes": "1:51.81"
    },
    {
      "Year": 2013,
      "Competition": "European Indoor Championships",
      "Venue": "Gothenburg, Sweden",
      "Position": "–",
      "Event": "400 meters",
      "Notes": "DQ"
    },
    {
      "Year": 2013,
      "Competition": "European Junior Championships",
      "Venue": "Rieti, Italy",
      "Position": "3rd",
      "Event": "400 m",
      "Notes": 46.21
    }
  ]
}