{
  "table_title": "Track and Field Event Records",
  "columns": [
    {
      "column_name": "Event",
      "data_type": "string",
      "description": "The specific track and field event."
    },
    {
      "column_name": "Time (seconds)",
      "data_type": "float | string",
      "description": "The record time for the event, in seconds."
    },
    {
      "column_name": "Venue",
      "data_type": "string",
      "description": "The location where the event record was set."
    },
    {
      "column_name": "Date",
      "data_type": "string",
      "description": "The date when the event record was set."
    }
  ],
  "first 5 rows": [
    {
      "Event": "60 meters",
      "Time (seconds)": 6.77,
      "Venue": "Syracuse, New York",
      "Date": "February 21, 2004"
    },
    {
      "Event": "100 meters",
      "Time (seconds)": 10.42,
      "Venue": "Piscataway, NJ",
      "Date": "05/01/2004"
    },
    {
      "Event": "200 meters",
      "Time (seconds)": "22.23 s",
      "Venue": "NY, New York",
      "Date": "March 9, 2002"
    },
    {
      "Event": "Event",
      "Time (seconds)": "Mark (meters)",
      "Venue": "Venue",
      "Date": "Date"
    },
    {
      "Event": "Long Jump",
      "Time (seconds)": 7.37,
      "Venue": "Syracuse, NY",
      "Date": "February 21st, 2004"
    }
  ]
}