{
  "table_title": "Actor's Television Roles by Year",
  "columns": [
    {
      "column_name": "Year",
      "data_type": "integer | string",
      "description": "The year in which the actor played a specific role in a television show, which can be represented as either an integer or a string."
    },
    {
      "column_name": "Title",
      "data_type": "string",
      "description": "The title of the television show in which the actor played a role."
    },
    {
      "column_name": "Role",
      "data_type": "string",
      "description": "The name of the role that the actor played in the television show."
    },
    {
      "column_name": "Notes",
      "data_type": "string",
      "description": "Additional information about the actor's role in the television show, such as the number of episodes they appeared in and whether they were a recurring or guest star."
    }
  ],
  "first 5 rows": [
    {
      "Year": 2011,
      "Title": "House of Anubis",
      "Role": "Jason Winkler",
      "Notes": "Recurring (30 Episodes)"
    },
    {
      "Year": 2012,
      "Title": "doctors",
      "Role": "Harry Kilber-Bennett",
      "Notes": "Guest-star (1 Episode)"
    },
    {
      "Year": 2012,
      "Title": "Threesome",
      "Role": "Pull / Paul",
      "Notes": "Guest-star (1 Episode)"
    },
    {
      "Year": 2012,
      "Title": "Misfits",
      "Role": "White Rabbit",
      "Notes": "guest-star (1 Episode)"
    },
    {
      "Year": 2013,
      "Title": "Dancing on the Edge",
      "Role": "Leopold",
      "Notes": "Guest-star (1 Episode)"
    }
  ]
}