{
  "table_title": "Shot Put Performance Records",
  "columns": [
    {
      "column_name": "Event",
      "data_type": "string",
      "description": "The name of the shot put event, distinguishing between indoor and outdoor."
    },
    {
      "column_name": "Best (m)",
      "data_type": "float",
      "description": "The best recorded distance in meters achieved in the event."
    },
    {
      "column_name": "Venue",
      "data_type": "string",
      "description": "The location where the event took place, including city, state, and country."
    },
    {
      "column_name": "Date",
      "data_type": "string",
      "description": "The date when the event took place, formatted as 'Month Day, Year'."
    }
  ],
  "first 5 rows": [
    {
      "Event": "Shot put (outdoor)",
      "Best (m)": "18.13 m",
      "Venue": "Provo, Utah, US",
      "Date": "May 24, 2008"
    },
    {
      "Event": "shot put (Indoor)",
      "Best (m)": "59.18 ft",
      "Venue": "Boston, Massachusetts, United States",
      "Date": "23 February 2008"
    },
    {
      "Event": "Shot put (outdoor)",
      "Best (m)": 24.13,
      "Venue": "Provo, Utah, United States",
      "Date": "May 24, 2008"
    },
    {
      "Event": "Shot put (indoor)",
      "Best (m)": 18.03,
      "Venue": "Boston, Massachusetts, United States",
      "Date": "February 23, 2018"
    },
    {
      "Event": "Shot put (outdoor)",
      "Best (m)": 18.13,
      "Venue": "Atlantis, Ocean",
      "Date": "May 24, 2008"
    }
  ]
}