{
  "table_title": "The Voice Contestant Performance Records",
  "columns": [
    {
      "column_name": "Stage",
      "data_type": "string",
      "description": "The stage or round of the competition in which the performance took place."
    },
    {
      "column_name": "Song",
      "data_type": "string",
      "description": "The title of the song performed by the contestant, including details if it was a duet or battle round."
    },
    {
      "column_name": "Original Artist",
      "data_type": "string",
      "description": "The original artist or band who performed the song."
    },
    {
      "column_name": "Date",
      "data_type": "string",
      "description": "The date on which the performance took place."
    },
    {
      "column_name": "Order",
      "data_type": "float",
      "description": "The order in which the performance occurred in the respective stage, represented as a decimal number."
    },
    {
      "column_name": "Result",
      "data_type": "string",
      "description": "The outcome of the performance, including which coach turned for the contestant, or whether the contestant was eliminated or progressed."
    }
  ],
  "first 5 rows": [
    {
      "Stage": "blind audition",
      "Song": "\"You Are So Beautiful\"",
      "Original Artist": "Joe Cocker",
      "Date": "23rd September 2013",
      "Order": 1.3,
      "Result": "Adam Levine and Christina Aguilera turned Joined Team Adam"
    },
    {
      "Stage": "Battle Rounds",
      "Song": "\"Next to Me\" (vs. Tessanne Chin)",
      "Original Artist": "emeli sandé",
      "Date": "October 14, 2013",
      "Order": 7.5,
      "Result": "Defeated"
    },
    {
      "Stage": "Blind Audition",
      "Song": "\"You Are So Beautiful\"",
      "Original Artist": "Joe Cocker",
      "Date": "September 23, 2013",
      "Order": 1.3,
      "Result": "Adam Levine and Christina Aguilera turned Joined Team Adam"
    },
    {
      "Stage": "Battle Rounds",
      "Song": "\"Next to Me\" (vs. Tessanne Chin)",
      "Original Artist": "Emeli Sandé",
      "Date": "October 14, 2013",
      "Order": 0.5,
      "Result": "Defeated"
    },
    {
      "Stage": "Blind Audition",
      "Song": "\"Imagine\"",
      "Original Artist": "John Lennon",
      "Date": "August 23, 2013",
      "Order": 3,
      "Result": "No turns"
    }
  ]
}