{
  "table_title": "Deep Mixed Martial Arts Event Details",
  "columns": [
    {
      "column_name": "#",
      "data_type": "integer",
      "description": "This column represents the unique numerical identifier for each event."
    },
    {
      "column_name": "Event title",
      "data_type": "string",
      "description": "This column contains the title or name of each event."
    },
    {
      "column_name": "Date",
      "data_type": "string",
      "description": "This column indicates the date when each event took place."
    },
    {
      "column_name": "Arena",
      "data_type": "string",
      "description": "This column provides the name of the arena or venue where each event was held."
    },
    {
      "column_name": "Location",
      "data_type": "string",
      "description": "This column specifies the city or location where each event took place."
    }
  ],
  "first 5 rows": [
    {
      "#": 49,
      "Event title": "Deep: 27 Impact",
      "Date": "December 20, 2006",
      "Arena": "Korakuen Hall",
      "Location": "tokyo"
    },
    {
      "#": 48,
      "Event title": "Deep: clubDeep Tokyo: Future King Tournament 2006",
      "Date": "12/09/2006",
      "Arena": "Shinjuku Face",
      "Location": "Tokyo"
    },
    {
      "#": 47,
      "Event title": "Deep: clubDeep Toyama: Barbarian Festival 5",
      "Date": "November 19, 2006",
      "Arena": "Toyama Event Plaza",
      "Location": "toyama"
    },
    {
      "#": 46,
      "Event title": "Deep: 26 Impact",
      "Date": "October 10, 2006",
      "Arena": "Korakuen Hall",
      "Location": "Tokyo"
    },
    {
      "#": 45,
      "Event title": "Deep: clubDeep Hakuba: Monster Challenge 2",
      "Date": "2006-08-12",
      "Arena": "Hakuba47 Mountain Sports Park",
      "Location": "Hakuba"
    }
  ]
}