{
  "table_title": "Filmography Details",
  "columns": [
    {
      "column_name": "Year",
      "data_type": "integer",
      "description": "The year the movie or TV series was released."
    },
    {
      "column_name": "Title",
      "data_type": "string",
      "description": "The title of the movie or TV series."
    },
    {
      "column_name": "Role",
      "data_type": "string",
      "description": "The role played by the actor in the movie or TV series."
    },
    {
      "column_name": "Notes",
      "data_type": "string",
      "description": "Additional information about the movie or TV series, such as the type of production and the director."
    }
  ],
  "first 5 rows": [
    {
      "Year": 1999,
      "Title": "The Lord's Lantern in Budapest",
      "Role": "Pepe",
      "Notes": "(Movie film), director: Miklós Jancsó"
    },
    {
      "Year": 2000,
      "Title": "Kisváros",
      "Role": "Guests included",
      "Notes": "(TV series), 3 ep."
    },
    {
      "Year": 2000,
      "Title": "Anyád! A szúnyogok",
      "Role": "pepe",
      "Notes": "Movie film, director: Miklós Jancsó"
    },
    {
      "Year": 2000,
      "Title": "uristen@menny.hu",
      "Role": "Saint Peter",
      "Notes": "(Short)"
    },
    {
      "Year": 2001,
      "Title": "Last Supper at the Arabian Gray Horse",
      "Role": "Pepe",
      "Notes": "(Movie film), director: Miklós Jancsó"
    }
  ]
}