{
  "table_title": "TV Series Appearance History",
  "columns": [
    {
      "column_name": "Year",
      "data_type": "integer | string",
      "description": "The year of the TV series appearance, which can be an integer or string."
    },
    {
      "column_name": "Title",
      "data_type": "string",
      "description": "The title of the TV series in which the appearance was made."
    },
    {
      "column_name": "Role",
      "data_type": "string",
      "description": "The role played in the TV series, which can be a character or as self."
    },
    {
      "column_name": "Notes",
      "data_type": "string",
      "description": "Additional notes about the TV series and the specific episode of the appearance."
    }
  ],
  "first 5 rows": [
    {
      "Year": 1949,
      "Title": "The Ford Theatre Hour",
      "Role": "Friedrich Bhaer",
      "Notes": "TV series; \"little women\""
    },
    {
      "Year": 1950,
      "Title": "Armstrong Circle Theatre",
      "Role": "Himself",
      "Notes": "TV Series; \"Anything But Love\""
    },
    {
      "Year": 1952,
      "Title": "Celanese Theatre",
      "Role": "himself",
      "Notes": "TV series; \"The Animal Kingdom\""
    },
    {
      "Year": "1972-77",
      "Title": "The Streets of San Francisco",
      "Role": "Det. Lt. Mike Stone",
      "Notes": "TV series; 120 episodes Nominated—Primetime Emmy Award for Outstanding Lead Actor in a Drama Series (1974–1977) Nominated—Golden Globe Award for Best Actor - Television Series Drama (1976)"
    },
    {
      "Year": 1977,
      "Title": "Captains Courageous",
      "Role": "Disko Troop",
      "Notes": "TV movie"
    }
  ]
}