{
  "table_title": "Music Single Releases",
  "columns": [
    {
      "column_name": "Year",
      "data_type": "integer",
      "description": "The year in which the single was released."
    },
    {
      "column_name": "Single",
      "data_type": "string",
      "description": "The title of the single."
    },
    {
      "column_name": "Album",
      "data_type": "string",
      "description": "The album from which the single is taken, or 'Non-album single' if it is not part of an album."
    }
  ],
  "first 5 rows": [
    {
      "Year": 2014,
      "Single": "\"Comeback Girl\"",
      "Album": "non-album single"
    },
    {
      "Year": 2016,
      "Single": "\"Dizzy\"",
      "Album": "Mind Expansion"
    },
    {
      "Year": 2016,
      "Single": "\"Livin' My Life\"",
      "Album": "mind expansion"
    },
    {
      "Year": 2016,
      "Single": "\"Your Man\" (feat. Sam Sparro)",
      "Album": "Mind Expansion"
    },
    {
      "Year": 2017,
      "Single": "\"I Can Get\" (feat. Christian Vium)",
      "Album": "Mind Expansion"
    }
  ]
}