{
  "table_title": "Election Results by Party",
  "columns": [
    {
      "column_name": "Party",
      "data_type": "string",
      "description": "The name of the political party."
    },
    {
      "column_name": "Votes",
      "data_type": "string",
      "description": "The total number of votes received by the party, represented as a string."
    },
    {
      "column_name": "%",
      "data_type": "float | integer | string",
      "description": "The percentage of total votes received by the party."
    },
    {
      "column_name": "Seats",
      "data_type": "integer | string",
      "description": "The total number of seats won by the party."
    },
    {
      "column_name": "+/−",
      "data_type": "integer | string",
      "description": "The change in the number of seats won by the party compared to the previous election."
    }
  ],
  "first 5 rows": [
    {
      "Party": "Social Democratic Party",
      "Votes": 3010800,
      "%": 31.7,
      "Seats": 81,
      "+/–": 25
    },
    {
      "Party": "Centre Party",
      "Votes": 1875300,
      "%": 19.8,
      "Seats": 100,
      "+/–": -2
    },
    {
      "Party": "National Liberal Party",
      "Votes": 1317400,
      "%": 13.9,
      "Seats": 51,
      "+/–": 5
    },
    {
      "Party": "German Conservative Party",
      "Votes": 948500,
      "%": 10,
      "Seats": 54,
      "+/–": -2
    },
    {
      "Party": "Free-minded People's Party",
      "Votes": 538200,
      "%": 5.7,
      "Seats": 21,
      "+/–": -8
    }
  ]
}