{
  "table_title": "Athletics Competition Results",
  "columns": [
    {
      "column_name": "Year",
      "data_type": "integer",
      "description": "The year in which the competition took place."
    },
    {
      "column_name": "Competition",
      "data_type": "string",
      "description": "The name of the athletic competition."
    },
    {
      "column_name": "Venue",
      "data_type": "string",
      "description": "The location where the competition was held."
    },
    {
      "column_name": "Position",
      "data_type": "string",
      "description": "The final ranking position of the athlete in the event."
    },
    {
      "column_name": "Event",
      "data_type": "string",
      "description": "The specific athletic event in which the athlete competed."
    },
    {
      "column_name": "Notes",
      "data_type": "float | string",
      "description": "Additional information about the athlete's performance, such as distance jumped or points scored."
    }
  ],
  "first 5 rows": [
    {
      "Year": 1982,
      "Competition": "European Championships",
      "Venue": "Athens, Greece",
      "Position": "9th",
      "Event": "Long jump",
      "Notes": "6.52 m"
    },
    {
      "Year": 1982,
      "Competition": "European Championships",
      "Venue": "Athens, Greece",
      "Position": "12th",
      "Event": "Heptathlon",
      "Notes": "5957 pts"
    },
    {
      "Year": 1983,
      "Competition": "European Indoor Championships",
      "Venue": "Budapest, Romania",
      "Position": "6th",
      "Event": "Long jump",
      "Notes": "6.39 m"
    },
    {
      "Year": 1983,
      "Competition": "World Championships",
      "Venue": "Helsinki, Finland",
      "Position": "6th",
      "Event": "Long jump",
      "Notes": "6.81 m"
    },
    {
      "Year": 1984,
      "Competition": "Friendship Games",
      "Venue": "Prague, Czechoslovakia",
      "Position": "11th",
      "Event": "Long jump",
      "Notes": "6.42 m"
    }
  ]
}