{
  "table_title": "Grammy Nominations for Best Comedy Album (2012-2014)",
  "columns": [
    {
      "column_name": "Year",
      "data_type": "integer",
      "description": "The year in which the Grammy Awards took place."
    },
    {
      "column_name": "Award",
      "data_type": "string",
      "description": "The name of the award being given, in this case, the Grammy Award."
    },
    {
      "column_name": "Category",
      "data_type": "string",
      "description": "The specific category of the award, in this case, Best Comedy Album."
    },
    {
      "column_name": "Nominee(s)",
      "data_type": "string",
      "description": "The name of the album and its artist that were nominated for the award."
    },
    {
      "column_name": "Result",
      "data_type": "string",
      "description": "The result of the nomination, indicating whether the nominee won the award or was simply nominated."
    }
  ],
  "first 5 rows": [
    {
      "Year": 2012,
      "Award": "Grammy Award",
      "Category": "Best Comedy Album",
      "Nominee(s)": "\"Weird Al\" Yankovic's Alpocalypse",
      "Result": "Nominated"
    },
    {
      "Year": 2013,
      "Award": "Grammy Award",
      "Category": "Best Comedy Album",
      "Nominee(s)": "Jim Gaffigan: Mr. Universe",
      "Result": "Nominated"
    },
    {
      "Year": 2014,
      "Award": "Grammy Award",
      "Category": "Best Comedy Album",
      "Nominee(s)": "Bob Saget's That's What I'm Talkin' About",
      "Result": "Nominated"
    },
    {
      "Year": 2014,
      "Award": "Grammy Award",
      "Category": "Best Comedy Album",
      "Nominee(s)": "Craig Ferguson's I'm Here to Help",
      "Result": "Nominated"
    },
    {
      "Year": 2015,
      "Award": "Grammy Award",
      "Category": "Best Comedy Album",
      "Nominee(s)": "Jim Gaffigan's Obsessed",
      "Result": "Nominated"
    }
  ]
}