{
  "table_title": "Athlete's Performance in International Competitions",
  "columns": [
    {
      "column_name": "Year",
      "data_type": "integer",
      "description": "The year in which the competition took place."
    },
    {
      "column_name": "Competition",
      "data_type": "string",
      "description": "The name of the international athletic competition."
    },
    {
      "column_name": "Venue",
      "data_type": "string",
      "description": "The city and country where the competition was held."
    },
    {
      "column_name": "Position",
      "data_type": "string",
      "description": "The athlete's finishing position in the competition."
    },
    {
      "column_name": "Notes",
      "data_type": "string",
      "description": "Additional information about the competition, such as the type of event."
    }
  ],
  "first 5 rows": [
    {
      "Year": 2001,
      "Competition": "European Cross Country Championships",
      "Venue": "Thun, Switzerland",
      "Position": "69th",
      "Notes": "Cross country"
    },
    {
      "Year": 2010,
      "Competition": "European Championships",
      "Venue": "Barcelona, Spain",
      "Position": "25th",
      "Notes": "marathon"
    },
    {
      "Year": 2012,
      "Competition": "Olympic Games",
      "Venue": "London, United Kingdom",
      "Position": "53rd",
      "Notes": "Marathon"
    },
    {
      "Year": 2013,
      "Competition": "hamburg marathon",
      "Venue": "Hamburg, Germany",
      "Position": "2nd",
      "Notes": "Marathon"
    },
    {
      "Year": 2014,
      "Competition": "European Championships",
      "Venue": "Zurich, Switzerland",
      "Position": "9th",
      "Notes": "Marathon"
    }
  ]
}