{
  "table_title": "Football Club Season Performance",
  "columns": [
    {
      "column_name": "Club",
      "data_type": "string",
      "description": "The name of the football club."
    },
    {
      "column_name": "Season",
      "data_type": "string",
      "description": "The specific season the data pertains to, typically denoted by the years it spanned."
    },
    {
      "column_name": "Division",
      "data_type": "string",
      "description": "The division or league in which the club competed during the specified season."
    },
    {
      "column_name": "League",
      "data_type": "integer | string",
      "description": "The number of goals scored by the club in the league matches during the specified season."
    },
    {
      "column_name": "FA Cup",
      "data_type": "integer | string",
      "description": "The number of goals scored by the club in the FA Cup matches during the specified season."
    },
    {
      "column_name": "Total",
      "data_type": "integer | string",
      "description": "The total number of goals scored by the club in all matches during the specified season."
    }
  ],
  "first 5 rows": [
    {
      "Club": "Club",
      "Season": "Season",
      "Division": "Division",
      "League": "Goals",
      "FA Cup": "Goals",
      "Total": "Goals"
    },
    {
      "Club": "Liverpool",
      "Season": "1911-12",
      "Division": "First division",
      "League": 0,
      "FA Cup": 0,
      "Total": 0
    },
    {
      "Club": "Liverpool",
      "Season": "1912/13",
      "Division": "First Division",
      "League": 0,
      "FA Cup": 0,
      "Total": 0
    },
    {
      "Club": "Liverpool",
      "Season": "1913–14",
      "Division": "first Division",
      "League": 0,
      "FA Cup": 0,
      "Total": 0
    },
    {
      "Club": "Liverpool",
      "Season": "1914–15",
      "Division": "First Division",
      "League": 0,
      "FA Cup": 0,
      "Total": 0
    }
  ]
}