{
  "table_title": "Grammy Nominations and Wins for Best Metal Performance",
  "columns": [
    {
      "column_name": "Year",
      "data_type": "integer",
      "description": "The year of the Grammy Awards ceremony."
    },
    {
      "column_name": "Nominee / work",
      "data_type": "integer | string",
      "description": "The nominee or the work (song/album) that was nominated or won the award. It can be a number (possibly indicating a band name) or a string (usually indicating a song title)."
    },
    {
      "column_name": "Award",
      "data_type": "string",
      "description": "The category of the award. In this table, it's consistently 'Best Metal Performance'."
    },
    {
      "column_name": "Result",
      "data_type": "string",
      "description": "The result of the nomination - whether the nominee/work was just nominated or actually won the award."
    }
  ],
  "first 5 rows": [
    {
      "Year": 1992,
      "Nominee / work": 1916,
      "Award": "best metal performance",
      "Result": "Nominated"
    },
    {
      "Year": 2000,
      "Nominee / work": "Enter Sandman",
      "Award": "Best Metal Performance",
      "Result": "Nominated"
    },
    {
      "Year": 2005,
      "Nominee / work": "\"Whiplash\"",
      "Award": "Best Metal Performance",
      "Result": "won"
    },
    {
      "Year": 2015,
      "Nominee / work": "\"Heartbreaker\"",
      "Award": "Best Metal Performance",
      "Result": "Nominated"
    },
    {
      "Year": 1992,
      "Nominee / work": 1916,
      "Award": "Best Metal Performance",
      "Result": "Nominated"
    }
  ]
}