{
  "table_title": "Sweden's Participation in International Athletics Competitions",
  "columns": [
    {
      "column_name": "Year",
      "data_type": "integer | string",
      "description": "The year in which the competition took place. Sometimes, it can be a string indicating the country being represented."
    },
    {
      "column_name": "Competition",
      "data_type": "string",
      "description": "The name of the international athletics competition in which Sweden participated."
    },
    {
      "column_name": "Venue",
      "data_type": "string",
      "description": "The location where the competition was held. This can also be a string indicating the country being represented."
    },
    {
      "column_name": "Position",
      "data_type": "string",
      "description": "Sweden's final standing or position in the competition. Sometimes, it can be a string indicating the country being represented."
    },
    {
      "column_name": "Notes",
      "data_type": "string",
      "description": "Additional information about the competition, such as the performance measurement. Sometimes, it can be a string indicating the country being represented."
    }
  ],
  "first 5 rows": [
    {
      "Year": "Representing Sweden",
      "Competition": "Representing Sweden",
      "Venue": "Representing Sweden",
      "Position": "Representing Sweden",
      "Notes": "Representing Sweden"
    },
    {
      "Year": 1993,
      "Competition": "European Junior Championships",
      "Venue": "San Sebastián, Spain",
      "Position": "11th",
      "Notes": "2.06 m"
    },
    {
      "Year": 1994,
      "Competition": "World Junior Championships",
      "Venue": "Lisbon, Portugal",
      "Position": "7th",
      "Notes": "2.10 m"
    },
    {
      "Year": 1995,
      "Competition": "European Junior Championships",
      "Venue": "Nyíregyháza, Hungary",
      "Position": "6th",
      "Notes": "2.17 m"
    },
    {
      "Year": 1997,
      "Competition": "World Indoor Championships",
      "Venue": "Paris, France",
      "Position": "8th",
      "Notes": "2.25 m"
    }
  ]
}