{
  "table_title": "Music Awards Nominations History",
  "columns": [
    {
      "column_name": "Year",
      "data_type": "integer",
      "description": "The year the nomination was made."
    },
    {
      "column_name": "Nominee / work",
      "data_type": "string",
      "description": "The name of the nominee or the piece of work that was nominated."
    },
    {
      "column_name": "Award",
      "data_type": "string",
      "description": "The specific category or type of award for which the nominee or work was considered."
    },
    {
      "column_name": "Result",
      "data_type": "string",
      "description": "The outcome of the nomination, indicating whether the nominee or work was awarded or just nominated."
    }
  ],
  "first 5 rows": [
    {
      "Year": 1989,
      "Nominee / work": "You've Always Got The Blues",
      "Award": "Best Female Artist",
      "Result": "Nominated"
    },
    {
      "Year": 1989,
      "Nominee / work": "You've Always Got The Blues",
      "Award": "Best Adult Contemporary Album (with Kate Ceberano)",
      "Result": "Nominated"
    },
    {
      "Year": 1989,
      "Nominee / work": "You've Always Got The Blues",
      "Award": "Best Jazz Album (with Kate Ceberano)",
      "Result": "Nominated"
    },
    {
      "Year": 1991,
      "Nominee / work": "Émigré",
      "Award": "Best Female Artist",
      "Result": "Won"
    },
    {
      "Year": 1991,
      "Nominee / work": "Émigré",
      "Award": "Breakthrough Artist – Album",
      "Result": "Nominated"
    }
  ]
}