{
  "table_title": "Football Club Season Performance",
  "columns": [
    {
      "column_name": "Club",
      "data_type": "string",
      "description": "The name of the football club."
    },
    {
      "column_name": "Season",
      "data_type": "string",
      "description": "The season in which the club competed, typically formatted as a range of years."
    },
    {
      "column_name": "Division",
      "data_type": "string",
      "description": "The division in which the club competed during the specified season."
    },
    {
      "column_name": "League",
      "data_type": "integer | string",
      "description": "The number of goals scored by the club in league matches during the specified season."
    },
    {
      "column_name": "FA Cup",
      "data_type": "integer | string",
      "description": "The number of goals scored by the club in the FA Cup during the specified season."
    },
    {
      "column_name": "Other",
      "data_type": "integer | string",
      "description": "The number of goals scored by the club in other competitions during the specified season."
    },
    {
      "column_name": "Total",
      "data_type": "integer | string",
      "description": "The total number of goals scored by the club across all competitions during the specified season."
    }
  ],
  "first 5 rows": [
    {
      "Club": "Club",
      "Season": "Season",
      "Division": "Division",
      "League": "Goals",
      "FA Cup": "Goals",
      "Other": "Goals",
      "Total": "Goals"
    },
    {
      "Club": "Port Vale",
      "Season": "1959–60",
      "Division": "Third Division",
      "League": 3,
      "FA Cup": 0,
      "Other": 0,
      "Total": 3
    },
    {
      "Club": "Port Vale",
      "Season": "1960–61",
      "Division": "Third Division",
      "League": 0,
      "FA Cup": 0,
      "Other": 0,
      "Total": 0
    },
    {
      "Club": "Port Vale",
      "Season": "Total",
      "Division": "Total",
      "League": 3,
      "FA Cup": 0,
      "Other": 0,
      "Total": 3
    },
    {
      "Club": "Bournemouth & Boscombe Athletic",
      "Season": "1961–62",
      "Division": "Third Division",
      "League": 13,
      "FA Cup": 0,
      "Other": 0,
      "Total": 13
    }
  ]
}