{
  "table_title": "Swedish Music Awards Received in 2003",
  "columns": [
    {
      "column_name": "Year",
      "data_type": "integer",
      "description": "The year in which the award was received."
    },
    {
      "column_name": "Awards",
      "data_type": "string",
      "description": "The name of the award received."
    },
    {
      "column_name": "Category",
      "data_type": "string",
      "description": "The category of the award, which could be a specific music category or a specific achievement such as best video."
    }
  ],
  "first 5 rows": [
    {
      "Year": 2003,
      "Awards": "Nöjesguiden's Stockholm Award",
      "Category": "Music Category"
    },
    {
      "Year": 2003,
      "Awards": "Swedish Hit Music Awards",
      "Category": "Best video for \"Heartbeats\""
    },
    {
      "Year": 2003,
      "Awards": "Swedish National Radio P3 Gold",
      "Category": "Group Of The Year"
    },
    {
      "Year": 2003,
      "Awards": "Grammis",
      "Category": "Pop Group of the year"
    },
    {
      "Year": 2004,
      "Awards": "manifest awards",
      "Category": "Pop Rock"
    }
  ]
}