{
  "table_title": "Rock Music Award Nominations and Results",
  "columns": [
    {
      "column_name": "Year",
      "data_type": "integer",
      "description": "The year in which the nomination or award took place."
    },
    {
      "column_name": "Nominee / work",
      "data_type": "string",
      "description": "The name of the nominee or the work that was nominated for the award."
    },
    {
      "column_name": "Award",
      "data_type": "string",
      "description": "The specific category of the award for which the nominee or work was considered."
    },
    {
      "column_name": "Result",
      "data_type": "string",
      "description": "The outcome of the nomination, either 'Won' or 'Nominated'."
    }
  ],
  "first 5 rows": [
    {
      "Year": 2011,
      "Nominee / work": "\"Tighten Up\"",
      "Award": "Best Rock Performance by a Duo or Group with Vocal",
      "Result": "Won"
    },
    {
      "Year": 2011,
      "Nominee / work": "\"Tighten Up\"",
      "Award": "Best Rock Song",
      "Result": "nominated"
    },
    {
      "Year": 2011,
      "Nominee / work": "\"BLACK MUD\"",
      "Award": "Best Rock Instrumental Performance",
      "Result": "Nominated"
    },
    {
      "Year": 2011,
      "Nominee / work": "Brothers",
      "Award": "Best Alternative Music Album",
      "Result": "Won"
    },
    {
      "Year": 2012,
      "Nominee / work": "\"Dearest\"",
      "Award": "Best Pop Duo/Group Performance",
      "Result": "Nominated"
    }
  ]
}