{
  "table_title": "United States International Sports Competitions Performance",
  "columns": [
    {
      "column_name": "Year",
      "data_type": "integer | string",
      "description": "The year the competition took place. In some cases, it may contain a string value indicating the representative country."
    },
    {
      "column_name": "Competition",
      "data_type": "string",
      "description": "The name of the international sports competition."
    },
    {
      "column_name": "Venue",
      "data_type": "string",
      "description": "The location where the competition was held."
    },
    {
      "column_name": "Position",
      "data_type": "string",
      "description": "The final standing or position of the United States in the competition."
    },
    {
      "column_name": "Notes",
      "data_type": "string",
      "description": "Additional details or remarks about the performance, possibly including specific measurements or scores."
    }
  ],
  "first 5 rows": [
    {
      "Year": "Representing the United States",
      "Competition": "Representing the United States",
      "Venue": "Representing the United States",
      "Position": "Representing the United States",
      "Notes": "Representing the United States"
    },
    {
      "Year": 1984,
      "Competition": "Olympic Games",
      "Venue": "Los Angeles, United States",
      "Position": "Fifth",
      "Notes": "2.29 meters"
    },
    {
      "Year": 1986,
      "Competition": "goodwill games",
      "Venue": "Moscow, Soviet Union",
      "Position": "1st",
      "Notes": "2.34 m"
    },
    {
      "Year": 1990,
      "Competition": "Goodwill Games",
      "Venue": "Seattle, US",
      "Position": "2nd",
      "Notes": "230 cm"
    },
    {
      "Year": 1984,
      "Competition": "Olympic Games",
      "Venue": "Los Angeles, United States",
      "Position": "1st",
      "Notes": "1.29 m"
    }
  ]
}