{
  "table_title": "Music Video Awards History",
  "columns": [
    {
      "column_name": "Year",
      "data_type": "integer",
      "description": "The year in which the award ceremony took place."
    },
    {
      "column_name": "Awards ceremony",
      "data_type": "string",
      "description": "The name of the award ceremony."
    },
    {
      "column_name": "Award description(s)",
      "data_type": "string",
      "description": "The specific category or title of the award."
    },
    {
      "column_name": "Results",
      "data_type": "string",
      "description": "The outcome of the nomination, whether the award was won or just nominated."
    }
  ],
  "first 5 rows": [
    {
      "Year": 2013,
      "Awards ceremony": "Channel O Music Video Awards",
      "Award description(s)": "Most Gifted African (West) Video",
      "Results": "Won"
    },
    {
      "Year": 2013,
      "Awards ceremony": "Channel O Music Video awards",
      "Award description(s)": "Most Gifted Video of the Year",
      "Results": "nominated"
    },
    {
      "Year": 2013,
      "Awards ceremony": "The Headies",
      "Award description(s)": "Best Music Video",
      "Results": "Won"
    },
    {
      "Year": 2013,
      "Awards ceremony": "Channel O Music Video Awards",
      "Award description(s)": "Most Gifted Video of the Year",
      "Results": "Disqualified"
    },
    {
      "Year": 2014,
      "Awards ceremony": "Channel O Music Video Awards",
      "Award description(s)": "Most Gifted African (West) Video",
      "Results": "Runner-Up"
    }
  ]
}