{
  "table_title": "Portuguese Athletics Performance Record",
  "columns": [
    {
      "column_name": "Year",
      "data_type": "integer | string",
      "description": "The year when the competition took place, may also contain string entries."
    },
    {
      "column_name": "Competition",
      "data_type": "string",
      "description": "The name of the athletic competition in which Portugal participated."
    },
    {
      "column_name": "Venue",
      "data_type": "string",
      "description": "The location where the competition was held."
    },
    {
      "column_name": "Position",
      "data_type": "string",
      "description": "The final position or rank achieved by the Portuguese athlete or team in the competition."
    },
    {
      "column_name": "Event",
      "data_type": "string",
      "description": "The specific athletic event in the competition."
    },
    {
      "column_name": "Notes",
      "data_type": "string | time",
      "description": "Additional notes related to the performance, often including the time recorded in time-based events."
    }
  ],
  "first 5 rows": [
    {
      "Year": "Representing Portugal",
      "Competition": "Representing Portugal",
      "Venue": "Representing Portugal",
      "Position": "Representing Portugal",
      "Event": "Representing Portugal",
      "Notes": "Representing Portugal"
    },
    {
      "Year": 2007,
      "Competition": "European U23 Championships",
      "Venue": "Debrecen, Hungary",
      "Position": "Third",
      "Event": "3000 m st.",
      "Notes": "9:42.47"
    },
    {
      "Year": 2007,
      "Competition": "World Championships",
      "Venue": "Osaka, Japan",
      "Position": "13th",
      "Event": "3000m steeplechase",
      "Notes": "10:00.40"
    },
    {
      "Year": 2008,
      "Competition": "World Cross Country Championships",
      "Venue": "Edinburgh, United Kingdom",
      "Position": 50,
      "Event": "Senior race (7.905 km)",
      "Notes": "27:50"
    },
    {
      "Year": 2008,
      "Competition": "World Cross Country Championships",
      "Venue": "Edinburgh, United Kingdom",
      "Position": "8th",
      "Event": "Senior race - Team",
      "Notes": "165 pts"
    }
  ]
}