{
  "table_title": "Athletic Competition Performances Representing Grenada",
  "columns": [
    {
      "column_name": "Year",
      "data_type": "integer | string",
      "description": "The year the athletic competition took place, or a string indicating the athlete was representing Grenada."
    },
    {
      "column_name": "Competition",
      "data_type": "string",
      "description": "The name of the athletic competition or event, or a string indicating the athlete was representing Grenada."
    },
    {
      "column_name": "Venue",
      "data_type": "string",
      "description": "The location where the athletic competition was held, or a string indicating the athlete was representing Grenada."
    },
    {
      "column_name": "Position",
      "data_type": "string",
      "description": "The position or rank the athlete achieved in the competition, or a string indicating the athlete was representing Grenada."
    },
    {
      "column_name": "Event",
      "data_type": "string",
      "description": "The specific event in which the athlete competed, or a string indicating the athlete was representing Grenada."
    },
    {
      "column_name": "Notes",
      "data_type": "float | string",
      "description": "Additional details about the athlete's performance, typically the distance thrown in a javelin event, or a string indicating the athlete was representing Grenada."
    }
  ],
  "first 5 rows": [
    {
      "Year": "Representing Grenada",
      "Competition": "Representing Grenada",
      "Venue": "Representing Grenada",
      "Position": "Representing Grenada",
      "Event": "Representing Grenada",
      "Notes": "Representing Grenada"
    },
    {
      "Year": 2012,
      "Competition": "CARIFTA Games",
      "Venue": "Hamilton, Bermuda",
      "Position": "1st",
      "Event": "Javelin throw (700g) (U17)",
      "Notes": "60.50 m"
    },
    {
      "Year": 2013,
      "Competition": "CARIFTA Games",
      "Venue": "Nassau, Bahamas",
      "Position": "1st",
      "Event": "Javelin throw (700g) (U17)",
      "Notes": "64.01 m CR"
    },
    {
      "Year": 2013,
      "Competition": "CARIFTA Games",
      "Venue": "Nassau, Bahamas",
      "Position": "3rd",
      "Event": "Shot put (U17)",
      "Notes": "15.53 m"
    },
    {
      "Year": 2013,
      "Competition": "World Youth Championships",
      "Venue": "Donetsk, Ukraine",
      "Position": "8th",
      "Event": "Javelin throw",
      "Notes": 70.53
    }
  ]
}