{
  "table_title": "England vs Australia Rugby Matches",
  "columns": [
    {
      "column_name": "Year",
      "data_type": "integer",
      "description": "The year in which the rugby match took place."
    },
    {
      "column_name": "Date",
      "data_type": "string",
      "description": "The specific date of the rugby match within the specified year."
    },
    {
      "column_name": "Venue",
      "data_type": "string",
      "description": "The location where the rugby match was held."
    },
    {
      "column_name": "Home",
      "data_type": "string",
      "description": "The home team in the rugby match."
    },
    {
      "column_name": "Score",
      "data_type": "string",
      "description": "The final score of the rugby match, with the home team's score listed first."
    },
    {
      "column_name": "Away",
      "data_type": "string",
      "description": "The visiting team in the rugby match."
    },
    {
      "column_name": "Trophy Winner",
      "data_type": "string",
      "description": "The team that won the trophy in the rugby match."
    }
  ],
  "first 5 rows": [
    {
      "Year": 2018,
      "Date": "24 November",
      "Venue": "Twickenham, London",
      "Home": "England",
      "Score": "37–18",
      "Away": "Australia",
      "Trophy Winner": "England"
    },
    {
      "Year": 2017,
      "Date": "18 November",
      "Venue": "Twickenham, London",
      "Home": "England",
      "Score": "30–6",
      "Away": "Australia",
      "Trophy Winner": "England"
    },
    {
      "Year": 2016,
      "Date": "3 December",
      "Venue": "Twickenham, London",
      "Home": "England",
      "Score": "37–21",
      "Away": "Australia",
      "Trophy Winner": "England"
    },
    {
      "Year": 2016,
      "Date": "25 June",
      "Venue": "Sydney Football Stadium, Sydney",
      "Home": "Australia",
      "Score": "40–44",
      "Away": "England",
      "Trophy Winner": "England"
    },
    {
      "Year": 2016,
      "Date": "18 June",
      "Venue": "Melbourne Rectangular Stadium, Melbourne",
      "Home": "Australia",
      "Score": "7–23",
      "Away": "England",
      "Trophy Winner": "England"
    }
  ]
}