{
  "table_title": "Portugal's Performance in International Athletics Competitions",
  "columns": [
    {
      "column_name": "Year",
      "data_type": "integer | string",
      "description": "The year the competition took place. Sometimes, it may contain a string indicating the athlete's representation."
    },
    {
      "column_name": "Competition",
      "data_type": "string",
      "description": "The name of the international athletics competition."
    },
    {
      "column_name": "Venue",
      "data_type": "string",
      "description": "The location where the competition took place."
    },
    {
      "column_name": "Position",
      "data_type": "string",
      "description": "The athlete's final position in the competition, often with additional qualifiers such as '(q)' for qualifying rounds."
    },
    {
      "column_name": "Event",
      "data_type": "string",
      "description": "The specific athletic event in which the athlete participated."
    },
    {
      "column_name": "Notes",
      "data_type": "string",
      "description": "Additional details about the athlete's performance, such as the distance thrown in shot put or discus events."
    }
  ],
  "first 5 rows": [
    {
      "Year": "Representing Portugal",
      "Competition": "Representing Portugal",
      "Venue": "Representing Portugal",
      "Position": "Representing Portugal",
      "Event": "Representing Portugal",
      "Notes": "Representing Portugal"
    },
    {
      "Year": 2000,
      "Competition": "World Junior Championships",
      "Venue": "Santiago, Chile",
      "Position": "18th (q)",
      "Event": "Shot Put",
      "Notes": "16.36 m"
    },
    {
      "Year": 2000,
      "Competition": "World Junior Championships",
      "Venue": "Santiago, Chile",
      "Position": "26th (q)",
      "Event": "Discus",
      "Notes": "46.32m"
    },
    {
      "Year": 2001,
      "Competition": "European Junior Championships",
      "Venue": "Grosseto, Italy",
      "Position": "3rd",
      "Event": "Shot put (6kg)",
      "Notes": "17.86 m"
    },
    {
      "Year": 2003,
      "Competition": "European U23 Championships",
      "Venue": "Bydgoszcz, Poland",
      "Position": "12th",
      "Event": "shot put",
      "Notes": "17.61 m"
    }
  ]
}