{
  "table_title": "Actor's Theater Performances",
  "columns": [
    {
      "column_name": "Year",
      "data_type": "integer | string",
      "description": "The year the performance took place, which could be represented as an integer or a string."
    },
    {
      "column_name": "Title",
      "data_type": "string",
      "description": "The title of the theater performance."
    },
    {
      "column_name": "Role",
      "data_type": "string",
      "description": "The specific role that the actor played in the performance."
    },
    {
      "column_name": "Notes",
      "data_type": "string",
      "description": "Additional information about the performance, such as whether it was a Broadway or Off-Broadway production."
    }
  ],
  "first 5 rows": [
    {
      "Year": 2012,
      "Title": "Carrie",
      "Role": "Tommy Ross",
      "Notes": "Off-Broadway"
    },
    {
      "Year": 2012,
      "Title": "Dogfight",
      "Role": "Eddie Birdlace",
      "Notes": "off broadway"
    },
    {
      "Year": 2013,
      "Title": "Wicked",
      "Role": "Fiyero Tigelaar",
      "Notes": "Broadway"
    },
    {
      "Year": 2014,
      "Title": "The Bridges of Madison County",
      "Role": "Michael Johnson",
      "Notes": "broadway"
    },
    {
      "Year": "2014-2015",
      "Title": "Diner",
      "Role": "Boogie",
      "Notes": "DC Signature Theatre"
    }
  ]
}