{
  "table_title": "TV Show Appearances",
  "columns": [
    {
      "column_name": "Year",
      "data_type": "integer | string",
      "description": "The year the TV show was aired."
    },
    {
      "column_name": "Title",
      "data_type": "string",
      "description": "The title of the TV show."
    },
    {
      "column_name": "Role",
      "data_type": "string",
      "description": "The role played by the actor in the TV show."
    },
    {
      "column_name": "Notes",
      "data_type": "string",
      "description": "Additional notes about the actor's role in the TV show, such as the episode name or number of episodes appeared in."
    }
  ],
  "first 5 rows": [
    {
      "Year": 2000,
      "Title": "Madigan Men",
      "Role": "Kim",
      "Notes": "Episode: \"Bachelors\""
    },
    {
      "Year": 2001,
      "Title": "Third Watch",
      "Role": "Mandy",
      "Notes": "Episode: \"Exposing Faith\""
    },
    {
      "Year": 2003,
      "Title": "All My Children",
      "Role": "Morgan Gordan",
      "Notes": "Series regular, seventeen episodes"
    },
    {
      "Year": 2003,
      "Title": "Fastlane",
      "Role": "Nicole Martin",
      "Notes": "Episode: \"Monster\""
    },
    {
      "Year": 2003,
      "Title": "Guiding Light",
      "Role": "Tony's Mystery Woman",
      "Notes": "2 episodes"
    }
  ]
}