{
  "table_title": "Dance and Choreography Awards and Nominations",
  "columns": [
    {
      "column_name": "Year",
      "data_type": "integer | string",
      "description": "The year of the award or nomination, or the name of the awarding organization."
    },
    {
      "column_name": "Award",
      "data_type": "string",
      "description": "The name of the award or the awarding organization."
    },
    {
      "column_name": "Category",
      "data_type": "string",
      "description": "The category of the award or nomination."
    },
    {
      "column_name": "Work",
      "data_type": "string",
      "description": "The name of the work that was awarded or nominated."
    },
    {
      "column_name": "Result",
      "data_type": "string",
      "description": "The result of the award or nomination, either 'Won' or 'Nominated'."
    }
  ],
  "first 5 rows": [
    {
      "Year": 1992,
      "Award": "Jazz Dance World Congress",
      "Category": "Silver Leo Award",
      "Work": "Silver Leo Award",
      "Result": "Won"
    },
    {
      "Year": "Dance Educators of America",
      "Award": "Dance Educators of America",
      "Category": "President Cup",
      "Work": "President Cup",
      "Result": "Won"
    },
    {
      "Year": 2002,
      "Award": "American Choreography Awards",
      "Category": "Outstanding Achievement in Commercials",
      "Work": "Coldwell Banker \"Buying\"",
      "Result": "Nominated"
    },
    {
      "Year": 2003,
      "Award": "American Choreography Awards",
      "Category": "Outstanding Achievement in Television - Variety Series",
      "Work": "Celine in Las Vegas: Opening Night Live",
      "Result": "Nominated"
    },
    {
      "Year": 2003,
      "Award": "Primetime Emmy Award",
      "Category": "Outstanding Choreography",
      "Work": "Celine in Las Vegas: Opening Night Live",
      "Result": "nominated"
    }
  ]
}