{
  "table_title": "Great Britain / England Athletics Performance Records",
  "columns": [
    {
      "column_name": "Year",
      "data_type": "integer | string",
      "description": "The year in which the competition took place, represented as an integer. Occasionally, the string 'Representing Great Britain / England' is used as a placeholder."
    },
    {
      "column_name": "Competition",
      "data_type": "string",
      "description": "The name of the athletic competition, typically an international event such as the 'World Championships' or 'Olympic Games'."
    },
    {
      "column_name": "Venue",
      "data_type": "string",
      "description": "The location where the competition took place, usually represented as a city and country."
    },
    {
      "column_name": "Position",
      "data_type": "string",
      "description": "The final standing or rank of the athlete or team in the competition, expressed as an ordinal number."
    },
    {
      "column_name": "Event",
      "data_type": "string",
      "description": "The specific athletic event in the competition, such as '400 m' or '4x400 m'."
    },
    {
      "column_name": "Notes",
      "data_type": "float | string",
      "description": "Additional information about the performance, typically a time or score. Occasionally, the string 'Representing Great Britain / England' is used as a placeholder."
    }
  ],
  "first 5 rows": [
    {
      "Year": "Representing Great Britain / England",
      "Competition": "Representing Great Britain / England",
      "Venue": "Representing Great Britain / England",
      "Position": "Representing Great Britain / England",
      "Event": "Representing Great Britain / England",
      "Notes": "Representing Great Britain / England"
    },
    {
      "Year": 1991,
      "Competition": "World Championships",
      "Venue": "Tokyo, Japan",
      "Position": "4th",
      "Event": "4 x 400 m",
      "Notes": "3:22.01"
    },
    {
      "Year": 1992,
      "Competition": "Olympic Games",
      "Venue": "Barcelona, Spain",
      "Position": "8th",
      "Event": "400 meters",
      "Notes": "50.87 (50.40 semifinals)"
    },
    {
      "Year": 1992,
      "Competition": "Olympic Games",
      "Venue": "Barcelona, Spain",
      "Position": "3rd",
      "Event": "4 × 400 m",
      "Notes": "2:24.23"
    },
    {
      "Year": 1993,
      "Competition": "World Championships",
      "Venue": "Stuttgart, Germany",
      "Position": "Third",
      "Event": "4 x 400 m",
      "Notes": "3:23.41"
    }
  ]
}