{
  "table_title": "Football Club Performance Statistics",
  "columns": [
    {
      "column_name": "Club performance",
      "data_type": "string",
      "description": "This column represents the type of club performance, which could be a specific league or tournament."
    },
    {
      "column_name": "League",
      "data_type": "integer | string",
      "description": "This column represents the number of goals scored in the league games. The first row contains the string 'Goals' as a header."
    },
    {
      "column_name": "Cup",
      "data_type": "integer | string",
      "description": "This column represents the number of goals scored in the cup games. The first row contains the string 'Goals' as a header."
    },
    {
      "column_name": "Continental",
      "data_type": "integer | string",
      "description": "This column represents the number of goals scored in the continental games. The first row contains the string 'Goals' as a header."
    },
    {
      "column_name": "Total",
      "data_type": "integer | string",
      "description": "This column represents the total number of goals scored in all types of games. The first row contains the string 'Goals' as a header."
    }
  ],
  "first 5 rows": [
    {
      "Club performance": "League",
      "League": "Goals",
      "Cup": "Goals",
      "Continental": "Goals",
      "Total": "Goals"
    },
    {
      "Club performance": "SuperLiga",
      "League": 2,
      "Cup": 0,
      "Continental": 0,
      "Total": 2
    },
    {
      "Club performance": "SuperLiga",
      "League": 4,
      "Cup": 0,
      "Continental": 1,
      "Total": 5
    },
    {
      "Club performance": "SuperLiga",
      "League": 11,
      "Cup": 1,
      "Continental": 3,
      "Total": 15
    },
    {
      "Club performance": "SuperLiga",
      "League": 3,
      "Cup": 0,
      "Continental": 4,
      "Total": 6
    }
  ]
}