{
  "table_title": "Football Club Performance by Season",
  "columns": [
    {
      "column_name": "Club",
      "data_type": "string",
      "description": "The name of the football club."
    },
    {
      "column_name": "Season",
      "data_type": "string",
      "description": "The specific season during which the club competed."
    },
    {
      "column_name": "Division",
      "data_type": "string",
      "description": "The division in which the club competed during the specified season."
    },
    {
      "column_name": "League",
      "data_type": "integer | string",
      "description": "The number of goals scored by the club in league matches during the specified season."
    },
    {
      "column_name": "FA Cup",
      "data_type": "integer | string",
      "description": "The number of goals scored by the club in FA Cup matches during the specified season."
    },
    {
      "column_name": "League Cup",
      "data_type": "integer | string",
      "description": "The number of goals scored by the club in League Cup matches during the specified season."
    },
    {
      "column_name": "Total",
      "data_type": "integer | string",
      "description": "The total number of goals scored by the club in all competitions during the specified season."
    }
  ],
  "first 5 rows": [
    {
      "Club": "Club",
      "Season": "Season",
      "Division": "Division",
      "League": "Goals",
      "FA Cup": "Goals",
      "League Cup": "Goals",
      "Total": "Goals"
    },
    {
      "Club": "Blackpool",
      "Season": "1949–50",
      "Division": "First Division",
      "League": 1,
      "FA Cup": 0,
      "League Cup": 0,
      "Total": 1
    },
    {
      "Club": "Blackpool",
      "Season": "1950–51",
      "Division": "First Division",
      "League": 17,
      "FA Cup": 3,
      "League Cup": 0,
      "Total": 20
    },
    {
      "Club": "Blackpool",
      "Season": "1951–52",
      "Division": "First Division",
      "League": 4,
      "FA Cup": 0,
      "League Cup": 0,
      "Total": 4
    },
    {
      "Club": "Blackpool",
      "Season": "1952–53",
      "Division": "First Division",
      "League": 5,
      "FA Cup": 1,
      "League Cup": 0,
      "Total": 5
    }
  ]
}