{
  "table_title": "Performance Records of Grenada Athletes",
  "columns": [
    {
      "column_name": "Year",
      "data_type": "integer | string",
      "description": "The year the competition took place, which can be a specific year or a string representing a time period."
    },
    {
      "column_name": "Competition",
      "data_type": "string",
      "description": "The name of the competition in which the athlete participated."
    },
    {
      "column_name": "Venue",
      "data_type": "string",
      "description": "The location where the competition was held."
    },
    {
      "column_name": "Position",
      "data_type": "string",
      "description": "The final standing or position of the athlete in the competition."
    },
    {
      "column_name": "Event",
      "data_type": "string",
      "description": "The specific event in the competition in which the athlete participated."
    },
    {
      "column_name": "Notes",
      "data_type": "float | string",
      "description": "Additional information about the athlete's performance, including times and personal bests."
    }
  ],
  "first 5 rows": [
    {
      "Year": "Representing Grenada",
      "Competition": "Representing Grenada",
      "Venue": "Representing Grenada",
      "Position": "Representing Grenada",
      "Event": "Representing Grenada",
      "Notes": "Representing Grenada"
    },
    {
      "Year": 2007,
      "Competition": "CARIFTA Games (U-17)",
      "Venue": "Providenciales, Turks and Caicos Islands",
      "Position": "6th",
      "Event": "200 m",
      "Notes": "22.10 (+1.2 m/s)"
    },
    {
      "Year": 2007,
      "Competition": "CARIFTA Games (U-17)",
      "Venue": "Providenciales, Turks and Caicos Islands",
      "Position": "1st",
      "Event": "400 m",
      "Notes": "47.86 PB"
    },
    {
      "Year": 2007,
      "Competition": "World Youth Championships",
      "Venue": "Ostrava, Czech Republic",
      "Position": "2nd",
      "Event": "400 m",
      "Notes": "46.96 PB"
    },
    {
      "Year": 2008,
      "Competition": "CARIFTA Games (U-17)",
      "Venue": "Basseterre, Saint Kitts and Nevis",
      "Position": "1st",
      "Event": "200 m",
      "Notes": "21.38 (+2.0 m/s)"
    }
  ]
}