{
  "table_title": "Great Britain's Performance in International Athletics Competitions",
  "columns": [
    {
      "column_name": "Year",
      "data_type": "integer | string",
      "description": "The year in which the competition took place. The data type can be an integer or a string, indicating that some entries may not represent specific years."
    },
    {
      "column_name": "Competition",
      "data_type": "string",
      "description": "The name of the international athletics competition in which Great Britain participated."
    },
    {
      "column_name": "Venue",
      "data_type": "string",
      "description": "The location or city where the competition was held."
    },
    {
      "column_name": "Position",
      "data_type": "string",
      "description": "The final position or ranking of Great Britain in the competition. This is represented as a string to accommodate various formats of ranking representation."
    },
    {
      "column_name": "Event",
      "data_type": "string",
      "description": "The specific athletic event in which Great Britain competed during the competition."
    },
    {
      "column_name": "Notes",
      "data_type": "float | string",
      "description": "Additional information or notable achievements related to the event, which can be in numerical form (like timing) or textual notes."
    }
  ],
  "first 5 rows": [
    {
      "Year": "Representing Great Britain",
      "Competition": "Representing Great Britain",
      "Venue": "Representing Great Britain",
      "Position": "Representing Great Britain",
      "Event": "Representing Great Britain",
      "Notes": "Representing Great Britain"
    },
    {
      "Year": 1990,
      "Competition": "European Championships",
      "Venue": "Split, Yugoslavia",
      "Position": "13th (sf)",
      "Event": "400 m hurdles",
      "Notes": "57.06 (56.84 in heat)"
    },
    {
      "Year": 1991,
      "Competition": "Universiade",
      "Venue": "Sheffield, United Kingdom",
      "Position": "4th",
      "Event": "400m Hurdles",
      "Notes": 56.93
    },
    {
      "Year": 1991,
      "Competition": "World Championships",
      "Venue": "Tokyo, Japan",
      "Position": "23rd (h)",
      "Event": "400 m hurdles",
      "Notes": 57.81
    },
    {
      "Year": 1993,
      "Competition": "World Indoor Championships",
      "Venue": "Toronto, Canada",
      "Position": "18th (h)",
      "Event": "800 m",
      "Notes": "02:09.99"
    }
  ]
}