{
  "table_title": "Election Results by Party",
  "columns": [
    {
      "column_name": "Party",
      "data_type": "string",
      "description": "The name of the political party."
    },
    {
      "column_name": "Votes",
      "data_type": "string",
      "description": "The total number of votes received by the party, represented as a string."
    },
    {
      "column_name": "%",
      "data_type": "float | integer | string",
      "description": "The percentage of total votes received by the party."
    },
    {
      "column_name": "Seats",
      "data_type": "integer | string",
      "description": "The number of seats won by the party in the election."
    },
    {
      "column_name": "+/–",
      "data_type": "integer | string",
      "description": "The net change in the number of seats won by the party compared to the previous election."
    }
  ],
  "first 5 rows": [
    {
      "Party": "National Liberal Party",
      "Votes": 1542500,
      "%": 29.7,
      "Seats": 155,
      "+/-": 30
    },
    {
      "Party": "Centre Party",
      "Votes": 1446000,
      "%": 27.9,
      "Seats": 91,
      "+/-": 30
    },
    {
      "Party": "German Progress Party",
      "Votes": 447500,
      "%": 8.6,
      "Seats": 49,
      "+/-": 3
    },
    {
      "Party": "German Reich Party",
      "Votes": 375500,
      "%": 7.2,
      "Seats": 33,
      "+/-": -4
    },
    {
      "Party": "German Conservative Party",
      "Votes": 360000,
      "%": 7,
      "Seats": 22,
      "+/-": -35
    }
  ]
}