{
  "table_title": "Music Award Nominations History",
  "columns": [
    {
      "column_name": "Year",
      "data_type": "integer",
      "description": "The year in which the nomination was made."
    },
    {
      "column_name": "Nominee / work",
      "data_type": "string",
      "description": "The name of the nominee or the work that was nominated for the award."
    },
    {
      "column_name": "Award",
      "data_type": "string",
      "description": "The specific award category for which the nominee or work was nominated."
    },
    {
      "column_name": "Result",
      "data_type": "string",
      "description": "The outcome of the nomination (e.g., 'Nominated', 'Won')."
    }
  ],
  "first 5 rows": [
    {
      "Year": 1999,
      "Nominee / work": "\"Bitter Sweet Symphony\"",
      "Award": "Best Rock Performance by a Duo or Group with Vocal",
      "Result": "nominated"
    },
    {
      "Year": 99,
      "Nominee / work": "\"Bitter Sweet Symphony\"",
      "Award": "Best Rock Song",
      "Result": "Nominated"
    },
    {
      "Year": 1999,
      "Nominee / work": "\"Bitter Sweet Symphony\"",
      "Award": "Best Rock Performance by a Duo or Group with Vocal",
      "Result": "Won"
    },
    {
      "Year": 1999,
      "Nominee / work": "\"Bitter Sweet Symphony\"",
      "Award": "Best Rock Song",
      "Result": "Nominated"
    },
    {
      "Year": 2025,
      "Nominee / work": "\"Fictional Future Song\"",
      "Award": "Best Rock Song",
      "Result": "Nominated"
    }
  ]
}