{
  "table_title": "Election Results by Party",
  "columns": [
    {
      "column_name": "Party",
      "data_type": "string",
      "description": "This column represents the name of the political party."
    },
    {
      "column_name": "Votes",
      "data_type": "integer | string",
      "description": "This column indicates the total number of votes received by the party. It is represented as a string or an integer."
    },
    {
      "column_name": "%",
      "data_type": "float | integer | string",
      "description": "This column represents the percentage of total votes received by the party. It can be a float, integer, or string."
    },
    {
      "column_name": "Seats",
      "data_type": "integer | string",
      "description": "This column shows the total number of seats won by the party in the election. It can be represented as an integer or a string."
    },
    {
      "column_name": "+/−",
      "data_type": "integer | string",
      "description": "This column indicates the change in the number of seats won by the party compared to the previous election. It can be represented as an integer or a string."
    }
  ],
  "first 5 rows": [
    {
      "Party": "Christian Social Party",
      "Votes": 2182642,
      "%": 41.46,
      "Seats": 96,
      "+/–": -8
    },
    {
      "Party": "Belgian Socialist Party",
      "Votes": 1933424,
      "%": 36.72,
      "Seats": 84,
      "+/–": 4
    },
    {
      "Party": "Liberal Party",
      "Votes": 649376,
      "%": 12.33,
      "Seats": 20,
      "+/–": 0
    },
    {
      "Party": "People's Union",
      "Votes": 182407,
      "%": 3.46,
      "Seats": 5,
      "+/–": 4
    },
    {
      "Party": "Communist Party of Belgium",
      "Votes": 162238,
      "%": 3.08,
      "Seats": 5,
      "+/–": 3
    }
  ]
}