{
  "table_title": "Kenyan Athlete's Performance in International Competitions",
  "columns": [
    {
      "column_name": "Year",
      "data_type": "integer | string",
      "description": "The year in which the competition took place. It could be a string when representing a non-specific year."
    },
    {
      "column_name": "Competition",
      "data_type": "string",
      "description": "The name of the competition in which the athlete participated."
    },
    {
      "column_name": "Venue",
      "data_type": "string",
      "description": "The location where the competition was held."
    },
    {
      "column_name": "Position",
      "data_type": "string",
      "description": "The position in which the athlete finished in the competition."
    },
    {
      "column_name": "Event",
      "data_type": "string",
      "description": "The specific event in the competition in which the athlete participated."
    },
    {
      "column_name": "Notes",
      "data_type": "string",
      "description": "Additional information about the athlete's performance, such as the time taken to complete the event."
    }
  ],
  "first 5 rows": [
    {
      "Year": "Representing Kenya",
      "Competition": "Representing Kenya",
      "Venue": "Representing Kenya",
      "Position": "Representing Kenya",
      "Event": "Representing Kenya",
      "Notes": "Representing Kenya"
    },
    {
      "Year": 2003,
      "Competition": "Singapore Marathon",
      "Venue": "Singapore",
      "Position": "1st",
      "Event": "Marathon",
      "Notes": "2:19:02"
    },
    {
      "Year": 2004,
      "Competition": "Brussels Marathon",
      "Venue": "Brussels, Belgium",
      "Position": "1st",
      "Event": "Marathon",
      "Notes": "2:13:59"
    },
    {
      "Year": 2004,
      "Competition": "Singapore Marathon",
      "Venue": "Singapore",
      "Position": "4th",
      "Event": "Marathon",
      "Notes": "2:17:49"
    },
    {
      "Year": 2005,
      "Competition": "Enschede Marathon",
      "Venue": "Enschede, Netherlands",
      "Position": "1st",
      "Event": "Marathon",
      "Notes": "2:11:44"
    }
  ]
}