{
  "table_title": "Thailand's Athletics Competition History",
  "columns": [
    {
      "column_name": "Year",
      "data_type": "integer | string",
      "description": "The year in which the competition took place, sometimes represented as a string."
    },
    {
      "column_name": "Competition",
      "data_type": "string",
      "description": "The name of the athletic competition."
    },
    {
      "column_name": "Venue",
      "data_type": "string",
      "description": "The location where the competition was held."
    },
    {
      "column_name": "Position",
      "data_type": "string",
      "description": "The final ranking position of the athlete or team in the competition."
    },
    {
      "column_name": "Event",
      "data_type": "string",
      "description": "The specific event in the competition where the athlete or team participated."
    },
    {
      "column_name": "Notes",
      "data_type": "float | string",
      "description": "Additional information about the performance, often represented as a numerical value."
    }
  ],
  "first 5 rows": [
    {
      "Year": "Representing Thailand",
      "Competition": "Representing Thailand",
      "Venue": "Representing Thailand",
      "Position": "Representing Thailand",
      "Event": "Representing Thailand",
      "Notes": "Representing Thailand"
    },
    {
      "Year": 2006,
      "Competition": "Asian Junior Championships",
      "Venue": "Macau, China",
      "Position": "8th",
      "Event": "110 m hurdles (99 cm)",
      "Notes": 14.58
    },
    {
      "Year": 2007,
      "Competition": "Asian Indoor Games",
      "Venue": "macau, China",
      "Position": "9th (heat)",
      "Event": "60 m hurdles",
      "Notes": 8.17
    },
    {
      "Year": 2008,
      "Competition": "Asian Junior Championships",
      "Venue": "Jakarta, Indonesia",
      "Position": "6th",
      "Event": "110 m hurdles (99 cm)",
      "Notes": 14.09
    },
    {
      "Year": 2009,
      "Competition": "Asian Championships",
      "Venue": "Guangzhou, China",
      "Position": "6th",
      "Event": "110m hurdles",
      "Notes": 14.07
    }
  ]
}