{
  "table_title": "Grammy Awards Nominations",
  "columns": [
    {
      "column_name": "Year",
      "data_type": "integer",
      "description": "The year in which the nomination took place."
    },
    {
      "column_name": "Nominee/work",
      "data_type": "string",
      "description": "The name of the nominee or the work (song/album) that was nominated for the award."
    },
    {
      "column_name": "Award",
      "data_type": "string",
      "description": "The specific category of the award for which the nominee or work was nominated."
    },
    {
      "column_name": "Result",
      "data_type": "string",
      "description": "The outcome of the nomination, indicating whether the nominee or work was awarded or just nominated."
    }
  ],
  "first 5 rows": [
    {
      "Year": 1997,
      "Nominee/work": "mercury falling",
      "Award": "Best Pop Vocal Album",
      "Result": "Nominated"
    },
    {
      "Year": 1997,
      "Nominee/work": "\"Let Your Soul Be Your Pilot\"",
      "Award": "best Male Pop Vocal Performance",
      "Result": "nominated"
    },
    {
      "Year": 1997,
      "Nominee/work": "Mercury Falling",
      "Award": "Best Pop Vocal Album",
      "Result": "Nominated"
    },
    {
      "Year": 1997,
      "Nominee/work": "\"Let Your Soul Be Your Pilot\"",
      "Award": "Best Male Pop Vocal Performance",
      "Result": "Won"
    },
    {
      "Year": 2025,
      "Nominee/work": "Future Sounds",
      "Award": "Best Male Pop Vocal Performance",
      "Result": "Nominated"
    }
  ]
}