{
  "table_title": "Chart Performance of Singles by Year",
  "columns": [
    {
      "column_name": "Year",
      "data_type": "integer",
      "description": "The year the single was released."
    },
    {
      "column_name": "Single",
      "data_type": "string",
      "description": "The title of the single."
    },
    {
      "column_name": "Chart",
      "data_type": "string",
      "description": "The chart on which the single was listed."
    },
    {
      "column_name": "Peak Position",
      "data_type": "integer",
      "description": "The highest position the single reached on the specified chart."
    }
  ],
  "first 5 rows": [
    {
      "Year": 1974,
      "Single": "\"Rock Me Gently\"",
      "Chart": "Billboard Hot 100",
      "Peak Position": 1
    },
    {
      "Year": 1974,
      "Single": "\"Rock Me Gently\"",
      "Chart": "Canada",
      "Peak Position": "1st"
    },
    {
      "Year": 1974,
      "Single": "\"Rock Me Gently\"",
      "Chart": "UK",
      "Peak Position": 2
    },
    {
      "Year": 1974,
      "Single": "\"Rock Me Gently\"",
      "Chart": "West Germany",
      "Peak Position": 33
    },
    {
      "Year": 1974,
      "Single": "\"Rock Me Gently\"",
      "Chart": "AC",
      "Peak Position": "forty"
    }
  ]
}