{
  "table_title": "Football Clubs' Performance per Season",
  "columns": [
    {
      "column_name": "Club",
      "data_type": "string",
      "description": "This column represents the name of the football club."
    },
    {
      "column_name": "Season",
      "data_type": "string",
      "description": "This column indicates the season during which the football club's performance is being evaluated."
    },
    {
      "column_name": "Division",
      "data_type": "string",
      "description": "This column signifies the division in which the football club played during the specified season."
    },
    {
      "column_name": "League",
      "data_type": "integer | string",
      "description": "This column shows the number of goals scored by the club in the league matches during the specified season."
    },
    {
      "column_name": "FA Cup",
      "data_type": "integer | string",
      "description": "This column displays the number of goals scored by the club in the FA Cup matches during the specified season."
    },
    {
      "column_name": "Total",
      "data_type": "integer | string",
      "description": "This column provides the total number of goals scored by the club in all matches during the specified season."
    }
  ],
  "first 5 rows": [
    {
      "Club": "Club",
      "Season": "Season",
      "Division": "Division",
      "League": "Goals",
      "FA Cup": "Goals",
      "Total": "Goals"
    },
    {
      "Club": "Arsenal",
      "Season": "1954–55",
      "Division": "First Division",
      "League": 0,
      "FA Cup": 0,
      "Total": 0
    },
    {
      "Club": "Sheffield United",
      "Season": "1955–56",
      "Division": "First Division",
      "League": 6,
      "FA Cup": 0,
      "Total": 6
    },
    {
      "Club": "Sheffield United",
      "Season": "1956–57",
      "Division": "Second Division",
      "League": 10,
      "FA Cup": 0,
      "Total": 10
    },
    {
      "Club": "Sheffield United",
      "Season": "Total",
      "Division": "Total",
      "League": 16,
      "FA Cup": 0,
      "Total": 15
    }
  ]
}