{
  "table_title": "Theatrical Performances and Roles",
  "columns": [
    {
      "column_name": "Year(s)",
      "data_type": "integer | string",
      "description": "The year or range of years the performance took place."
    },
    {
      "column_name": "Production",
      "data_type": "string",
      "description": "The name of the theatrical production."
    },
    {
      "column_name": "Role",
      "data_type": "string",
      "description": "The character played by the actor in the production."
    },
    {
      "column_name": "Location",
      "data_type": "string",
      "description": "The venue or location where the performance took place."
    },
    {
      "column_name": "Category",
      "data_type": "string",
      "description": "The category or type of the performance, often indicating the city or type of tour."
    }
  ],
  "first 5 rows": [
    {
      "Year(s)": "2005-2006",
      "Production": "Les Miserables",
      "Role": "Cosette",
      "Location": "US Tour",
      "Category": "US tour"
    },
    {
      "Year(s)": "2006-2007",
      "Production": "The Phantom of the Opera",
      "Role": "Christine Daaé",
      "Location": "Venetian Resort & Casino",
      "Category": "Las Vegas"
    },
    {
      "Year(s)": 2007,
      "Production": "The Little Mermaid",
      "Role": "Ariel",
      "Location": "Denver Center for the Performing Arts",
      "Category": "denver"
    },
    {
      "Year(s)": "2007-2009",
      "Production": "The Little Mermaid",
      "Role": "Ariel",
      "Location": "Lunt-Fontanne Theatre",
      "Category": "broadway"
    },
    {
      "Year(s)": 2009,
      "Production": "Music in the Air",
      "Role": "Sieglinde Lessing",
      "Location": "Encores!",
      "Category": "New York concert"
    }
  ]
}