{
  "table_title": "Filmography Details",
  "columns": [
    {
      "column_name": "Year",
      "data_type": "integer",
      "description": "The year the film was released."
    },
    {
      "column_name": "Film",
      "data_type": "string",
      "description": "The title of the film."
    },
    {
      "column_name": "Role",
      "data_type": "string",
      "description": "The role or character played by the actor in the film."
    },
    {
      "column_name": "Notes",
      "data_type": "string",
      "description": "Additional information about the role, such as whether it was a main or supporting role."
    }
  ],
  "first 5 rows": [
    {
      "Year": 1989,
      "Film": "Ask Me Again",
      "Role": "Young Nelson",
      "Notes": "supporting role"
    },
    {
      "Year": 1989,
      "Film": "Honey, I shrunk the kids",
      "Role": "Nick Szalinski",
      "Notes": "Main role"
    },
    {
      "Year": 1990,
      "Film": "Edward Scissorhands",
      "Role": "Kevin Bogs",
      "Notes": "Supporting role"
    },
    {
      "Year": 1992,
      "Film": "Honey, I Blew Up the Kid",
      "Role": "Nick Szalinski",
      "Notes": "main role"
    },
    {
      "Year": 1994,
      "Film": "Honey, I Shrunk the Audience",
      "Role": "Nick Szalinski",
      "Notes": "Main Role"
    }
  ]
}