{
  "table_title": "South African Representation in World Junior Championships",
  "columns": [
    {
      "column_name": "Year",
      "data_type": "integer | string",
      "description": "The year the competition took place, or a general note about representation."
    },
    {
      "column_name": "Competition",
      "data_type": "string",
      "description": "The name of the competition, or a general note about representation."
    },
    {
      "column_name": "Venue",
      "data_type": "string",
      "description": "The location where the competition took place, or a general note about representation."
    },
    {
      "column_name": "Position",
      "data_type": "string",
      "description": "The position or rank achieved in the competition, or a general note about representation."
    },
    {
      "column_name": "Notes",
      "data_type": "string",
      "description": "Additional notes, such as performance metrics or general notes about representation."
    }
  ],
  "first 5 rows": [
    {
      "Year": "Representing South Africa",
      "Competition": "Representing South Africa",
      "Venue": "Representing South Africa",
      "Position": "Representing South Africa",
      "Notes": "Representing South Africa"
    },
    {
      "Year": 1998,
      "Competition": "World Junior Championships",
      "Venue": "Annecy, France",
      "Position": "Second",
      "Notes": "71.16 m"
    },
    {
      "Year": 2000,
      "Competition": "World Junior Championships",
      "Venue": "Santiago, Chile",
      "Position": "1st",
      "Notes": "78.11 m"
    },
    {
      "Year": 2001,
      "Competition": "Universiade",
      "Venue": "Beijing, China",
      "Position": "5th",
      "Notes": "76.79 meters"
    },
    {
      "Year": 2002,
      "Competition": "African Championships",
      "Venue": "Radès, Tunisia",
      "Position": "First",
      "Notes": "78.63 m"
    }
  ]
}