{
  "table_title": "Football Club Season Performance",
  "columns": [
    {
      "column_name": "Club",
      "data_type": "string",
      "description": "The name of the football club."
    },
    {
      "column_name": "Season",
      "data_type": "string",
      "description": "The football season, typically represented as a range of years."
    },
    {
      "column_name": "Division",
      "data_type": "string",
      "description": "The division in which the club competed during the specified season."
    },
    {
      "column_name": "League",
      "data_type": "integer | string",
      "description": "The number of goals scored by the club in league matches during the specified season."
    },
    {
      "column_name": "FA Cup",
      "data_type": "integer | string",
      "description": "The number of goals scored by the club in FA Cup matches during the specified season."
    },
    {
      "column_name": "Other",
      "data_type": "integer | string",
      "description": "The number of goals scored by the club in other competitions during the specified season."
    },
    {
      "column_name": "Total",
      "data_type": "integer | string",
      "description": "The total number of goals scored by the club across all competitions during the specified season."
    }
  ],
  "first 5 rows": [
    {
      "Club": "Club",
      "Season": "Season",
      "Division": "Division",
      "League": "Goals",
      "FA Cup": "Goals",
      "Other": "Goals",
      "Total": "Goals"
    },
    {
      "Club": "Wrexham",
      "Season": "1950–51",
      "Division": "Third Division North",
      "League": 0,
      "FA Cup": 0,
      "Other": 0,
      "Total": 0
    },
    {
      "Club": "Wrexham",
      "Season": "1951–52",
      "Division": "Third Division North",
      "League": 0,
      "FA Cup": 0,
      "Other": 0,
      "Total": 0
    },
    {
      "Club": "Wrexham",
      "Season": "1952–53",
      "Division": "Third Division North",
      "League": 0,
      "FA Cup": 0,
      "Other": 0,
      "Total": 0
    },
    {
      "Club": "Wrexham",
      "Season": "Total",
      "Division": "Total",
      "League": 0,
      "FA Cup": 0,
      "Other": 0,
      "Total": 0
    }
  ]
}