{
  "table_title": "TVB Star Awards Malaysia Nominations",
  "columns": [
    {
      "column_name": "Year",
      "data_type": "integer",
      "description": "The year in which the nomination was made."
    },
    {
      "column_name": "Association",
      "data_type": "string",
      "description": "The name of the awarding body, in this case, 'TVB Star Awards Malaysia'."
    },
    {
      "column_name": "Category",
      "data_type": "string",
      "description": "The specific category of the nomination."
    },
    {
      "column_name": "Nominated work",
      "data_type": "string",
      "description": "The title of the work (such as a TV show or movie) that was nominated."
    },
    {
      "column_name": "Result",
      "data_type": "string",
      "description": "The outcome of the nomination, i.e., whether the nominee won or was simply nominated."
    }
  ],
  "first 5 rows": [
    {
      "Year": 2013,
      "Association": "TVB Star Awards Malaysia",
      "Category": "My Favourite TVB Promising Actress",
      "Nominated work": "Triumph in the Skies II and Always & Ever",
      "Result": "Nominated"
    },
    {
      "Year": 2013,
      "Association": "TVB Star Awards malaysia",
      "Category": "My Favourite TVB Supporting Actress",
      "Nominated work": "Always and Ever",
      "Result": "Nominated"
    },
    {
      "Year": 2015,
      "Association": "TVB Star Awards Malaysia",
      "Category": "My Favourite TVB Drama Characters",
      "Nominated work": "The Fixer",
      "Result": "nominated"
    },
    {
      "Year": 2015,
      "Association": "TVB Anniversary Awards",
      "Category": "Most Improved Female Artist",
      "Nominated work": "Officer Geomancer, Smooth Talker, and The Fixer",
      "Result": "Nominated"
    },
    {
      "Year": 2016,
      "Association": "TVB Anniversary Awards",
      "Category": "Best supporting actress",
      "Nominated work": "Dead Wrong",
      "Result": "Nominated"
    }
  ]
}