{
  "table_title": "Bolivian Athletics Competition History",
  "columns": [
    {
      "column_name": "Year",
      "data_type": "integer | string",
      "description": "The year in which the athletic competition took place. This can be a numerical value or a string."
    },
    {
      "column_name": "Competition",
      "data_type": "string",
      "description": "The name of the athletic competition in which Bolivia participated."
    },
    {
      "column_name": "Venue",
      "data_type": "string",
      "description": "The location where the athletic competition took place."
    },
    {
      "column_name": "Position",
      "data_type": "string",
      "description": "The final position or rank Bolivia achieved in the competition."
    },
    {
      "column_name": "Event",
      "data_type": "string",
      "description": "The specific event in the athletic competition."
    },
    {
      "column_name": "Notes",
      "data_type": "float | string",
      "description": "Additional information or notes on the competition, such as the specific time achieved in a race."
    }
  ],
  "first 5 rows": [
    {
      "Year": "Representing Bolivia",
      "Competition": "Representing Bolivia",
      "Venue": "Representing Bolivia",
      "Position": "Representing Bolivia",
      "Event": "Representing Bolivia",
      "Notes": "Representing Bolivia"
    },
    {
      "Year": 1984,
      "Competition": "South American Youth Championships",
      "Venue": "Tarija, Bolivia",
      "Position": "Third",
      "Event": "800 m",
      "Notes": "2:24.8 min A"
    },
    {
      "Year": 1986,
      "Competition": "World Junior Championships",
      "Venue": "Athens, Greece",
      "Position": "38th (h)",
      "Event": "800 m",
      "Notes": "2:21.10"
    },
    {
      "Year": 1986,
      "Competition": "World Junior Championships",
      "Venue": "Athens, Greece",
      "Position": "21st (h)",
      "Event": "400m hurdles",
      "Notes": 66.88
    },
    {
      "Year": 1986,
      "Competition": "South American Youth Championships",
      "Venue": "Comodoro Rivadavia, Argentina",
      "Position": "7th",
      "Event": "400 m",
      "Notes": "60.37 sec"
    }
  ]
}