{
  "table_title": "Australia's International Athletics Competitions Performance",
  "columns": [
    {
      "column_name": "Year",
      "data_type": "integer | string",
      "description": "The year the competition was held, represented as an integer or a string."
    },
    {
      "column_name": "Competition",
      "data_type": "string",
      "description": "The name of the international athletics competition."
    },
    {
      "column_name": "Venue",
      "data_type": "string",
      "description": "The location where the competition was held."
    },
    {
      "column_name": "Position",
      "data_type": "string",
      "description": "The position or rank Australia achieved in the competition."
    },
    {
      "column_name": "Event",
      "data_type": "string",
      "description": "The specific athletics event in which Australia participated."
    },
    {
      "column_name": "Notes",
      "data_type": "string",
      "description": "Additional details about the event, typically the performance measurement."
    }
  ],
  "first 5 rows": [
    {
      "Year": "Representing Australia",
      "Competition": "Representing Australia",
      "Venue": "Representing Australia",
      "Position": "Representing Australia",
      "Event": "Representing Australia",
      "Notes": "Representing Australia"
    },
    {
      "Year": 2007,
      "Competition": "World Youth Championships",
      "Venue": "Ostrava, Czech Republic",
      "Position": "2nd",
      "Event": "Javelin",
      "Notes": "76.31 m"
    },
    {
      "Year": 2008,
      "Competition": "World Junior Championships",
      "Venue": "Bydgoszcz, Poland",
      "Position": "5th",
      "Event": "Javelin",
      "Notes": "244.44 ft"
    },
    {
      "Year": 2013,
      "Competition": "World Championships",
      "Venue": "Moscow, Russia",
      "Position": "26th (q)",
      "Event": "javelin",
      "Notes": "76.33 m"
    },
    {
      "Year": 2014,
      "Competition": "Commonwealth Games",
      "Venue": "Glasgow, Scotland",
      "Position": "3rd",
      "Event": "Javelin",
      "Notes": "81.75 m"
    }
  ]
}