{
  "table_title": "Film Awards Nominations and Wins",
  "columns": [
    {
      "column_name": "Year",
      "data_type": "integer",
      "description": "The year in which the nomination or award was given."
    },
    {
      "column_name": "Association",
      "data_type": "string",
      "description": "The name of the awarding association or organization."
    },
    {
      "column_name": "Category",
      "data_type": "string",
      "description": "The specific category of the award or nomination."
    },
    {
      "column_name": "Work",
      "data_type": "string",
      "description": "The title of the film or work that was nominated or won the award."
    },
    {
      "column_name": "Result",
      "data_type": "string",
      "description": "The outcome of the nomination or award, whether it was won or just nominated."
    }
  ],
  "first 5 rows": [
    {
      "Year": 1996,
      "Association": "AACTA Awards",
      "Category": "Best Actress in a Leading Role",
      "Work": "Love and Other Catastrophes",
      "Result": "Nominated"
    },
    {
      "Year": 1997,
      "Association": "AACTA Awards",
      "Category": "Best Actress in a Leading Role",
      "Work": "Kiss or Kill",
      "Result": "Nominated"
    },
    {
      "Year": 1997,
      "Association": "Film Critics Circle of Australia",
      "Category": "Best Actress",
      "Work": "Kiss or Kill",
      "Result": "Won"
    },
    {
      "Year": 1997,
      "Association": "Montreal World Film Festival",
      "Category": "Best Actress",
      "Work": "Kiss or Kill",
      "Result": "Won"
    },
    {
      "Year": 1997,
      "Association": "AACTA Awards",
      "Category": "Best Actress in a Leading Role",
      "Work": "Thank God He Met Lizzie",
      "Result": "Nominated"
    }
  ]
}