{
  "table_title": "Canadian Athletic Competitions Performance",
  "columns": [
    {
      "column_name": "Year",
      "data_type": "integer | string",
      "description": "The year the competition took place. It can be an integer or a string representing a special event or situation."
    },
    {
      "column_name": "Competition",
      "data_type": "string",
      "description": "The name of the competition in which the athlete participated."
    },
    {
      "column_name": "Venue",
      "data_type": "string",
      "description": "The location or city where the competition took place."
    },
    {
      "column_name": "Position",
      "data_type": "string",
      "description": "The athlete's finishing position in the competition."
    },
    {
      "column_name": "Event",
      "data_type": "string",
      "description": "The specific event within the competition in which the athlete participated."
    },
    {
      "column_name": "Notes",
      "data_type": "string",
      "description": "Additional information about the athlete's performance, often including the time or score achieved."
    }
  ],
  "first 5 rows": [
    {
      "Year": "Representing Canada",
      "Competition": "Representing Canada",
      "Venue": "Representing Canada",
      "Position": "Representing Canada",
      "Event": "Representing Canada",
      "Notes": "Representing Canada"
    },
    {
      "Year": 1985,
      "Competition": "Universiade",
      "Venue": "Kobe, Japan",
      "Position": "3rd",
      "Event": "3000 m",
      "Notes": "9:03.19"
    },
    {
      "Year": 1987,
      "Competition": "Pan American Games",
      "Venue": "Indianapolis, United States",
      "Position": "2nd",
      "Event": "3000 m",
      "Notes": "09:14.48"
    },
    {
      "Year": 1988,
      "Competition": "Olympic Games",
      "Venue": "Seoul, South Korea",
      "Position": "17th (h)",
      "Event": "1500 m",
      "Notes": "4:08.64"
    },
    {
      "Year": 1988,
      "Competition": "Olympic Games",
      "Venue": "Seoul, S. Korea",
      "Position": "14th",
      "Event": "3,000 m",
      "Notes": "9:04.75"
    }
  ]
}