{
  "table_title": "Football Club Seasonal Goal Statistics",
  "columns": [
    {
      "column_name": "Club",
      "data_type": "string",
      "description": "This column represents the name of the football club."
    },
    {
      "column_name": "Season",
      "data_type": "string",
      "description": "This column indicates the specific season for which the goal data is recorded."
    },
    {
      "column_name": "League",
      "data_type": "integer | string",
      "description": "This column shows the number of goals scored by the club in the league matches during the specified season."
    },
    {
      "column_name": "FA Cup",
      "data_type": "integer | string",
      "description": "This column displays the number of goals scored by the club in the FA Cup matches during the specified season."
    },
    {
      "column_name": "League Cup",
      "data_type": "integer | string",
      "description": "This column indicates the number of goals scored by the club in the League Cup matches during the specified season."
    },
    {
      "column_name": "Other",
      "data_type": "integer | string",
      "description": "This column represents the number of goals scored by the club in other matches not included in the above categories during the specified season."
    },
    {
      "column_name": "Total",
      "data_type": "integer | string",
      "description": "This column sums up the total number of goals scored by the club across all matches during the specified season."
    }
  ],
  "first 5 rows": [
    {
      "Club": "Club",
      "Season": "Season",
      "League": "Goals",
      "FA Cup": "Goals",
      "League Cup": "Goals",
      "Other": "Goals",
      "Total": "Goals"
    },
    {
      "Club": "Portsmouth",
      "Season": "1985–86",
      "League": 0,
      "FA Cup": 0,
      "League Cup": 1,
      "Other": 0,
      "Total": 1
    },
    {
      "Club": "Portsmouth",
      "Season": "1986–87",
      "League": 0,
      "FA Cup": 0,
      "League Cup": 0,
      "Other": 0,
      "Total": 0
    },
    {
      "Club": "Portsmouth",
      "Season": "1987–88",
      "League": 1,
      "FA Cup": 0,
      "League Cup": 0,
      "Other": 0,
      "Total": 1
    },
    {
      "Club": "Portsmouth",
      "Season": "1988–89",
      "League": 0,
      "FA Cup": 0,
      "League Cup": 0,
      "Other": 0,
      "Total": 0
    }
  ]
}