{
  "table_title": "Football Clubs' Goals Statistics per Season",
  "columns": [
    {
      "column_name": "Club",
      "data_type": "string",
      "description": "The name of the football club."
    },
    {
      "column_name": "Season",
      "data_type": "string",
      "description": "The specific season during which the recorded goals were scored."
    },
    {
      "column_name": "League",
      "data_type": "integer | string",
      "description": "The number of goals scored by the club in the league during the specified season."
    },
    {
      "column_name": "National Cup",
      "data_type": "integer | string",
      "description": "The number of goals scored by the club in the National Cup during the specified season."
    },
    {
      "column_name": "Total",
      "data_type": "integer | string",
      "description": "The total number of goals scored by the club in both the league and the National Cup during the specified season."
    }
  ],
  "first 5 rows": [
    {
      "Club": "Club",
      "Season": "Season",
      "League": "Goals",
      "National Cup": "Goals",
      "Total": "Goals"
    },
    {
      "Club": "Clyde",
      "Season": "1902–03",
      "League": 0,
      "National Cup": 0,
      "Total": 0
    },
    {
      "Club": "Newcastle United",
      "Season": "1902–03",
      "League": 0,
      "National Cup": 0,
      "Total": 0
    },
    {
      "Club": "Brentford",
      "Season": "1903–04",
      "League": 0,
      "National Cup": 0,
      "Total": 0
    },
    {
      "Club": "Brentford",
      "Season": "1904–05",
      "League": 0,
      "National Cup": 0,
      "Total": 0
    }
  ]
}