{
  "table_title": "Music Release Information",
  "columns": [
    {
      "column_name": "Year",
      "data_type": "integer",
      "description": "The year the single or album was released."
    },
    {
      "column_name": "Single",
      "data_type": "string",
      "description": "The title of the single released in the specified year."
    },
    {
      "column_name": "Album",
      "data_type": "string",
      "description": "The album in which the single was included. If the single was not part of an album, this is indicated as 'non-album single'."
    }
  ],
  "first 5 rows": [
    {
      "Year": 2010,
      "Single": "\"Cloud City\"",
      "Album": "Frond"
    },
    {
      "Year": 2010,
      "Single": "\"annie orangetree\"",
      "Album": "Frond"
    },
    {
      "Year": 2010,
      "Single": "\"Greens Pool\"",
      "Album": "Non-Album Single"
    },
    {
      "Year": 2012,
      "Single": "\"Fantastic Explosion of Time\"",
      "Album": "Beard, Wives, Denim"
    },
    {
      "Year": 2012,
      "Single": "\"Moth Wings\"",
      "Album": "BEARD, WIVES, DENIM"
    }
  ]
}