{
  "table_title": "Football Club Season Performance",
  "columns": [
    {
      "column_name": "Season",
      "data_type": "integer | string",
      "description": "The year of the football season."
    },
    {
      "column_name": "Club",
      "data_type": "string",
      "description": "The name of the football club."
    },
    {
      "column_name": "Division",
      "data_type": "string",
      "description": "The division in which the club competes during the season."
    },
    {
      "column_name": "League",
      "data_type": "integer | string",
      "description": "The number of goals scored by the club in league matches during the season."
    },
    {
      "column_name": "Cup",
      "data_type": "integer | string",
      "description": "The number of goals scored by the club in cup matches during the season."
    },
    {
      "column_name": "Total",
      "data_type": "integer | string",
      "description": "The total number of goals scored by the club during the season, in both league and cup matches."
    }
  ],
  "first 5 rows": [
    {
      "Season": "Season",
      "Club": "Club",
      "Division": "Division",
      "League": "Goals",
      "Cup": "Goals",
      "Total": "Goals"
    },
    {
      "Season": 2008,
      "Club": "Sandefjord",
      "Division": "Adeccoligaen",
      "League": 0,
      "Cup": 0,
      "Total": 0
    },
    {
      "Season": 2009,
      "Club": "Sandefjord",
      "Division": "Tippeligaen",
      "League": 0,
      "Cup": 0,
      "Total": 0
    },
    {
      "Season": 2010,
      "Club": "Sandefjord",
      "Division": "Tippeligaen",
      "League": 1,
      "Cup": 1,
      "Total": 3
    },
    {
      "Season": 2011,
      "Club": "Sandefjord",
      "Division": "Adeccoligaen",
      "League": 0,
      "Cup": 0,
      "Total": 0
    }
  ]
}