{
  "table_title": "Actor Television Appearances",
  "columns": [
    {
      "column_name": "Year",
      "data_type": "integer",
      "description": "The year the television appearance was made."
    },
    {
      "column_name": "Title",
      "data_type": "string",
      "description": "The title of the television show or program."
    },
    {
      "column_name": "Role",
      "data_type": "string",
      "description": "The role that the actor played in the television show or program."
    },
    {
      "column_name": "Network",
      "data_type": "string",
      "description": "The network that broadcasted the television show or program."
    }
  ],
  "first 5 rows": [
    {
      "Year": 2018,
      "Title": "Tadhana: Karayom",
      "Role": "Chris",
      "Network": "gma network"
    },
    {
      "Year": 2017,
      "Title": "Road Trip",
      "Role": "Himself",
      "Network": "GMA Network"
    },
    {
      "Year": 2017,
      "Title": "AFGITMOLFM",
      "Role": "Art",
      "Network": "tv5"
    },
    {
      "Year": 2016,
      "Title": "A1 Ko Sa 'Yo",
      "Role": "Joaqs",
      "Network": "GMA Network"
    },
    {
      "Year": 2016,
      "Title": "Be My Lady",
      "Role": "Kevin",
      "Network": "abs-cbn"
    }
  ]
}