{
  "table_title": "Music Track Listings",
  "columns": [
    {
      "column_name": "Year",
      "data_type": "integer",
      "description": "The year when the track was released."
    },
    {
      "column_name": "Title",
      "data_type": "string",
      "description": "The title of the track."
    },
    {
      "column_name": "Album",
      "data_type": "string",
      "description": "The album in which the track is included."
    }
  ],
  "first 5 rows": [
    {
      "Year": 2004,
      "Title": "\"I Set My Friends on Fire\"",
      "Album": "our gangs dark oath"
    },
    {
      "Year": 2004,
      "Title": "\"Fifteen\"",
      "Album": "Our Gangs Dark Oath"
    },
    {
      "Year": 2005,
      "Title": "\"Knife Blood Nightmare\"",
      "Album": "Nightmare Anatomy"
    },
    {
      "Year": 2005,
      "Title": "\"The Last Sunrise\"",
      "Album": "Nightmare Anatomy"
    },
    {
      "Year": 2005,
      "Title": "\"Die Romantic\"",
      "Album": "nightmare anatomy"
    }
  ]
}