{
  "table_title": "Award Nominations Records",
  "columns": [
    {
      "column_name": "Year",
      "data_type": "integer",
      "description": "The year in which the award ceremony took place."
    },
    {
      "column_name": "Award Ceremony",
      "data_type": "string",
      "description": "The name of the award ceremony where the nomination was made."
    },
    {
      "column_name": "Prize",
      "data_type": "string",
      "description": "The specific award category or prize for which the nomination was made."
    },
    {
      "column_name": "Work/Recipient",
      "data_type": "string",
      "description": "The name of the work or individual that was nominated for the award."
    },
    {
      "column_name": "Result",
      "data_type": "string",
      "description": "The outcome of the nomination, whether the nominee won or was just nominated."
    }
  ],
  "first 5 rows": [
    {
      "Year": 2013,
      "Award Ceremony": "original material awards",
      "Prize": "Newcomer of the Year",
      "Work/Recipient": "Himself",
      "Result": "Nominated"
    },
    {
      "Year": 2014,
      "Award Ceremony": "Original Material Awards",
      "Prize": "Mixtape of the Year",
      "Work/Recipient": "NORMVL",
      "Result": "nominated"
    },
    {
      "Year": 2014,
      "Award Ceremony": "Original Material Awards",
      "Prize": "Best Sleeve Design",
      "Work/Recipient": "normvl",
      "Result": "Nominated"
    },
    {
      "Year": 2014,
      "Award Ceremony": "Original Material Awards",
      "Prize": "Lyricist of the Year",
      "Work/Recipient": "Himself",
      "Result": "Nominated"
    },
    {
      "Year": 2014,
      "Award Ceremony": "South African Hip Hop Awards",
      "Prize": "Mixtape of the Year",
      "Work/Recipient": "NORMVL",
      "Result": "Nominated"
    }
  ]
}