{
  "table_title": "Spain's Performance in International Athletic Competitions",
  "columns": [
    {
      "column_name": "Year",
      "data_type": "integer | string",
      "description": "The year in which the competition took place. It can also represent the country Spain if the athlete is representing Spain."
    },
    {
      "column_name": "Competition",
      "data_type": "string",
      "description": "The name of the athletic competition. It can also represent the country Spain if the athlete is representing Spain."
    },
    {
      "column_name": "Venue",
      "data_type": "string",
      "description": "The location where the competition took place. It can also represent the country Spain if the athlete is representing Spain."
    },
    {
      "column_name": "Position",
      "data_type": "string",
      "description": "The position or rank that the athlete achieved in the competition. It can also represent the country Spain if the athlete is representing Spain."
    },
    {
      "column_name": "Event",
      "data_type": "string",
      "description": "The specific athletic event in which the athlete competed. It can also represent the country Spain if the athlete is representing Spain."
    },
    {
      "column_name": "Notes",
      "data_type": "string | time",
      "description": "Additional information about the athlete's performance, such as timing. It can also represent the country Spain if the athlete is representing Spain."
    }
  ],
  "first 5 rows": [
    {
      "Year": "Representing Spain",
      "Competition": "Representing Spain",
      "Venue": "Representing Spain",
      "Position": "Representing Spain",
      "Event": "Representing Spain",
      "Notes": "Representing Spain"
    },
    {
      "Year": 2007,
      "Competition": "European Junior Championships",
      "Venue": "Hengelo, Netherlands",
      "Position": "11th",
      "Event": "10,000 m",
      "Notes": "50:10"
    },
    {
      "Year": 2008,
      "Competition": "World Junior Championships",
      "Venue": "Bydgoszcz, Poland",
      "Position": "twenty-first",
      "Event": "10,000 metres",
      "Notes": "48:53"
    },
    {
      "Year": 2009,
      "Competition": "European U23 Championships",
      "Venue": "Kaunas, Lithuania",
      "Position": "8th",
      "Event": "20 km",
      "Notes": "1:38:00"
    },
    {
      "Year": 2011,
      "Competition": "European U23 Championships",
      "Venue": "Ostrava, Czech Republic",
      "Position": "13th",
      "Event": "20 km",
      "Notes": "1:45:46"
    }
  ]
}