{
  "table_title": "Netherlands' Performance in International Athletics Competitions",
  "columns": [
    {
      "column_name": "Year",
      "data_type": "integer | string",
      "description": "The year in which the competition took place. This can be a string when representing a non-specific year."
    },
    {
      "column_name": "Competition",
      "data_type": "string",
      "description": "The name of the international athletics competition."
    },
    {
      "column_name": "Venue",
      "data_type": "string",
      "description": "The location where the competition was held."
    },
    {
      "column_name": "Position",
      "data_type": "string",
      "description": "The position or rank achieved by the Netherlands in the specified event of the competition."
    },
    {
      "column_name": "Event",
      "data_type": "string",
      "description": "The specific athletics event in which the Netherlands competed."
    },
    {
      "column_name": "Notes",
      "data_type": "float | string",
      "description": "Additional details about the performance, such as the time achieved. This can be a string or a float, depending on the nature of the detail."
    }
  ],
  "first 5 rows": [
    {
      "Year": "Representing the Netherlands",
      "Competition": "Representing the Netherlands",
      "Venue": "Representing the netherlands",
      "Position": "Representing the Netherlands",
      "Event": "Representing the Netherlands",
      "Notes": "Representing the Netherlands"
    },
    {
      "Year": 1992,
      "Competition": "World Junior Championships",
      "Venue": "Seoul, South Korea",
      "Position": "4th",
      "Event": "110 m hurdles",
      "Notes": "14.11 (wind: +1.6 m/s)"
    },
    {
      "Year": 1993,
      "Competition": "European Junior Championships",
      "Venue": "San Sebastián, Spain",
      "Position": "1st",
      "Event": "110m hurdles",
      "Notes": 13.85
    },
    {
      "Year": 1993,
      "Competition": "World Championships",
      "Venue": "Stuttgart, Germany",
      "Position": "44th (h)",
      "Event": "110 m hurdles",
      "Notes": 14.88
    },
    {
      "Year": 1994,
      "Competition": "European Championships",
      "Venue": "Helsinki, Finland",
      "Position": "29th (H)",
      "Event": "110 m hurdles",
      "Notes": 14.31
    }
  ]
}