{
  "table_title": "Anugerah Industri Muzik Awards History",
  "columns": [
    {
      "column_name": "Year",
      "data_type": "integer",
      "description": "The year in which the award was given or nominated."
    },
    {
      "column_name": "Award",
      "data_type": "string",
      "description": "The name of the award or event, in this case, it is 'Anugerah Industri Muzik'."
    },
    {
      "column_name": "Recipients and nominees",
      "data_type": "string",
      "description": "The name of the song or performance that was either nominated or received the award."
    },
    {
      "column_name": "Category",
      "data_type": "string",
      "description": "The specific category of the award or nomination."
    },
    {
      "column_name": "Result",
      "data_type": "string",
      "description": "The result of the nomination, whether the nominee won the award or not."
    },
    {
      "column_name": "Host country",
      "data_type": "string",
      "description": "The country where the award event was hosted."
    }
  ],
  "first 5 rows": [
    {
      "Year": 2016,
      "Award": "Anugerah Industri Muzik",
      "Recipients and nominees": "\"Jaga Dia Untukku\" (live from Unplugged)",
      "Category": "Best Musical Arrangement in a Song",
      "Result": "Nominated",
      "Host country": "Malaysia Malaysia"
    },
    {
      "Year": 2016,
      "Award": "Anugerah Industri Muzik",
      "Recipients and nominees": "\"Mikraj Cinta\"",
      "Category": "Best Nasyid Song",
      "Result": "Won",
      "Host country": "MY"
    },
    {
      "Year": 2016,
      "Award": "Anugerah Industri Muzik",
      "Recipients and nominees": "\"Menatap dalam Mimpi\"",
      "Category": "Best Vocal Performance in a Song (Female)",
      "Result": "Won",
      "Host country": "Malaysia Malaysia"
    },
    {
      "Year": 2016,
      "Award": "Anugerah Industri Muzik",
      "Recipients and nominees": "\"Menatap dalam Mimpi\"",
      "Category": "Best Pop Song",
      "Result": "Nominated",
      "Host country": "Malaysia"
    },
    {
      "Year": 2016,
      "Award": "Anugerah Industri Muzik",
      "Recipients and nominees": "\"Menatap dalam Mimpi\"",
      "Category": "Best Musical Arrangement in a Song",
      "Result": "Won",
      "Host country": "Malaysia Malaysia"
    }
  ]
}