{
  "table_title": "Music Awards Nomination and Results",
  "columns": [
    {
      "column_name": "Year",
      "data_type": "integer",
      "description": "The year the award was given or nominated."
    },
    {
      "column_name": "Nominee / work",
      "data_type": "string",
      "description": "The name of the nominee or the work that was nominated for the award."
    },
    {
      "column_name": "Award",
      "data_type": "string",
      "description": "The category of the award for which the nominee or work was considered."
    },
    {
      "column_name": "Result",
      "data_type": "string",
      "description": "The outcome of the nomination, whether the nominee or work won or was just nominated."
    }
  ],
  "first 5 rows": [
    {
      "Year": 2010,
      "Nominee / work": "Get Out While You Can",
      "Award": "Best Male Artist",
      "Result": "won"
    },
    {
      "Year": 2010,
      "Nominee / work": "Get Out While you can",
      "Award": "Best Blues and Roots Album",
      "Result": "Won"
    },
    {
      "Year": 2010,
      "Nominee / work": "Get Out While You Can",
      "Award": "Best Independent Release",
      "Result": "nominated"
    },
    {
      "Year": 2014,
      "Nominee / work": "Blackbird",
      "Award": "Album of the Year",
      "Result": "Nominated"
    },
    {
      "Year": 2014,
      "Nominee / work": "blackbird",
      "Award": "Best Male Artist",
      "Result": "Nominated"
    }
  ]
}