{
  "table_title": "Election Results",
  "columns": [
    {
      "column_name": "Candidate",
      "data_type": "string",
      "description": "This column lists the names of the candidates participating in the election, including a category for invalid or blank votes."
    },
    {
      "column_name": "Votes",
      "data_type": "integer | string",
      "description": "This column represents the total number of votes each candidate received. Invalid or blank votes are also counted."
    },
    {
      "column_name": "%",
      "data_type": "float | integer | string",
      "description": "This column shows the percentage of total votes that each candidate received. The percentage for invalid or blank votes is not applicable and is represented by a special character."
    }
  ],
  "first 5 rows": [
    {
      "Candidate": "James Glass",
      "Votes": 88,
      "%": "62.9%"
    },
    {
      "Candidate": "Ian Lavarello",
      "Votes": "52 votes",
      "%": 37.1
    },
    {
      "Candidate": "Invalid/blank votes",
      "Votes": 18,
      "%": "—"
    },
    {
      "Candidate": "Total",
      "Votes": 158,
      "%": "100%"
    },
    {
      "Candidate": "Registered voters/turnout",
      "Votes": "213 people",
      "%": 74.2
    }
  ]
}