{
  "table_title": "Election Results for Different Political Parties",
  "columns": [
    {
      "column_name": "colspanParty",
      "data_type": "string",
      "description": "The name of the political party."
    },
    {
      "column_name": "Votes",
      "data_type": "string",
      "description": "The total number of votes received by the party, represented as a string with commas for thousands separators."
    },
    {
      "column_name": "%",
      "data_type": "float | integer | string",
      "description": "The percentage of total votes received by the party."
    },
    {
      "column_name": "Seats",
      "data_type": "integer | string",
      "description": "The number of seats won by the party in the election."
    },
    {
      "column_name": "+/−",
      "data_type": "integer | string",
      "description": "The change in the number of seats won by the party compared to the previous election. 'New' indicates a party that did not participate in the previous election."
    }
  ],
  "first 5 rows": [
    {
      "colspanParty": "Christian Social Party",
      "Votes": 1245531,
      "%": 41.8,
      "Seats": 85,
      "+/−": 16,
      "+/-": "None"
    },
    {
      "colspanParty": "Social Democratic Party",
      "Votes": 1072709,
      "%": 36,
      "Seats": 69,
      "+/−": -3,
      "+/-": "None"
    },
    {
      "colspanParty": "Greater German People's Party",
      "Votes": 390013,
      "%": 13.1,
      "Seats": 21,
      "+/−": "New",
      "+/-": "None"
    },
    {
      "colspanParty": "Landbund",
      "Votes": 124114,
      "%": 4.2,
      "Seats": 7,
      "+/−": "New",
      "+/-": "None"
    },
    {
      "colspanParty": "Civic Workers' Party",
      "Votes": 42826,
      "%": 1.4,
      "Seats": 1,
      "+/−": "New",
      "+/-": "None"
    }
  ]
}