{
  "table_title": "Club Football Goal Statistics by Season",
  "columns": [
    {
      "column_name": "Club",
      "data_type": "string",
      "description": "This column represents the name of the football club."
    },
    {
      "column_name": "Season",
      "data_type": "string",
      "description": "This column represents the season in which the goals were scored."
    },
    {
      "column_name": "League",
      "data_type": "integer | string",
      "description": "This column indicates the number of goals scored in league matches during the specified season."
    },
    {
      "column_name": "Continental",
      "data_type": "string",
      "description": "This column indicates the number of goals scored in continental matches during the specified season. The value '-' represents no goals or no participation in such matches."
    },
    {
      "column_name": "National",
      "data_type": "integer | string",
      "description": "This column indicates the number of goals scored in national matches during the specified season."
    },
    {
      "column_name": "Total",
      "data_type": "integer | string",
      "description": "This column represents the total number of goals scored by the club in all matches during the specified season."
    }
  ],
  "first 5 rows": [
    {
      "Club": "Club",
      "Season": "Season",
      "League": "Goals",
      "Continental": "Goals",
      "National": "Goals",
      "Total": "Goals"
    },
    {
      "Club": "Bucaspor",
      "Season": "2006–08",
      "League": 0,
      "Continental": "–",
      "National": 2,
      "Total": 2
    },
    {
      "Club": "Bucaspor",
      "Season": "2008–09",
      "League": 13,
      "Continental": "–",
      "National": 2,
      "Total": 15
    },
    {
      "Club": "Bucaspor",
      "Season": "2009–10",
      "League": 9,
      "Continental": "–",
      "National": 3,
      "Total": 12
    },
    {
      "Club": "Bucaspor",
      "Season": "2010–11",
      "League": 11,
      "Continental": "–",
      "National": 0,
      "Total": 11
    }
  ]
}