{
  "table_title": "United States Outdoor Track and Field Championships Performance",
  "columns": [
    {
      "column_name": "Year",
      "data_type": "integer | string",
      "description": "The year in which the track and field championship took place."
    },
    {
      "column_name": "Competition",
      "data_type": "string",
      "description": "The name of the track and field competition."
    },
    {
      "column_name": "Venue",
      "data_type": "string",
      "description": "The location where the track and field championship was held."
    },
    {
      "column_name": "Position",
      "data_type": "string",
      "description": "The final position or rank achieved in the competition."
    },
    {
      "column_name": "Event",
      "data_type": "string",
      "description": "The specific track or field event in the championship."
    },
    {
      "column_name": "Notes",
      "data_type": "string",
      "description": "Additional information or specifics about the performance, such as timing."
    }
  ],
  "first 5 rows": [
    {
      "Year": "Representing the United States",
      "Competition": "Representing the United States",
      "Venue": "Representing the United States",
      "Position": "Representing the United States",
      "Event": "Representing the United States",
      "Notes": "Representing the United States"
    },
    {
      "Year": 1982,
      "Competition": "USA Outdoor Track and Field Championships",
      "Venue": "Knoxville, TN",
      "Position": "6th",
      "Event": "10,000 m",
      "Notes": "28:48.8"
    },
    {
      "Year": 1983,
      "Competition": "us outdoor track and field championships",
      "Venue": "Indianapolis, Indiana",
      "Position": "5th",
      "Event": "10000 meters",
      "Notes": "28:35.92"
    },
    {
      "Year": 1984,
      "Competition": "US Olympic Trials",
      "Venue": "Los Angeles, CA",
      "Position": "3rd",
      "Event": "10,000 m",
      "Notes": "28:03.86"
    },
    {
      "Year": 1984,
      "Competition": "Olympic Games",
      "Venue": "Los Angeles, United States",
      "Position": "15th",
      "Event": "10,000 m",
      "Notes": "28:34.59"
    }
  ]
}