{
  "table_title": "Filmography Record",
  "columns": [
    {
      "column_name": "Year",
      "data_type": "integer",
      "description": "The year when the film was released."
    },
    {
      "column_name": "Title",
      "data_type": "string",
      "description": "The title of the film."
    },
    {
      "column_name": "Role",
      "data_type": "string",
      "description": "The role played by the actor in the film."
    },
    {
      "column_name": "Notes",
      "data_type": "string",
      "description": "Additional information about the role, such as whether it was a lead, minor, or cameo appearance."
    }
  ],
  "first 5 rows": [
    {
      "Year": 2001,
      "Title": "all about you",
      "Role": "Toomie's singer",
      "Notes": "Cameo appearance"
    },
    {
      "Year": 2004,
      "Title": "Black Rose",
      "Role": "rose",
      "Notes": "Lead role"
    },
    {
      "Year": 2004,
      "Title": "The Seat Filler",
      "Role": "Fitz (VJ)",
      "Notes": "minor role"
    },
    {
      "Year": 2005,
      "Title": "If You Don't Believe: A Love Story",
      "Role": "Ellie Jackson",
      "Notes": "Minor role"
    },
    {
      "Year": 2006,
      "Title": "True Grits",
      "Role": "Pregnant woman",
      "Notes": "MINOR ROLE"
    }
  ]
}