{
  "table_title": "Track and Field Championship Performances",
  "columns": [
    {
      "column_name": "Year",
      "data_type": "integer",
      "description": "The year the track and field event took place."
    },
    {
      "column_name": "Competition",
      "data_type": "string",
      "description": "The name of the track and field competition."
    },
    {
      "column_name": "Venue",
      "data_type": "string",
      "description": "The location where the track and field competition was held."
    },
    {
      "column_name": "Position",
      "data_type": "string",
      "description": "The final standing or position achieved in the competition."
    },
    {
      "column_name": "Event",
      "data_type": "string",
      "description": "The specific track and field event in which the participant competed."
    },
    {
      "column_name": "Notes",
      "data_type": "string",
      "description": "Additional details or observations about the performance, often including the distance or time achieved."
    }
  ],
  "first 5 rows": [
    {
      "Year": 2017,
      "Competition": "USA Outdoor Track and Field Championships",
      "Venue": "Sacramento, California",
      "Position": "3rd",
      "Event": "Triple jump",
      "Notes": "13.62 m (44 ft 8 in)"
    },
    {
      "Year": 2017,
      "Competition": "USA Indoor Track and Field Championships",
      "Venue": "Albuquerque, New Mexico",
      "Position": "5th",
      "Event": "Triple jump",
      "Notes": "13.18 m (43 ft 3 in)"
    },
    {
      "Year": 2016,
      "Competition": "2016 United States Olympic Trials (track and field)",
      "Venue": "Eugene, Oregon",
      "Position": "3rd",
      "Event": "Triple jump",
      "Notes": "13.95 m (45 ft 9 in)"
    },
    {
      "Year": 2016,
      "Competition": "USA Indoor Track and Field Championships",
      "Venue": "Portland, Oregon",
      "Position": "3rd",
      "Event": "Long jump",
      "Notes": "6.57 m (21 ft 7 in)"
    },
    {
      "Year": 2015,
      "Competition": "USA Outdoor Track and Field Championships",
      "Venue": "Eugene, Oregon",
      "Position": "13th",
      "Event": "Long jump",
      "Notes": "6.32 m (20 ft 9 in)"
    }
  ]
}