{
  "table_title": "Filmography",
  "columns": [
    {
      "column_name": "Year",
      "data_type": "integer",
      "description": "The year the film was released."
    },
    {
      "column_name": "Title",
      "data_type": "string",
      "description": "The title of the film."
    },
    {
      "column_name": "Role",
      "data_type": "string",
      "description": "The role played by the actor in the film."
    }
  ],
  "first 5 rows": [
    {
      "Year": 2016,
      "Title": "The Tiger Hunter",
      "Role": "ruby iqbal"
    },
    {
      "Year": 2015,
      "Title": "Amar, Akbar & Tony",
      "Role": "Meera"
    },
    {
      "Year": 2014,
      "Title": "Jack Ryan: Shadow Recruit",
      "Role": "Penn"
    },
    {
      "Year": 2012,
      "Title": "Red Lights",
      "Role": "dana"
    },
    {
      "Year": 2009,
      "Title": "Couples Retreat",
      "Role": "SPA ATTENDANT"
    }
  ]
}