{
  "table_title": "Cuban Athletes' Performances in International Competitions",
  "columns": [
    {
      "column_name": "Year",
      "data_type": "integer | string",
      "description": "The year in which the competition took place. Can sometimes be a string, indicating a special note instead of a specific year."
    },
    {
      "column_name": "Competition",
      "data_type": "string",
      "description": "The name of the international competition in which the athlete participated."
    },
    {
      "column_name": "Venue",
      "data_type": "string",
      "description": "The location or city where the competition was held."
    },
    {
      "column_name": "Position",
      "data_type": "string",
      "description": "The position or rank the athlete achieved in the competition. If the athlete did not finish, this is represented with a special character."
    },
    {
      "column_name": "Event",
      "data_type": "string",
      "description": "The specific event in which the athlete competed, often including details about the event's parameters or requirements."
    },
    {
      "column_name": "Notes",
      "data_type": "float | string",
      "description": "Additional notes about the athlete's performance, which may include their time in a race (represented as a float) or a note if they did not finish (represented as a string)."
    }
  ],
  "first 5 rows": [
    {
      "Year": "Representing Cuba",
      "Competition": "Representing Cuba",
      "Venue": "Representing Cuba",
      "Position": "Representing Cuba",
      "Event": "Representing Cuba",
      "Notes": "Representing Cuba"
    },
    {
      "Year": 2008,
      "Competition": "World Junior Championships",
      "Venue": "Bydgoszcz, Poland",
      "Position": "–",
      "Event": "110 m hurdles (99 cm)",
      "Notes": "DNF"
    },
    {
      "Year": 2014,
      "Competition": "World Indoor Championships",
      "Venue": "Sopot, Poland",
      "Position": "16th (sf)",
      "Event": "60 m hurdles",
      "Notes": 803
    },
    {
      "Year": 2014,
      "Competition": "Pan American Sports Festival",
      "Venue": "Mexico City, Mexico",
      "Position": "5th",
      "Event": "110m hurdles",
      "Notes": 13.72
    },
    {
      "Year": 2014,
      "Competition": "Central American and Caribbean Games",
      "Venue": "Xalapa, Mexico",
      "Position": "2nd",
      "Event": "110 m hurdles",
      "Notes": 13.53
    }
  ]
}