{
  "table_title": "Polish Athletic Competitions History",
  "columns": [
    {
      "column_name": "Year",
      "data_type": "integer | string",
      "description": "The year the competition took place. It can be an integer or a string."
    },
    {
      "column_name": "Competition",
      "data_type": "string",
      "description": "The name of the athletic competition."
    },
    {
      "column_name": "Venue",
      "data_type": "string",
      "description": "The location where the competition was held."
    },
    {
      "column_name": "Position",
      "data_type": "string",
      "description": "The position or ranking achieved in the competition."
    },
    {
      "column_name": "Event",
      "data_type": "string",
      "description": "The specific event within the competition."
    },
    {
      "column_name": "Notes",
      "data_type": "string | time",
      "description": "Additional information about the competition or event, which can include time records."
    }
  ],
  "first 5 rows": [
    {
      "Year": "Representing Poland",
      "Competition": "Representing Poland",
      "Venue": "Representing Poland",
      "Position": "Representing Poland",
      "Event": "Representing Poland",
      "Notes": "Representing Poland"
    },
    {
      "Year": 2004,
      "Competition": "World Junior Championships",
      "Venue": "Grosseto, Italy",
      "Position": "15th (heats)",
      "Event": "3000 m st.",
      "Notes": "10:35.22"
    },
    {
      "Year": 2005,
      "Competition": "European U23 Championships",
      "Venue": "Erfurt, Germany",
      "Position": "1st",
      "Event": "3000 m steeplechase",
      "Notes": "9:54.17"
    },
    {
      "Year": 2006,
      "Competition": "European Cup",
      "Venue": "Málaga, Spain",
      "Position": "3rd",
      "Event": "3000 m st.",
      "Notes": "9:56.10"
    },
    {
      "Year": 2006,
      "Competition": "European Championships",
      "Venue": "Gothenburg, Sweden",
      "Position": "9th",
      "Event": "3000 m st.",
      "Notes": "9:42.89"
    }
  ]
}