{
  "table_title": "Football Club Seasonal Goals Statistics",
  "columns": [
    {
      "column_name": "Club",
      "data_type": "string",
      "description": "The name of the football club."
    },
    {
      "column_name": "Season",
      "data_type": "string",
      "description": "The football season during which the goals were scored."
    },
    {
      "column_name": "League",
      "data_type": "integer | string",
      "description": "The number of goals scored by the club in the league matches during the specified season."
    },
    {
      "column_name": "FA Cup",
      "data_type": "integer | string",
      "description": "The number of goals scored by the club in the FA Cup matches during the specified season."
    },
    {
      "column_name": "League Cup",
      "data_type": "integer | string",
      "description": "The number of goals scored by the club in the League Cup matches during the specified season."
    },
    {
      "column_name": "Other",
      "data_type": "integer | string",
      "description": "The number of goals scored by the club in other matches during the specified season."
    },
    {
      "column_name": "Total",
      "data_type": "integer | string",
      "description": "The total number of goals scored by the club across all matches during the specified season."
    }
  ],
  "first 5 rows": [
    {
      "Club": "Club",
      "Season": "Season",
      "League": "Goals",
      "FA Cup": "Goals",
      "League Cup": "Goals",
      "Other": "Goals",
      "Total": "Goals"
    },
    {
      "Club": "Bognor Regis Town",
      "Season": "2009–10",
      "League": 2,
      "FA Cup": 1,
      "League Cup": "−",
      "Other": 0,
      "Total": 3
    },
    {
      "Club": "Bognor Regis Town",
      "Season": "Total",
      "League": 2,
      "FA Cup": 1,
      "League Cup": "−",
      "Other": 0,
      "Total": 4
    },
    {
      "Club": "Eastbourne Borough",
      "Season": "2010–11",
      "League": 0,
      "FA Cup": 0,
      "League Cup": "−",
      "Other": 0,
      "Total": 0
    },
    {
      "Club": "Kidderminster Harriers",
      "Season": "2011–12",
      "League": 0,
      "FA Cup": 0,
      "League Cup": "−",
      "Other": 0,
      "Total": 0
    }
  ]
}