{
  "table_title": "Music Singles and Their Albums",
  "columns": [
    {
      "column_name": "Title",
      "data_type": "string",
      "description": "The title of the single, possibly including featured artists."
    },
    {
      "column_name": "Year",
      "data_type": "integer",
      "description": "The year the single was released."
    },
    {
      "column_name": "Album",
      "data_type": "string",
      "description": "The album the single is from, if any; otherwise, it is marked as a non-album single."
    }
  ],
  "first 5 rows": [
    {
      "Title": "\"Risky Business\"",
      "Year": 2017,
      "Album": "non-album singles"
    },
    {
      "Title": "\"Summer Soul\"",
      "Year": 2017,
      "Album": "Non-album singles"
    },
    {
      "Title": "\"Una Noche\" (with Saak)",
      "Year": 2017,
      "Album": "Karma"
    },
    {
      "Title": "\"Si Te Tuviera\"",
      "Year": 2018,
      "Album": "Conmigo"
    },
    {
      "Title": "\"Escondida\"",
      "Year": 2018,
      "Album": "ConMigo"
    }
  ]
}