{
  "table_title": "Athletic Competition Performance Records",
  "columns": [
    {
      "column_name": "Year",
      "data_type": "integer",
      "description": "The year in which the competition took place."
    },
    {
      "column_name": "Competition",
      "data_type": "string",
      "description": "The name of the athletic competition."
    },
    {
      "column_name": "Venue",
      "data_type": "string",
      "description": "The location where the competition was held."
    },
    {
      "column_name": "Position",
      "data_type": "string",
      "description": "The final standing or position achieved in the competition."
    },
    {
      "column_name": "Event",
      "data_type": "string",
      "description": "The specific event within the competition."
    },
    {
      "column_name": "Notes",
      "data_type": "string",
      "description": "Additional details about the performance, such as points scored or time recorded."
    }
  ],
  "first 5 rows": [
    {
      "Year": 2005,
      "Competition": "Pan American Junior Championships",
      "Venue": "Windsor, ontario, Canada",
      "Position": "2nd",
      "Event": "Decathlon",
      "Notes": "7290 pts"
    },
    {
      "Year": 2007,
      "Competition": "NACAC Combined Events Championships",
      "Venue": "Santo Domingo, Dominican Republic",
      "Position": "3rd",
      "Event": "Decathlon",
      "Notes": "7816 points"
    },
    {
      "Year": 2008,
      "Competition": "Summer Olympics",
      "Venue": "Beijing, China",
      "Position": "7th (heats)",
      "Event": "4 × 400 M relay",
      "Notes": "3:02.24"
    },
    {
      "Year": 2009,
      "Competition": "Americas Combined Events Cup",
      "Venue": "La Habana, Cuba",
      "Position": "2nd",
      "Event": "Decathlon",
      "Notes": "7920 pts"
    },
    {
      "Year": 2009,
      "Competition": "CAC Championships",
      "Venue": "La Habana, Cuba",
      "Position": "2nd",
      "Event": "Decathlon",
      "Notes": "8013 pts"
    }
  ]
}