{
  "table_title": "Great Britain and Scotland's Performance in International Athletic Competitions",
  "columns": [
    {
      "column_name": "Year",
      "data_type": "integer | string",
      "description": "The year the competition took place, sometimes represented as a string for special notes."
    },
    {
      "column_name": "Competition",
      "data_type": "string",
      "description": "The name of the international athletic competition."
    },
    {
      "column_name": "Venue",
      "data_type": "string",
      "description": "The location where the competition took place."
    },
    {
      "column_name": "Position",
      "data_type": "string",
      "description": "The final ranking or position achieved by the Great Britain and Scotland team in the competition."
    },
    {
      "column_name": "Event",
      "data_type": "string",
      "description": "The specific event within the competition."
    },
    {
      "column_name": "Notes",
      "data_type": "float | string",
      "description": "Additional information about the event, such as performance metrics or special notes."
    }
  ],
  "first 5 rows": [
    {
      "Year": "Representing the Great Britain and Scotland",
      "Competition": "Representing the Great Britain and Scotland",
      "Venue": "Representing the Great Britain and Scotland",
      "Position": "Representing the Great Britain and Scotland",
      "Event": "Representing the Great Britain and Scotland",
      "Notes": "Representing the Great Britain and Scotland"
    },
    {
      "Year": 1999,
      "Competition": "European U23 Championships",
      "Venue": "Gothenburg, Sweden",
      "Position": "12th",
      "Event": "High jump",
      "Notes": "1.82 m"
    },
    {
      "Year": 2001,
      "Competition": "Summer Universiade",
      "Venue": "Beijing, China",
      "Position": "2nd",
      "Event": "4 × 400 m relay",
      "Notes": "15:30.40"
    },
    {
      "Year": 2002,
      "Competition": "Commonwealth Games",
      "Venue": "Manchester, England",
      "Position": "2nd",
      "Event": "400 m",
      "Notes": 43.68
    },
    {
      "Year": 2002,
      "Competition": "Commonwealth Games",
      "Venue": "Manchester, England",
      "Position": "4th",
      "Event": "4 x 400 m relay",
      "Notes": "34:31.50"
    }
  ]
}