{
  "table_title": "Great Britain and England Athletic Competitions Performance",
  "columns": [
    {
      "column_name": "Year",
      "data_type": "integer | string",
      "description": "The year in which the athletic competition took place, represented as an integer. In some cases, this field may contain a string indicating the representation of Great Britain and England."
    },
    {
      "column_name": "Competition",
      "data_type": "string",
      "description": "The name of the athletic competition in which the athlete participated."
    },
    {
      "column_name": "Venue",
      "data_type": "string",
      "description": "The location where the athletic competition took place."
    },
    {
      "column_name": "Position",
      "data_type": "string",
      "description": "The final standing or position of the athlete in the competition."
    },
    {
      "column_name": "Event",
      "data_type": "string",
      "description": "The specific event within the athletic competition in which the athlete participated."
    },
    {
      "column_name": "Notes",
      "data_type": "string | time",
      "description": "Additional details about the athlete's performance in the competition, such as the time taken to complete a marathon. In some cases, this field may contain a string indicating the representation of Great Britain and England."
    }
  ],
  "first 5 rows": [
    {
      "Year": "Representing Great Britain and England",
      "Competition": "Representing Great Britain and England",
      "Venue": "Representing Great Britain and England",
      "Position": "Representing Great Britain and England",
      "Event": "Representing Great Britain and England",
      "Notes": "Representing Great Britain and England"
    },
    {
      "Year": 1984,
      "Competition": "London Marathon",
      "Venue": "London, UK",
      "Position": "22nd",
      "Event": "Marathon",
      "Notes": "2:47:45"
    },
    {
      "Year": 1985,
      "Competition": "London Marathon",
      "Venue": "London, United Kingdom",
      "Position": "18th",
      "Event": "Marathon",
      "Notes": "2:45:58"
    },
    {
      "Year": 1985,
      "Competition": "Glasgow Marathon",
      "Venue": "Glasgow, United Kingdom",
      "Position": "1st",
      "Event": "Marathon",
      "Notes": "2:37:06"
    },
    {
      "Year": 1985,
      "Competition": "Tokyo International Women's Marathon",
      "Venue": "Tokyo, Japan",
      "Position": "10th",
      "Event": "Marathon",
      "Notes": "2:42:28"
    }
  ]
}