{
  "table_title": "Filmography Details",
  "columns": [
    {
      "column_name": "Year",
      "data_type": "integer | string",
      "description": "The year in which the film or TV series was released or aired."
    },
    {
      "column_name": "Title",
      "data_type": "string",
      "description": "The title of the film or TV series in which the character appeared."
    },
    {
      "column_name": "Character",
      "data_type": "string",
      "description": "The name of the character played by the actor in the film or TV series."
    },
    {
      "column_name": "Notes",
      "data_type": "string",
      "description": "Additional information about the role, such as if it was a guest role, the number of episodes appeared in, or notable co-stars."
    }
  ],
  "first 5 rows": [
    {
      "Year": 2001,
      "Title": "The Wilde Girls",
      "Character": "Carrie",
      "Notes": "guest role, alongside Olivia Newton-John"
    },
    {
      "Year": 2002,
      "Title": "Legacy of the Silver Shadow",
      "Character": "Samantha",
      "Notes": "Guest role, TV series"
    },
    {
      "Year": 2002,
      "Title": "Short Cuts",
      "Character": "Katie",
      "Notes": "TV series, appeared in one episode"
    },
    {
      "Year": "2003–2007, 2015",
      "Title": "Neighbours",
      "Character": "Sky Mangel",
      "Notes": "TV Series – Regular Role"
    },
    {
      "Year": 2006,
      "Title": "The Steph Show",
      "Character": "Herself",
      "Notes": "Reality Show"
    }
  ]
}