{
  "table_title": "Music Album Track Listing",
  "columns": [
    {
      "column_name": "Year",
      "data_type": "integer | string",
      "description": "The year the track was released or published."
    },
    {
      "column_name": "Title",
      "data_type": "string",
      "description": "The title of the track."
    },
    {
      "column_name": "Position",
      "data_type": "integer | string",
      "description": "The track's position or order in the album."
    },
    {
      "column_name": "Album",
      "data_type": "string",
      "description": "The name of the album the track is included in."
    }
  ],
  "first 5 rows": [
    {
      "Year": "Year",
      "Title": "Title",
      "Position": "PT",
      "Album": "Album"
    },
    {
      "Year": 2006,
      "Title": "\"Depois Dessa Noite\"",
      "Position": 1,
      "Album": "Mickael"
    },
    {
      "Year": 2006,
      "Title": "\"Dou a Vida Por Ti\"",
      "Position": 1,
      "Album": "Mickael"
    },
    {
      "Year": 2007,
      "Title": "\"Não Me Esqueço de Ti\"",
      "Position": 1,
      "Album": "Entre Nós"
    },
    {
      "Year": 2007,
      "Title": "\"Outra Noite Contigo\"",
      "Position": 1,
      "Album": "entre nós"
    }
  ]
}