{
  "table_title": "Award Nominations and Wins for Television Roles",
  "columns": [
    {
      "column_name": "Year",
      "data_type": "integer",
      "description": "The year in which the award ceremony took place."
    },
    {
      "column_name": "Ceremony",
      "data_type": "string",
      "description": "The name of the award ceremony."
    },
    {
      "column_name": "Award",
      "data_type": "string",
      "description": "The specific category or type of award for which the work was nominated."
    },
    {
      "column_name": "Nominated work",
      "data_type": "string",
      "description": "The specific role or work for which the nomination or award was given, often including the name of the show and the character played."
    },
    {
      "column_name": "Result",
      "data_type": "string",
      "description": "The outcome of the nomination, typically 'Won' or 'Nominated'."
    }
  ],
  "first 5 rows": [
    {
      "Year": 1999,
      "Ceremony": "National Television Awards",
      "Award": "Most Popular Actress",
      "Nominated work": "Coronation Street as Hayley Cropper",
      "Result": "nominated"
    },
    {
      "Year": 1999,
      "Ceremony": "The British Soap Awards",
      "Award": "Best On-screen Partnership",
      "Nominated work": "Coronation Street as Hayley Cropper",
      "Result": "Won"
    },
    {
      "Year": 2004,
      "Ceremony": "The British Soap Awards",
      "Award": "Best Onscreen Partnership",
      "Nominated work": "Coronation Street as Hayley Cropper",
      "Result": "Won"
    },
    {
      "Year": 2013,
      "Ceremony": "Royal Television Society",
      "Award": "Best Performance in a Continuing Drama",
      "Nominated work": "Coronation Street as Hayley Cropper",
      "Result": "won"
    },
    {
      "Year": 2014,
      "Ceremony": "national television awards",
      "Award": "Best Serial Drama Performance",
      "Nominated work": "Coronation Street as Hayley Cropper",
      "Result": "Won"
    }
  ]
}