{
  "table_title": "Actor's Filmography",
  "columns": [
    {
      "column_name": "Year",
      "data_type": "integer",
      "description": "The year in which the performance was made."
    },
    {
      "column_name": "Title",
      "data_type": "string",
      "description": "The title of the play, film, or television program."
    },
    {
      "column_name": "Role",
      "data_type": "string",
      "description": "The role the actor played in the performance."
    },
    {
      "column_name": "Notes",
      "data_type": "string",
      "description": "Additional information about the performance, such as the type of production and the actor's role within the cast."
    }
  ],
  "first 5 rows": [
    {
      "Year": 1972,
      "Title": "Joseph and the Amazing Technicolor Dreamcoat",
      "Role": "GAD",
      "Notes": "Televised stage musical, ensemble role"
    },
    {
      "Year": 1973,
      "Title": "Hopcraft Into Europe",
      "Role": "Guillaume",
      "Notes": "TV play (ITV Sunday Night Theatre), Main Cast"
    },
    {
      "Year": 1974,
      "Title": "A Private Matter (ITV Sunday Night Theatre)",
      "Role": "Anthony Black-Mathieson",
      "Notes": "TV play, starring role"
    },
    {
      "Year": 1974,
      "Title": "Intimate Strangers",
      "Role": "Tom Anson",
      "Notes": "TV series (2 episodes), small role"
    },
    {
      "Year": 1975,
      "Title": "O Canada",
      "Role": "John Ross",
      "Notes": "TV play (in the anthology series Churchill's People), leading role"
    }
  ]
}