{
  "table_title": "Election Results by Party",
  "columns": [
    {
      "column_name": "Party",
      "data_type": "string",
      "description": "This column represents the name of the political party."
    },
    {
      "column_name": "Votes",
      "data_type": "string",
      "description": "This column shows the total number of votes each party received, represented as a string."
    },
    {
      "column_name": "%",
      "data_type": "float | integer | string",
      "description": "This column indicates the percentage of total votes that each party received."
    },
    {
      "column_name": "Seats",
      "data_type": "integer | string",
      "description": "This column shows the number of seats in the legislature that each party won."
    },
    {
      "column_name": "+/−",
      "data_type": "integer | string",
      "description": "This column represents the change in the number of seats from the previous election, with a positive number indicating a gain and a negative number indicating a loss."
    }
  ],
  "first 5 rows": [
    {
      "Party": "Social Democratic Party",
      "Votes": 220141,
      "%": 27.4,
      "Seats": 50,
      "+/-": 1
    },
    {
      "Party": "Free Democratic Party",
      "Votes": 220135,
      "%": 27.4,
      "Seats": 58,
      "+/-": -2
    },
    {
      "Party": "Swiss Conservative People's Party",
      "Votes": 172516,
      "%": 21.4,
      "Seats": 46,
      "+/-": 4
    },
    {
      "Party": "Party of Farmers, Traders and Independents",
      "Votes": 126961,
      "%": 15.8,
      "Seats": 31,
      "+/-": 1
    },
    {
      "Party": "Liberal Democratic Party",
      "Votes": 23782,
      "%": 3,
      "Seats": 6,
      "+/-": -1
    }
  ]
}