{
  "table_title": "Kenyan Athletes' Performance in International Marathons",
  "columns": [
    {
      "column_name": "Year",
      "data_type": "integer | string",
      "description": "The year in which the competition took place, represented as an integer. In some cases, the string 'Representing Kenya' is used to indicate the athlete's nationality."
    },
    {
      "column_name": "Competition",
      "data_type": "string",
      "description": "The name of the marathon or competition in which the athlete participated."
    },
    {
      "column_name": "Venue",
      "data_type": "string",
      "description": "The location or city where the competition was held."
    },
    {
      "column_name": "Position",
      "data_type": "string",
      "description": "The position or rank achieved by the athlete in the competition."
    },
    {
      "column_name": "Event",
      "data_type": "string",
      "description": "The specific event in which the athlete competed, typically 'Marathon'."
    },
    {
      "column_name": "Notes",
      "data_type": "string",
      "description": "Additional information about the athlete's performance, such as their finishing time."
    }
  ],
  "first 5 rows": [
    {
      "Year": "Representing Kenya",
      "Competition": "Representing Kenya",
      "Venue": "Representing Kenya",
      "Position": "Representing Kenya",
      "Event": "Representing Kenya",
      "Notes": "Representing Kenya"
    },
    {
      "Year": 1994,
      "Competition": "Hokkaido Marathon",
      "Venue": "Sapporo, Japan",
      "Position": "1st",
      "Event": "Marathon",
      "Notes": "2:15:03"
    },
    {
      "Year": 1995,
      "Competition": "Tokyo Marathon",
      "Venue": "Tokyo, Japan",
      "Position": "1st",
      "Event": "Marathon",
      "Notes": "2:10:31"
    },
    {
      "Year": 1995,
      "Competition": "World Championships",
      "Venue": "Gothenburg, Sweden",
      "Position": "18th",
      "Event": "Marathon",
      "Notes": "2:19:53"
    },
    {
      "Year": 1996,
      "Competition": "Olympic Games",
      "Venue": "Atlanta, United States",
      "Position": "3rd",
      "Event": "Marathon",
      "Notes": "2:12:44"
    }
  ]
}