{
  "table_title": "Music Awards Nominations and Results",
  "columns": [
    {
      "column_name": "Year",
      "data_type": "integer",
      "description": "The year in which the nominee/work was nominated for the award."
    },
    {
      "column_name": "Nominee / work",
      "data_type": "string",
      "description": "The name of the nominee or the work that was nominated for the award."
    },
    {
      "column_name": "Award",
      "data_type": "string",
      "description": "The specific award category for which the nominee/work was nominated."
    },
    {
      "column_name": "Result",
      "data_type": "string",
      "description": "The outcome of the nomination, indicating whether the nominee/work won or was merely nominated."
    }
  ],
  "first 5 rows": [
    {
      "Year": 1972,
      "Nominee / work": "\"you've got a Friend\" (with Donny Hathaway)",
      "Award": "Best R&B Vocal Performance by a Group",
      "Result": "Nominated"
    },
    {
      "Year": 1973,
      "Nominee / work": "\"The First Time Ever I Saw Your Face\"",
      "Award": "Record of the yr",
      "Result": "Won"
    },
    {
      "Year": 1973,
      "Nominee / work": "Quiet Fire",
      "Award": "Best Pop Vocal Performance, Female",
      "Result": "Nominated"
    },
    {
      "Year": 1973,
      "Nominee / work": "\"Where Is the Love\" (with Donny Hathaway)",
      "Award": "Best Pop Vocal Performance by a Duo, Group or Chorus",
      "Result": "won"
    },
    {
      "Year": 1974,
      "Nominee / work": "Killing Me Softly",
      "Award": "Album of the Year",
      "Result": "Nominated"
    }
  ]
}