{
  "table_title": "Television Roles in 2018",
  "columns": [
    {
      "column_name": "Year",
      "data_type": "integer | string",
      "description": "This column represents the year in which the television role was performed. It can be either an integer or a string."
    },
    {
      "column_name": "Title",
      "data_type": "string",
      "description": "This column represents the title of the television show in which the role was performed. It is a string."
    },
    {
      "column_name": "Role",
      "data_type": "string",
      "description": "This column represents the specific role that was performed in the television show. It is a string."
    },
    {
      "column_name": "Network",
      "data_type": "string",
      "description": "This column represents the television network that aired the show. It is a string."
    }
  ],
  "first 5 rows": [
    {
      "Year": 2018,
      "Title": "Ika-5 Utos",
      "Role": "Lara",
      "Network": "GMA network"
    },
    {
      "Year": 2018,
      "Title": "Inday Will Always Love You",
      "Role": "Jing",
      "Network": "GMA Network"
    },
    {
      "Year": 2018,
      "Title": "Tadhana: Hinog sa Pilit",
      "Role": "Sarah",
      "Network": "gma network"
    },
    {
      "Year": "2017-2018",
      "Title": "Kambal, Karibal",
      "Role": "Norilyn \"Nori\" Salcedo/Babaeng Panda",
      "Network": "GMA Network"
    },
    {
      "Year": 2017,
      "Title": "Maynila: The Wrong Mr. Right",
      "Role": "Lelet's friend",
      "Network": "GMA Network"
    }
  ]
}