{
  "table_title": "Music Awards Nominations and Wins",
  "columns": [
    {
      "column_name": "Year",
      "data_type": "integer",
      "description": "The year in which the award nomination or win occurred."
    },
    {
      "column_name": "Awards",
      "data_type": "string",
      "description": "The name of the awarding body or event."
    },
    {
      "column_name": "Category",
      "data_type": "string",
      "description": "The specific category of the award."
    },
    {
      "column_name": "Nominated work",
      "data_type": "string",
      "description": "The work (song, album, artist, etc.) that was nominated or won the award."
    },
    {
      "column_name": "Result",
      "data_type": "string",
      "description": "The result of the nomination, either 'Nominated' or 'Won'."
    }
  ],
  "first 5 rows": [
    {
      "Year": 2016,
      "Awards": "iHeartRadio Much Music Video Awards",
      "Category": "Best Post Production",
      "Nominated work": "\"Lite Spots\"",
      "Result": "Nominated"
    },
    {
      "Year": 2016,
      "Awards": "Polaris Music Prize",
      "Category": "Canadian Album of the Year",
      "Nominated work": "99.9%",
      "Result": "Won"
    },
    {
      "Year": 2017,
      "Awards": "Juno Awards",
      "Category": "Breakthrough artist of the year",
      "Nominated work": "Kaytranada",
      "Result": "Nominated"
    },
    {
      "Year": 2017,
      "Awards": "Juno Awards",
      "Category": "Electronic Album of the Year",
      "Nominated work": "99.9%",
      "Result": "Won"
    },
    {
      "Year": 2017,
      "Awards": "Juno Awards",
      "Category": "Video of the Year",
      "Nominated work": "\"Lite Spots\"",
      "Result": "nominated"
    }
  ]
}