{
  "table_title": "Football Game Statistics",
  "columns": [
    {
      "column_name": "G",
      "data_type": "integer | string",
      "description": "An identifier for the game, represented as either an integer or a string."
    },
    {
      "column_name": "Opponent",
      "data_type": "string",
      "description": "The name of the opposing team, represented as a string."
    },
    {
      "column_name": "Att",
      "data_type": "integer",
      "description": "The number of attempts made during the game, represented as an integer."
    },
    {
      "column_name": "Yds",
      "data_type": "integer | string",
      "description": "The total yards gained during the game, represented as either an integer or a string."
    },
    {
      "column_name": "Avg",
      "data_type": "float",
      "description": "The average yards gained per attempt during the game, represented as a float."
    },
    {
      "column_name": "TD",
      "data_type": "integer",
      "description": "The total touchdowns scored during the game, represented as an integer."
    }
  ],
  "first 5 rows": [
    {
      "G": 1,
      "Opponent": "miami (OH)",
      "Att": 18,
      "Yds": 178,
      "Avg": 9.9,
      "TD": 2
    },
    {
      "G": 2,
      "Opponent": "Texas A&M",
      "Att": 20,
      "Yds": 157,
      "Avg": 7.9,
      "TD": 2
    },
    {
      "G": 3,
      "Opponent": "Tulsa",
      "Att": 33,
      "Yds": 304,
      "Avg": 9.2,
      "TD": 5
    },
    {
      "G": 4,
      "Opponent": "Colorado",
      "Att": 24,
      "Yds": "174 yards",
      "Avg": 7.3,
      "TD": 4
    },
    {
      "G": 5,
      "Opponent": "nebraska",
      "Att": 35,
      "Yds": 189,
      "Avg": 5.4,
      "TD": 4
    }
  ]
}