{
  "table_title": "Television Channel Specifications",
  "columns": [
    {
      "column_name": "Channel",
      "data_type": "float",
      "description": "The numerical identifier for the TV channel, represented as a decimal number."
    },
    {
      "column_name": "Video",
      "data_type": "string",
      "description": "The video resolution format of the channel, represented as a string."
    },
    {
      "column_name": "Aspect",
      "data_type": "string",
      "description": "The aspect ratio of the channel's video, represented as a string."
    },
    {
      "column_name": "PSIP Short Name",
      "data_type": "string",
      "description": "The Program and System Information Protocol (PSIP) short name of the channel, represented as a string."
    },
    {
      "column_name": "Programming",
      "data_type": "string",
      "description": "The main programming or content type offered by the channel, represented as a string."
    }
  ],
  "first 5 rows": [
    {
      "Channel": 14.1,
      "Video": "1080i",
      "Aspect": "16:9",
      "PSIP Short Name": "KJZZ-DT",
      "Programming": "Main KJZZ-TV programming"
    },
    {
      "Channel": 14.2,
      "Video": "480i",
      "Aspect": "16:9",
      "PSIP Short Name": "COMET",
      "Programming": "Comet"
    },
    {
      "Channel": 14.3,
      "Video": "480i",
      "Aspect": "16x9",
      "PSIP Short Name": "TBD",
      "Programming": "TBD"
    },
    {
      "Channel": 14.4,
      "Video": "480I",
      "Aspect": "16:9",
      "PSIP Short Name": "Charge",
      "Programming": "Charge!"
    },
    {
      "Channel": 14.2,
      "Video": "8K",
      "Aspect": "16:9",
      "PSIP Short Name": "Comet",
      "Programming": "Comet"
    }
  ]
}