{
  "table_title": "Music Award Nominations and Results",
  "columns": [
    {
      "column_name": "Year",
      "data_type": "integer",
      "description": "The year in which the work was nominated for the award."
    },
    {
      "column_name": "Nominated work",
      "data_type": "string",
      "description": "The title of the work that was nominated for the award."
    },
    {
      "column_name": "Award",
      "data_type": "string",
      "description": "The category of the award for which the work was nominated."
    },
    {
      "column_name": "Result",
      "data_type": "string",
      "description": "The outcome of the nomination, indicating whether the work won the award or not."
    }
  ],
  "first 5 rows": [
    {
      "Year": 2001,
      "Nominated work": 5,
      "Award": "Album of the Year",
      "Result": "Won"
    },
    {
      "Year": 2001,
      "Nominated work": 5,
      "Award": "Highest Selling Album",
      "Result": "Won"
    },
    {
      "Year": 2001,
      "Nominated work": 5,
      "Award": "Best Rock Album",
      "Result": "Won"
    },
    {
      "Year": 2001,
      "Nominated work": 5,
      "Award": "Best Cover Art",
      "Result": "Won"
    },
    {
      "Year": 2001,
      "Nominated work": 5,
      "Award": "Best Group",
      "Result": "Won"
    }
  ]
}