{
  "table_title": "Cuban Athletic Performance in International Competitions",
  "columns": [
    {
      "column_name": "Year",
      "data_type": "integer | string",
      "description": "The year in which the competition took place, represented either as an integer or a string."
    },
    {
      "column_name": "Competition",
      "data_type": "string",
      "description": "The name of the international competition in which the athlete participated."
    },
    {
      "column_name": "Venue",
      "data_type": "string",
      "description": "The location where the competition was held."
    },
    {
      "column_name": "Position",
      "data_type": "string",
      "description": "The final standing or position of the athlete in the competition."
    },
    {
      "column_name": "Event",
      "data_type": "string",
      "description": "The specific athletic event in which the athlete competed."
    },
    {
      "column_name": "Notes",
      "data_type": "string",
      "description": "Additional details about the athlete's performance, such as the distance achieved in a long jump event."
    }
  ],
  "first 5 rows": [
    {
      "Year": "Representing Cuba",
      "Competition": "Representing Cuba",
      "Venue": "Representing Cuba",
      "Position": "Representing Cuba",
      "Event": "Representing Cuba",
      "Notes": "Representing Cuba"
    },
    {
      "Year": 1983,
      "Competition": "Central American and Caribbean Championships",
      "Venue": "Havana, Cuba",
      "Position": "Third",
      "Event": "Long jump",
      "Notes": "8.03 m"
    },
    {
      "Year": 1983,
      "Competition": "Pan American Games",
      "Venue": "Caracas, Venezuela",
      "Position": "1st",
      "Event": "Long jump",
      "Notes": "8.03 m"
    },
    {
      "Year": 1983,
      "Competition": "Ibero-American Championships",
      "Venue": "Barcelona, Spain",
      "Position": "1st",
      "Event": "Long jump",
      "Notes": "7.93 meters"
    },
    {
      "Year": 1985,
      "Competition": "Central American and Caribbean Championships",
      "Venue": "Nassau, Bahamas",
      "Position": "1st",
      "Event": "Long jump",
      "Notes": "8.13 m"
    }
  ]
}