{
  "table_title": "Television Award Nominations",
  "columns": [
    {
      "column_name": "Year",
      "data_type": "integer",
      "description": "The year in which the award nomination took place."
    },
    {
      "column_name": "Award",
      "data_type": "string",
      "description": "The name of the award for which the work was nominated."
    },
    {
      "column_name": "Category",
      "data_type": "string",
      "description": "The specific category of the award for which the work was nominated."
    },
    {
      "column_name": "Work",
      "data_type": "string",
      "description": "The title of the television show or movie that received the award nomination."
    },
    {
      "column_name": "Result",
      "data_type": "string",
      "description": "The outcome of the award nomination, i.e., whether the work was nominated or won the award."
    }
  ],
  "first 5 rows": [
    {
      "Year": 2009,
      "Award": "satellite awards",
      "Category": "Best Actor in a Supporting Role in a Series, Mini-Series or Motion Picture Made for Television",
      "Work": "Glee",
      "Result": "Nominated"
    },
    {
      "Year": 2010,
      "Award": "Primetime Emmy Awards",
      "Category": "Outstanding Supporting Actor in a Comedy Series",
      "Work": "Glee",
      "Result": "Nominated"
    },
    {
      "Year": 2010,
      "Award": "Satellite awards",
      "Category": "Outstanding Supporting Actor in a Comedy Series",
      "Work": "Glee",
      "Result": "Nominated"
    },
    {
      "Year": 2010,
      "Award": "Screen Actors Guild Awards",
      "Category": "Outstanding Performance by an Ensemble in a Comedy Series",
      "Work": "Glee",
      "Result": "Won"
    },
    {
      "Year": 2010,
      "Award": "Teen Choice Awards",
      "Category": "Choice TV: Male Scene Stealer",
      "Work": "Glee",
      "Result": "Won"
    }
  ]
}