{
  "table_title": "Track and Field Competition Results",
  "columns": [
    {
      "column_name": "Year",
      "data_type": "integer",
      "description": "The year in which the competition took place."
    },
    {
      "column_name": "Competition",
      "data_type": "string",
      "description": "The name of the track and field competition."
    },
    {
      "column_name": "Venue",
      "data_type": "string",
      "description": "The location where the competition was held."
    },
    {
      "column_name": "Position",
      "data_type": "string",
      "description": "The final position or stage reached by the participant in the competition."
    },
    {
      "column_name": "Event",
      "data_type": "string",
      "description": "The specific event in which the participant competed."
    },
    {
      "column_name": "Notes",
      "data_type": "float | string",
      "description": "Additional information about the participant's performance, such as time in seconds or disqualification (DQ)."
    }
  ],
  "first 5 rows": [
    {
      "Year": 1972,
      "Competition": "CARIFTA Games",
      "Venue": "Bridgetown, Barbados",
      "Position": "1st",
      "Event": "100 m",
      "Notes": 11.7
    },
    {
      "Year": 1972,
      "Competition": "Olympic Games",
      "Venue": "Munich, Germany",
      "Position": "— (heats)",
      "Event": "4x100 m relay",
      "Notes": "DQ"
    },
    {
      "Year": 1974,
      "Competition": "CAC Games",
      "Venue": "Santo Domingo, Dominican Republic",
      "Position": "3rd",
      "Event": "100 m",
      "Notes": 11.75
    },
    {
      "Year": 1974,
      "Competition": "British Commonwealth Games",
      "Venue": "Christchurch, New Zealand",
      "Position": "8th (semis)",
      "Event": "100 m",
      "Notes": "12.98s"
    },
    {
      "Year": 1975,
      "Competition": "CAC Championships",
      "Venue": "Ponce, Puerto Rico",
      "Position": "3rd",
      "Event": "100 Meters",
      "Notes": 12.1
    }
  ]
}