{
  "table_title": "Football Club Season Performance",
  "columns": [
    {
      "column_name": "Season",
      "data_type": "integer | string",
      "description": "The year of the football season."
    },
    {
      "column_name": "Club",
      "data_type": "string",
      "description": "The name of the football club."
    },
    {
      "column_name": "Division",
      "data_type": "string",
      "description": "The division in which the club competes."
    },
    {
      "column_name": "League",
      "data_type": "integer | string",
      "description": "The number of goals scored by the club in league matches during the season."
    },
    {
      "column_name": "Cup",
      "data_type": "integer | string",
      "description": "The number of goals scored by the club in cup matches during the season."
    },
    {
      "column_name": "Other",
      "data_type": "integer | string",
      "description": "The number of goals scored by the club in other competitions during the season."
    },
    {
      "column_name": "Total",
      "data_type": "integer | string",
      "description": "The total number of goals scored by the club across all competitions during the season."
    }
  ],
  "first 5 rows": [
    {
      "Season": "Season",
      "Club": "Club",
      "Division": "Division",
      "League": "Goals",
      "Cup": "Goals",
      "Other": "Goals",
      "Total": "Goals"
    },
    {
      "Season": 1996,
      "Club": "Molde",
      "Division": "Tippeligaen",
      "League": 0,
      "Cup": 0,
      "Other": "–",
      "Total": 0
    },
    {
      "Season": 1997,
      "Club": "Molde",
      "Division": "Tippeligaen",
      "League": 1,
      "Cup": 0,
      "Other": "–",
      "Total": 1
    },
    {
      "Season": 1998,
      "Club": "Molde",
      "Division": "Tippeligaen",
      "League": 1,
      "Cup": 0,
      "Other": "–",
      "Total": 1
    },
    {
      "Season": "Molde Total",
      "Club": "Molde Total",
      "Division": "Molde Total",
      "League": 2,
      "Cup": 0,
      "Other": "–",
      "Total": 3
    }
  ]
}