{
  "table_title": "Golf Tournament Rankings and Scores",
  "columns": [
    {
      "column_name": "Place",
      "data_type": "integer | string",
      "description": "The position that the player finished in the tournament, represented as either an integer or a string in the case of ties (e.g., 'T3' for a tie for third place)."
    },
    {
      "column_name": "Player",
      "data_type": "string",
      "description": "The name of the player who participated in the tournament."
    },
    {
      "column_name": "Country",
      "data_type": "string",
      "description": "The country that the player represents."
    },
    {
      "column_name": "Score",
      "data_type": "string",
      "description": "The player's score for each round and total score in the tournament, formatted as 'Round 1 score-Round 2 score-Round 3 score=Total score'."
    },
    {
      "column_name": "To par",
      "data_type": "string",
      "description": "The player's total score relative to par, represented as a string with a leading plus sign for scores above par and a leading minus sign for scores below par."
    }
  ],
  "first 5 rows": [
    {
      "Place": 1,
      "Player": "Jeff Maggert",
      "Country": "United States",
      "Score": "72-73-66=211",
      "To par": -5
    },
    {
      "Place": 2,
      "Player": "Mike Weir",
      "Country": "CAN",
      "Score": "70-68-75=213",
      "To par": -3
    },
    {
      "Place": "T3",
      "Player": "Vijay Singh",
      "Country": "Fiji",
      "Score": "73-71-70=214",
      "To par": -2
    },
    {
      "Place": "T3",
      "Player": "David Toms",
      "Country": "United States",
      "Score": "71-73-70=214",
      "To par": -2
    },
    {
      "Place": "T5",
      "Player": "Phil Mickelson",
      "Country": "United States",
      "Score": "73-70-72=215",
      "To par": -1
    }
  ]
}