{
  "table_title": "Chinese Currency Details",
  "columns": [
    {
      "column_name": "Value",
      "data_type": "string",
      "description": "The monetary value of the currency, represented as a string."
    },
    {
      "column_name": "Obverse",
      "data_type": "string",
      "description": "The design or imagery depicted on the front (obverse) side of the currency."
    },
    {
      "column_name": "Reverse",
      "data_type": "string",
      "description": "The design or imagery depicted on the back (reverse) side of the currency, typically the emblem of the People's Republic of China."
    },
    {
      "column_name": "Edition",
      "data_type": "integer",
      "description": "The year of the edition or release of the specific currency design."
    },
    {
      "column_name": "Date of issue",
      "data_type": "string",
      "description": "The specific date on which the currency was issued or released into circulation."
    }
  ],
  "first 5 rows": [
    {
      "Value": "¥0.1",
      "Obverse": "Gaoshan and Manchu men",
      "Reverse": "Emblem of the People's Republic of China",
      "Edition": 1980,
      "Date of issue": "September 22, 1988"
    },
    {
      "Value": "¥0.2",
      "Obverse": "Buyei and Korean women",
      "Reverse": "Emblem of the People's Republic of China",
      "Edition": 1980,
      "Date of issue": "1988-05-10"
    },
    {
      "Value": "¥0.5",
      "Obverse": "Miao and Zhuang women",
      "Reverse": "Emblem of the People's Republic of China",
      "Edition": 1980,
      "Date of issue": "April 27, 1987"
    },
    {
      "Value": "¥1",
      "Obverse": "Dong and Yao women",
      "Reverse": "Great Wall of China",
      "Edition": 1980,
      "Date of issue": "05/10/1988"
    },
    {
      "Value": "¥1.0",
      "Obverse": "Dong and Yao women",
      "Reverse": "Great Wall of China",
      "Edition": 1990,
      "Date of issue": "March 1, 1995"
    }
  ]
}