{
  "table_title": "University of Texas at El Paso Athletics Competitions History",
  "columns": [
    {
      "column_name": "Year",
      "data_type": "integer | string",
      "description": "The year the competition took place. This can be an integer representing the year or a string indicating a non-specific timeframe."
    },
    {
      "column_name": "Competition",
      "data_type": "string",
      "description": "The name of the competition or event in which the University of Texas at El Paso participated."
    },
    {
      "column_name": "Venue",
      "data_type": "string",
      "description": "The location where the competition took place, including the specific venue and the city or state."
    },
    {
      "column_name": "Position",
      "data_type": "string",
      "description": "The final position or ranking achieved by the University of Texas at El Paso in the competition."
    },
    {
      "column_name": "Event",
      "data_type": "string",
      "description": "The specific event within the competition, often indicating the type of sport or athletic activity and the distance or parameters."
    },
    {
      "column_name": "Notes",
      "data_type": "string | time",
      "description": "Additional information about the competition or event, which could include the duration, scores, or other relevant details."
    }
  ],
  "first 5 rows": [
    {
      "Year": "Representing University of Texas at El Paso",
      "Competition": "Representing University of Texas at El Paso",
      "Venue": "Representing University of Texas at El Paso",
      "Position": "Representing University of Texas at El Paso",
      "Event": "Representing University of Texas at El Paso",
      "Notes": "Representing University of Texas at El Paso"
    },
    {
      "Year": 2016,
      "Competition": "Conference USA Cross Country Championships",
      "Venue": "Frank Liske Park Concord, North Carolina",
      "Position": "6th",
      "Event": "8000 m",
      "Notes": "24:16.2"
    },
    {
      "Year": 2016,
      "Competition": "2016 NCAA Division I Cross Country Championships",
      "Venue": "LaVern Gibson Championship Cross Country Course Terre Haute, Indiana",
      "Position": "228th",
      "Event": "10,000 m",
      "Notes": "32:08"
    },
    {
      "Year": 2017,
      "Competition": "Conference USA Indoor Track and Field Championships",
      "Venue": "Birmingham Metro CrossPlex",
      "Position": "1st",
      "Event": "800 meters",
      "Notes": "1:50.67"
    },
    {
      "Year": 2017,
      "Competition": "Conference USA Indoor Track and Field Championships",
      "Venue": "Birmingham Metro CrossPlex",
      "Position": "1st",
      "Event": "Mile",
      "Notes": "4:03.32"
    }
  ]
}