{
  "table_title": "British Academy Television Awards Nominations",
  "columns": [
    {
      "column_name": "Year",
      "data_type": "integer",
      "description": "The year when the nomination was made."
    },
    {
      "column_name": "Award",
      "data_type": "string",
      "description": "The name of the award for which the nomination was made."
    },
    {
      "column_name": "Category",
      "data_type": "string",
      "description": "The category of the award for which the nomination was made."
    },
    {
      "column_name": "Recipient",
      "data_type": "string",
      "description": "The name of the individual or show that was nominated for the award."
    },
    {
      "column_name": "Result",
      "data_type": "string",
      "description": "The result of the nomination, whether the nominee was awarded or not."
    }
  ],
  "first 5 rows": [
    {
      "Year": 2013,
      "Award": "British Academy Scotland Awards",
      "Category": "Best Actor/Actress - Television",
      "Recipient": "Sharon Rooney",
      "Result": "Nominated"
    },
    {
      "Year": 2014,
      "Award": "British Academy Television Awards",
      "Category": "Best Drama Series",
      "Recipient": "My Mad Fat Diary",
      "Result": "Nominated"
    },
    {
      "Year": 2014,
      "Award": "British Academy Television Awards",
      "Category": "Best Supporting Actress",
      "Recipient": "Claire Rushbrook",
      "Result": "Nominated"
    },
    {
      "Year": 2014,
      "Award": "British Academy Scotland Awards",
      "Category": "Best Actress - Television",
      "Recipient": "Sharon Rooney",
      "Result": "Nominated"
    },
    {
      "Year": 2014,
      "Award": "Broadcasting Press Guild Awards",
      "Category": "Breakthrough Award",
      "Recipient": "Sharon Rooney",
      "Result": "Nominated"
    }
  ]
}