{
  "table_title": "Film Festival Nominations and Awards",
  "columns": [
    {
      "column_name": "Year",
      "data_type": "integer",
      "description": "The year in which the award or nomination took place."
    },
    {
      "column_name": "Award",
      "data_type": "string",
      "description": "The name of the film festival or awarding organization."
    },
    {
      "column_name": "Category",
      "data_type": "string",
      "description": "The specific award or category for which the individual was nominated or awarded."
    },
    {
      "column_name": "Recipient",
      "data_type": "string",
      "description": "The name of the individual who was nominated or awarded."
    },
    {
      "column_name": "Result",
      "data_type": "string",
      "description": "The outcome of the nomination or award, either 'Nominated' or 'Won'."
    }
  ],
  "first 5 rows": [
    {
      "Year": 2014,
      "Award": "Slamdance film festival",
      "Category": "Jury Award for Narrative Feature",
      "Recipient": "Peter Brunner",
      "Result": "Nominated"
    },
    {
      "Year": 2014,
      "Award": "International Film Festival Rotterdam",
      "Category": "HIVOS Tiger Award",
      "Recipient": "Peter Brunner",
      "Result": "nominated"
    },
    {
      "Year": 2014,
      "Award": "Brooklyn Film Festival",
      "Category": "Grand Chameleon Award",
      "Recipient": "Peter Brunner",
      "Result": "Nominated"
    },
    {
      "Year": 2014,
      "Award": "Brooklyn Film Festival",
      "Category": "Certificates of Outstanding Achievement cinematography",
      "Recipient": "Franz Dude",
      "Result": "Won"
    },
    {
      "Year": 2014,
      "Award": "Brooklyn Film Festival",
      "Category": "Certificates of Outstanding Achievement Actor Male",
      "Recipient": "Christos Haas",
      "Result": "Won"
    }
  ]
}