{
  "table_title": "Brazilian Participation in International Athletic Competitions",
  "columns": [
    {
      "column_name": "Year",
      "data_type": "integer | string",
      "description": "The year in which the competition took place. This can be a specific year or a string indicating representation."
    },
    {
      "column_name": "Competition",
      "data_type": "string",
      "description": "The name of the athletic competition or event."
    },
    {
      "column_name": "Venue",
      "data_type": "string",
      "description": "The location or venue where the competition was held."
    },
    {
      "column_name": "Position",
      "data_type": "string",
      "description": "The final position or rank achieved by the athlete or team in the competition."
    },
    {
      "column_name": "Event",
      "data_type": "string",
      "description": "Specific event in the competition in which the athlete or team participated."
    },
    {
      "column_name": "Notes",
      "data_type": "float | string",
      "description": "Additional details or notes related to the event, such as performance metrics or representation details."
    }
  ],
  "first 5 rows": [
    {
      "Year": "Representing Brazil",
      "Competition": "Representing Brazil",
      "Venue": "Representing Brazil",
      "Position": "Representing Brazil",
      "Event": "Representing Brazil",
      "Notes": "Representing Brazil"
    },
    {
      "Year": 2010,
      "Competition": "world junior championships",
      "Venue": "Moncton, Canada",
      "Position": "9th (sf)",
      "Event": "110 m hurdles (99 cm)",
      "Notes": 13.79
    },
    {
      "Year": 2010,
      "Competition": "World Junior Championships",
      "Venue": "Moncton, Canada",
      "Position": "15th (sf)",
      "Event": "400 m hurdles",
      "Notes": "52.53 seconds"
    },
    {
      "Year": 2011,
      "Competition": "Pan American Junior Championships",
      "Venue": "Miramar, United States",
      "Position": "Third",
      "Event": "110 m hurdles (99 cm)",
      "Notes": 13.97
    },
    {
      "Year": 2011,
      "Competition": "South American Junior Championships",
      "Venue": "Medellín, Colombia",
      "Position": "1st",
      "Event": "110 m hurdles (99 cm)",
      "Notes": 13.85
    }
  ]
}