{
  "table_title": "Acting Roles by Year",
  "columns": [
    {
      "column_name": "Year",
      "data_type": "integer | string",
      "description": "This column represents the year in which the acting role was performed. The data type is either integer or string."
    },
    {
      "column_name": "Title",
      "data_type": "string",
      "description": "This column represents the title of the film, series, or show in which the acting role was performed. The data type is string."
    },
    {
      "column_name": "Role",
      "data_type": "string",
      "description": "This column represents the specific role or character played by the actor in the film, series, or show. The data type is string."
    },
    {
      "column_name": "Notes",
      "data_type": "string",
      "description": "This column provides additional information about the role, such as the episodes in which the character appeared, the duration of the role, and other special notes. The data type is string."
    }
  ],
  "first 5 rows": [
    {
      "Year": 1976,
      "Title": "Family",
      "Role": "Alice Dennison",
      "Notes": "Episodes: \"Jury Duty: Part 1\" (S 2:Ep 11 \"Jury Duty: Part 2\" (S 2:Ep12)"
    },
    {
      "Year": 1977,
      "Title": "General Hospital",
      "Role": "Laura Spencer #2",
      "Notes": "Contract role: 1977-1984, 1993-2002, 2013, 2015- Recurring role: 2006, 2008"
    },
    {
      "Year": 1981,
      "Title": "Fridays",
      "Role": "Herself/Co-Host",
      "Notes": "Episode: \"Episode #3.3\" (Season 3:Episode 3) Special guest appearance with Anthony Geary"
    },
    {
      "Year": 1982,
      "Title": "Fantasy Island",
      "Role": "Christa Ackland",
      "Notes": "Episode: \"Daddy's Little Girl / The Whistle\" (S 5:Ep 14)"
    },
    {
      "Year": "1982/83",
      "Title": "Bare Essence",
      "Role": "Patricia 'Tyger' Hayes",
      "Notes": "Contract role"
    }
  ]
}