{
  "table_title": "Election Results by Political Party",
  "columns": [
    {
      "column_name": "Party",
      "data_type": "string",
      "description": "The name of the political party."
    },
    {
      "column_name": "Votes",
      "data_type": "string",
      "description": "The total number of votes received by the party, represented as a string."
    },
    {
      "column_name": "%",
      "data_type": "float | integer | string",
      "description": "The percentage of total votes received by the party."
    },
    {
      "column_name": "Seats",
      "data_type": "integer | string",
      "description": "The number of seats won by the party in the election."
    },
    {
      "column_name": "+/−",
      "data_type": "integer | string",
      "description": "The change in the number of seats won by the party compared to the previous election. A positive number indicates a gain in seats, while a negative number indicates a loss."
    }
  ],
  "first 5 rows": [
    {
      "Party": "Social Democratic Party",
      "Votes": 4250400,
      "%": 34.8,
      "Seats": 110,
      "+/–": 67
    },
    {
      "Party": "centre party",
      "Votes": 1996800,
      "%": "16.4%",
      "Seats": 91,
      "+/–": -14
    },
    {
      "Party": "National Liberal Party",
      "Votes": 1662700,
      "%": 13.6,
      "Seats": 45,
      "+/–": -9
    },
    {
      "Party": "Progressive People's Party",
      "Votes": 1497000,
      "%": "12.3%",
      "Seats": 42,
      "+/–": -7
    },
    {
      "Party": "German Conservative Party",
      "Votes": 1126300,
      "%": 9.2,
      "Seats": 43,
      "+/–": -17
    }
  ]
}