{
  "table_title": "TV Show Appearances by Actor",
  "columns": [
    {
      "column_name": "Year",
      "data_type": "integer | string",
      "description": "The year the TV show aired, which can be represented as an integer or string."
    },
    {
      "column_name": "Title",
      "data_type": "string",
      "description": "The title of the TV show in which the actor appeared."
    },
    {
      "column_name": "Role",
      "data_type": "string",
      "description": "The role played by the actor in the TV show, which can include character names or descriptors like 'Voice'."
    },
    {
      "column_name": "Notes",
      "data_type": "string",
      "description": "Additional information about the actor's appearance in the TV show, such as the number of episodes they were in or specific episode titles."
    }
  ],
  "first 5 rows": [
    {
      "Year": 2008,
      "Title": "Legally Blonde: The Musical – The Search for Elle Woods",
      "Role": "Herself (as Celina Carvajal)",
      "Notes": "5 Episodes"
    },
    {
      "Year": 2008,
      "Title": "All My Children",
      "Role": "Treena (as Celina Carvajal)",
      "Notes": "9 episodes"
    },
    {
      "Year": 2015,
      "Title": "BoJack Horseman",
      "Role": "Voice",
      "Notes": "Episode: \"Yesterdayland\""
    },
    {
      "Year": 2015,
      "Title": "Good Girls Revolt",
      "Role": "Juicy Lucy",
      "Notes": "pilot"
    },
    {
      "Year": 2015,
      "Title": "My Little Pony: Friendship Is Magic",
      "Role": "Countess Coloratura / Rara (voice)",
      "Notes": "Episode: \"The Mane Attraction\""
    }
  ]
}