{
  "table_title": "New Zealand's Athletics Competitions History",
  "columns": [
    {
      "column_name": "Year",
      "data_type": "integer | string",
      "description": "The year in which the competition took place. This can be a string or an integer."
    },
    {
      "column_name": "Competition",
      "data_type": "string",
      "description": "The name of the competition or event in which the athlete represented New Zealand."
    },
    {
      "column_name": "Venue",
      "data_type": "string",
      "description": "The location or place where the competition was held."
    },
    {
      "column_name": "Position",
      "data_type": "string",
      "description": "The final position or ranking achieved by the athlete in the competition."
    },
    {
      "column_name": "Event",
      "data_type": "string",
      "description": "The specific event or category in the competition in which the athlete competed."
    },
    {
      "column_name": "Notes",
      "data_type": "string",
      "description": "Additional information about the event, such as the time taken to complete a race."
    }
  ],
  "first 5 rows": [
    {
      "Year": "Representing New Zealand",
      "Competition": "Representing New Zealand",
      "Venue": "Representing New Zealand",
      "Position": "Representing New Zealand",
      "Event": "Representing New Zealand",
      "Notes": "Representing New Zealand"
    },
    {
      "Year": 1974,
      "Competition": "Commonwealth Games",
      "Venue": "Christchurch, New Zealand",
      "Position": "5th",
      "Event": "800 m",
      "Notes": "1:03.63"
    },
    {
      "Year": 1979,
      "Competition": "Grandma's Marathon",
      "Venue": "Duluth, United States",
      "Position": "1st",
      "Event": "Marathon",
      "Notes": "3:37:37"
    },
    {
      "Year": 1980,
      "Competition": "Grandma's Marathon",
      "Venue": "Duluth, United States",
      "Position": "1st",
      "Event": "Marathon",
      "Notes": "2:38:35"
    },
    {
      "Year": 1981,
      "Competition": "Grandma's Marathon",
      "Venue": "Duluth, United States",
      "Position": "1st",
      "Event": "Marathon",
      "Notes": "2:29:35"
    }
  ]
}