{
  "table_title": "USA Athletic Championships Results in 2003",
  "columns": [
    {
      "column_name": "Year",
      "data_type": "integer",
      "description": "The year in which the athletic event took place."
    },
    {
      "column_name": "Competition",
      "data_type": "string",
      "description": "The specific name of the athletic competition."
    },
    {
      "column_name": "Venue",
      "data_type": "string",
      "description": "The location where the athletic competition was held."
    },
    {
      "column_name": "Position",
      "data_type": "string",
      "description": "The final placement or rank achieved by the participant in the competition."
    },
    {
      "column_name": "Event",
      "data_type": "string",
      "description": "The specific event in the athletic competition."
    },
    {
      "column_name": "Notes",
      "data_type": "string | time",
      "description": "Additional information about the competition, often including the participant's time."
    }
  ],
  "first 5 rows": [
    {
      "Year": 2003,
      "Competition": "USA Marathon Championships",
      "Venue": "Birmingham, Alabama",
      "Position": "1st",
      "Event": "Marathon",
      "Notes": "2:14:29"
    },
    {
      "Year": 2003,
      "Competition": "USA 15 km Championships",
      "Venue": "Jacksonville, Florida",
      "Position": "8th",
      "Event": "15k",
      "Notes": "45:22"
    },
    {
      "Year": 2003,
      "Competition": "USA 8 km Championships",
      "Venue": "new york city, NY",
      "Position": "15th",
      "Event": "8 km",
      "Notes": "23:13"
    },
    {
      "Year": 2003,
      "Competition": "USA 25 km Championships",
      "Venue": "Grand Rapids, Michigan",
      "Position": "3rd",
      "Event": "25 km",
      "Notes": "1:17:44"
    },
    {
      "Year": 2003,
      "Competition": "USA Half Marathon Championships",
      "Venue": "Kansas City, Missouri",
      "Position": "1st",
      "Event": "half marathon",
      "Notes": "1:04:13"
    }
  ]
}