{
  "table_title": "Ethiopian Athletes Marathon Performances",
  "columns": [
    {
      "column_name": "Year",
      "data_type": "integer | string",
      "description": "The year in which the marathon took place, represented as an integer or a string."
    },
    {
      "column_name": "Competition",
      "data_type": "string",
      "description": "The name of the marathon competition."
    },
    {
      "column_name": "Venue",
      "data_type": "string",
      "description": "The location where the marathon competition took place."
    },
    {
      "column_name": "Position",
      "data_type": "string",
      "description": "The finishing position of the athlete in the marathon."
    },
    {
      "column_name": "Event",
      "data_type": "string",
      "description": "The type of athletic event, in this case, always a marathon."
    },
    {
      "column_name": "Notes",
      "data_type": "string",
      "description": "Additional notes about the marathon, typically the finishing time of the athlete."
    }
  ],
  "first 5 rows": [
    {
      "Year": "Representing Ethiopia",
      "Competition": "Representing Ethiopia",
      "Venue": "Representing Ethiopia",
      "Position": "Representing Ethiopia",
      "Event": "Representing Ethiopia",
      "Notes": "Representing Ethiopia"
    },
    {
      "Year": 2008,
      "Competition": "Košice Peace Marathon",
      "Venue": "Košice, Slovakia",
      "Position": "Second",
      "Event": "Marathon",
      "Notes": "2:37:34"
    },
    {
      "Year": 2009,
      "Competition": "Rome City Marathon",
      "Venue": "Rome, Italy",
      "Position": "1st",
      "Event": "Marathon",
      "Notes": "02:27:08"
    },
    {
      "Year": 2009,
      "Competition": "Frankfurt Marathon",
      "Venue": "Frankfurt, Germany",
      "Position": "4th",
      "Event": "Marathon",
      "Notes": "2:29:20"
    },
    {
      "Year": 2010,
      "Competition": "Mumbai Marathon",
      "Venue": "Mumbai, India",
      "Position": "5th",
      "Event": "Marathon",
      "Notes": "02:33:38"
    }
  ]
}