{
  "table_title": "Bahamas' Performance in International Competitions",
  "columns": [
    {
      "column_name": "Year",
      "data_type": "integer | string",
      "description": "The year the competition took place. Can be a numerical value or a string indicating that the athlete was representing the Bahamas."
    },
    {
      "column_name": "Competition",
      "data_type": "string",
      "description": "The name of the international competition in which the Bahamas participated."
    },
    {
      "column_name": "Venue",
      "data_type": "string",
      "description": "The location where the competition was held."
    },
    {
      "column_name": "Position",
      "data_type": "string",
      "description": "The final ranking or position that the Bahamas achieved in the competition. Can be a numerical value or a string indicating that the athlete was representing the Bahamas."
    },
    {
      "column_name": "Notes",
      "data_type": "string",
      "description": "Additional information or remarks about the competition, such as the performance measurement."
    }
  ],
  "first 5 rows": [
    {
      "Year": "Representing the Bahamas",
      "Competition": "Representing the Bahamas",
      "Venue": "Representing the Bahamas",
      "Position": "Representing the Bahamas",
      "Notes": "Representing the Bahamas"
    },
    {
      "Year": 2006,
      "Competition": "Commonwealth Games",
      "Venue": "Melbourne, Australia",
      "Position": "4th",
      "Notes": "2.23 m"
    },
    {
      "Year": 2006,
      "Competition": "NACAC U23 Championships",
      "Venue": "Santo Domingo, Dominican Republic",
      "Position": "Second",
      "Notes": "2.21 m"
    },
    {
      "Year": 2006,
      "Competition": "Central American and Caribbean Games",
      "Venue": "Cartagena, Colombia",
      "Position": "4th",
      "Notes": "2.13 meters"
    },
    {
      "Year": 2007,
      "Competition": "Pan American Games",
      "Venue": "Rio de Janeiro, Brazil",
      "Position": "2nd",
      "Notes": "2.30 m"
    }
  ]
}