{
  "table_title": "Music Album Details",
  "columns": [
    {
      "column_name": "Year",
      "data_type": "integer",
      "description": "The year in which the album was released."
    },
    {
      "column_name": "Title",
      "data_type": "string",
      "description": "The title of the song."
    },
    {
      "column_name": "Artist(s)",
      "data_type": "string",
      "description": "The name(s) of the artist(s) who performed the song."
    },
    {
      "column_name": "Album",
      "data_type": "string",
      "description": "The name of the album in which the song is included."
    }
  ],
  "first 5 rows": [
    {
      "Year": 2003,
      "Title": "\"Time To Die\"",
      "Artist(s)": "King Gordy",
      "Album": "The Entity"
    },
    {
      "Year": 2005,
      "Title": "\"Ghetto Music\"",
      "Artist(s)": "Bizarre, Swifty McVay, Stic.man",
      "Album": "Hannicap Circus"
    },
    {
      "Year": 2007,
      "Title": "\"Squeeze Dat\"",
      "Artist(s)": "king gordy",
      "Album": "Van Dyke and Harper Music"
    },
    {
      "Year": 2007,
      "Title": "\"Cobainiac\"",
      "Artist(s)": "King Gordy",
      "Album": "Cobain's Diary"
    },
    {
      "Year": 2007,
      "Title": "\"Rock Out\"",
      "Artist(s)": "Bizarre",
      "Album": "Blue Cheese & Coney Island"
    }
  ]
}