{
  "table_title": "Results of International Golf Tournament",
  "columns": [
    {
      "column_name": "Place",
      "data_type": "integer | string",
      "description": "Denotes the final standing or rank of the player in the tournament. It can be a string in case of tied positions."
    },
    {
      "column_name": "Player",
      "data_type": "string",
      "description": "The name of the golf player."
    },
    {
      "column_name": "Nation",
      "data_type": "string",
      "description": "The country that the player represents."
    },
    {
      "column_name": "Score",
      "data_type": "string",
      "description": "The score of the player for each round of the tournament, followed by the total score."
    },
    {
      "column_name": "To par",
      "data_type": "string",
      "description": "The player's score relative to the par score of the golf course."
    },
    {
      "column_name": "Money ($)",
      "data_type": "string",
      "description": "The prize money earned by the player in the tournament. It can be a string indicating special conditions, such as 'Playoff'."
    }
  ],
  "first 5 rows": [
    {
      "Place": "T1",
      "Player": "Yani Tseng",
      "Nation": "Taiwan",
      "Score": "73-70-65-68=276",
      "To par": -12,
      "Money ($)": "Playoff"
    },
    {
      "Place": "T1",
      "Player": "Maria Hjorth",
      "Nation": "Sweden",
      "Score": "68-72-65-71=276",
      "To par": -12,
      "Money ($)": "Playoff"
    },
    {
      "Place": "T3",
      "Player": "Lorena Ochoa",
      "Nation": "Mexico",
      "Score": "69-65-72-71=277",
      "To par": "11 under",
      "Money ($)": 115911
    },
    {
      "Place": "T3",
      "Player": "Annika Sörenstam",
      "Nation": "Sweden",
      "Score": "70.68.68.71=277",
      "To par": -11,
      "Money ($)": 115911
    },
    {
      "Place": 5,
      "Player": "Laura Diaz",
      "Nation": "U.S.A.",
      "Score": "71-68-69-70=278",
      "To par": -10,
      "Money ($)": 81385
    }
  ]
}