{
  "table_title": "Football Club Season Performance Statistics",
  "columns": [
    {
      "column_name": "Club",
      "data_type": "string",
      "description": "The name of the football club."
    },
    {
      "column_name": "Season",
      "data_type": "string",
      "description": "The specific season in which the club participated."
    },
    {
      "column_name": "Division",
      "data_type": "string",
      "description": "The division in which the club played during the specified season."
    },
    {
      "column_name": "League",
      "data_type": "integer | string",
      "description": "The number of goals scored by the club in league matches during the specified season."
    },
    {
      "column_name": "FA Cup",
      "data_type": "integer | string",
      "description": "The number of goals scored by the club in FA Cup matches during the specified season."
    },
    {
      "column_name": "Other",
      "data_type": "integer | string",
      "description": "The number of goals scored by the club in other matches (not league or FA Cup) during the specified season."
    },
    {
      "column_name": "Total",
      "data_type": "integer | string",
      "description": "The total number of goals scored by the club across all matches during the specified season."
    }
  ],
  "first 5 rows": [
    {
      "Club": "Club",
      "Season": "Season",
      "Division": "Division",
      "League": "Goals",
      "FA Cup": "Goals",
      "Other": "Goals",
      "Total": "Goals"
    },
    {
      "Club": "Wrexham",
      "Season": "1989–90",
      "Division": "Fourth Division",
      "League": 0,
      "FA Cup": 0,
      "Other": 0,
      "Total": 0
    },
    {
      "Club": "Wrexham",
      "Season": "1990–91",
      "Division": "Fourth Division",
      "League": 0,
      "FA Cup": 0,
      "Other": 0,
      "Total": 0
    },
    {
      "Club": "Wrexham",
      "Season": "1991–92",
      "Division": "Fourth Division",
      "League": 0,
      "FA Cup": 0,
      "Other": 0,
      "Total": 0
    },
    {
      "Club": "Wrexham",
      "Season": "1992–93",
      "Division": "Third Division",
      "League": 0,
      "FA Cup": 0,
      "Other": 0,
      "Total": 0
    }
  ]
}