{
  "table_title": "Football Clubs' Goals Scored Across Different Competitions",
  "columns": [
    {
      "column_name": "Club",
      "data_type": "string",
      "description": "The name of the football club."
    },
    {
      "column_name": "Season",
      "data_type": "string",
      "description": "The season during which the goals were scored."
    },
    {
      "column_name": "League",
      "data_type": "integer | string",
      "description": "The number of goals scored by the club in the league competition during the specified season."
    },
    {
      "column_name": "Continental",
      "data_type": "integer | string",
      "description": "The number of goals scored by the club in the continental competition during the specified season."
    },
    {
      "column_name": "National",
      "data_type": "integer | string",
      "description": "The number of goals scored by the club in the national competition during the specified season."
    },
    {
      "column_name": "Total",
      "data_type": "integer | string",
      "description": "The total number of goals scored by the club across all competitions during the specified season."
    }
  ],
  "first 5 rows": [
    {
      "Club": "Club",
      "Season": "Season",
      "League": "Goals",
      "Continental": "Goals",
      "National": "Goals",
      "Total": "Goals"
    },
    {
      "Club": "Beşiktaş J.K.",
      "Season": "2014/15",
      "League": 0,
      "Continental": "–",
      "National": 0,
      "Total": 0
    },
    {
      "Club": "Beşiktaş J.K.",
      "Season": "2015-16",
      "League": 0,
      "Continental": "–",
      "National": 0,
      "Total": 0
    },
    {
      "Club": "Beşiktaş J.K.",
      "Season": "2016/17",
      "League": 0,
      "Continental": "–",
      "National": 0,
      "Total": 0
    },
    {
      "Club": "Beşiktaş J.K.",
      "Season": "2017-18",
      "League": 0,
      "Continental": "–",
      "National": 0,
      "Total": 0
    }
  ]
}