{
  "table_title": "Athletic Event Results",
  "columns": [
    {
      "column_name": "Year",
      "data_type": "integer",
      "description": "The year when the athletic event took place."
    },
    {
      "column_name": "Competition",
      "data_type": "string",
      "description": "The name of the athletic competition."
    },
    {
      "column_name": "Venue",
      "data_type": "string",
      "description": "The location where the competition was held."
    },
    {
      "column_name": "Position",
      "data_type": "string",
      "description": "The final standing or position of the participant in the event."
    },
    {
      "column_name": "Event",
      "data_type": "string",
      "description": "The specific athletic event in the competition."
    },
    {
      "column_name": "Notes",
      "data_type": "float | string",
      "description": "Additional information about the event, such as the participant's time or record details."
    }
  ],
  "first 5 rows": [
    {
      "Year": 2010,
      "Competition": "Asian Games",
      "Venue": "Guangzhou, China",
      "Position": "1st",
      "Event": "200 m",
      "Notes": 20.43
    },
    {
      "Year": 2010,
      "Competition": "Asian Games",
      "Venue": "Guangzhou, China",
      "Position": "1st",
      "Event": "400 m",
      "Notes": 45.12
    },
    {
      "Year": 2011,
      "Competition": "Asian Championships",
      "Venue": "Kobe, Japan",
      "Position": "1st",
      "Event": "200 m",
      "Notes": "20.41 cr"
    },
    {
      "Year": 2011,
      "Competition": "Military World Games",
      "Venue": "Rio de Janeiro, Brazil",
      "Position": "1st",
      "Event": "100 m",
      "Notes": "10.07 gr"
    },
    {
      "Year": 2011,
      "Competition": "Military World Games",
      "Venue": "Rio de Janeiro, Brazil",
      "Position": "1st",
      "Event": "200 meters",
      "Notes": "20.46 GR"
    }
  ]
}