{
  "table_title": "Music Awards Nominations and Results",
  "columns": [
    {
      "column_name": "Year",
      "data_type": "integer",
      "description": "The year in which the award was held."
    },
    {
      "column_name": "Award",
      "data_type": "string",
      "description": "The name of the award for which the recipient was nominated or won."
    },
    {
      "column_name": "Recipients and nominees",
      "data_type": "string",
      "description": "The name of the song or individual that was nominated or won the award."
    },
    {
      "column_name": "Category",
      "data_type": "string",
      "description": "The specific category of the award for which the recipient was nominated or won."
    },
    {
      "column_name": "Result",
      "data_type": "string",
      "description": "The outcome of the nomination - whether the nominee won or was just nominated."
    },
    {
      "column_name": "Host country",
      "data_type": "string",
      "description": "The country where the award ceremony was hosted."
    }
  ],
  "first 5 rows": [
    {
      "Year": 2014,
      "Award": "World Music Awards",
      "Recipients and nominees": "\"Lebih Indah\"",
      "Category": "World's Best Song",
      "Result": "Nominated",
      "Host country": "Monaco Monaco"
    },
    {
      "Year": 2014,
      "Award": "World Music Awards",
      "Recipients and nominees": "\"Lebih Indah\"",
      "Category": "World's Best Video",
      "Result": "Nominated",
      "Host country": "Monaco Monaco"
    },
    {
      "Year": 2014,
      "Award": "Anugerah Planet Muzik",
      "Recipients and nominees": "\"Lebih Indah\"",
      "Category": "Best Song (Malaysia)",
      "Result": "Won",
      "Host country": "Singapore Singapore"
    },
    {
      "Year": 2014,
      "Award": "Anugerah Planet Muzik",
      "Recipients and nominees": "\"Lebih Indah\"",
      "Category": "Best Female Artiste",
      "Result": "Won",
      "Host country": "Singapore Singapore"
    },
    {
      "Year": 2014,
      "Award": "Anugerah Planet Muzik",
      "Recipients and nominees": "\"Terbaik Bagimu\"",
      "Category": "Best Collaboration (Song)",
      "Result": "Nominated",
      "Host country": "Singapore Singapore"
    }
  ]
}