{
  "table_title": "Kenyan Athlete's International Competition History",
  "columns": [
    {
      "column_name": "Year",
      "data_type": "integer | string",
      "description": "The year the competition took place. This can be an integer or a string, depending on the data provided."
    },
    {
      "column_name": "Competition",
      "data_type": "string",
      "description": "The name of the competition the athlete participated in."
    },
    {
      "column_name": "Venue",
      "data_type": "string",
      "description": "The location or city where the competition was held."
    },
    {
      "column_name": "Position",
      "data_type": "string",
      "description": "The final position or rank the athlete achieved in the competition."
    },
    {
      "column_name": "Event",
      "data_type": "string",
      "description": "The specific event within the competition that the athlete participated in."
    },
    {
      "column_name": "Notes",
      "data_type": "string",
      "description": "Additional information about the athlete's performance, such as time taken to complete the event."
    }
  ],
  "first 5 rows": [
    {
      "Year": "representing kenya",
      "Competition": "Representing Kenya",
      "Venue": "Representing Kenya",
      "Position": "Representing Kenya",
      "Event": "Representing Kenya",
      "Notes": "Representing Kenya"
    },
    {
      "Year": 2004,
      "Competition": "Stockholm Marathon",
      "Venue": "Stockholm, Sweden",
      "Position": "1st",
      "Event": "Marathon",
      "Notes": "2:35:14"
    },
    {
      "Year": 2004,
      "Competition": "Milan Marathon",
      "Venue": "Milan, Italy",
      "Position": "1st",
      "Event": "marathon",
      "Notes": "2:28:11"
    },
    {
      "Year": 2005,
      "Competition": "World Championships",
      "Venue": "Helsinki, Finland",
      "Position": "7th",
      "Event": "Marathon",
      "Notes": "02:24:22"
    },
    {
      "Year": 2006,
      "Competition": "Paris Half Marathon",
      "Venue": "paris, France",
      "Position": "1st",
      "Event": "Half marathon",
      "Notes": "1:09:56"
    }
  ]
}