{
  "table_title": "Great Britain / Wales Athletic Competition History",
  "columns": [
    {
      "column_name": "Year",
      "data_type": "integer | string",
      "description": "The year the competition took place, or a string indicating the representation of Great Britain / Wales."
    },
    {
      "column_name": "Competition",
      "data_type": "string",
      "description": "The name of the competition or event, or a string indicating the representation of Great Britain / Wales."
    },
    {
      "column_name": "Venue",
      "data_type": "string",
      "description": "The location or venue of the competition, or a string indicating the representation of Great Britain / Wales."
    },
    {
      "column_name": "Position",
      "data_type": "string",
      "description": "The final position or rank achieved in the competition, or a string indicating the representation of Great Britain / Wales."
    },
    {
      "column_name": "Event",
      "data_type": "string",
      "description": "The specific event within the competition, or a string indicating the representation of Great Britain / Wales."
    },
    {
      "column_name": "Notes",
      "data_type": "string",
      "description": "Additional notes about the event, such as recorded times, or a string indicating the representation of Great Britain / Wales."
    }
  ],
  "first 5 rows": [
    {
      "Year": "Representing Great Britain / Wales",
      "Competition": "representing Great Britain / Wales",
      "Venue": "Representing Great Britain / Wales",
      "Position": "Representing Great Britain / Wales",
      "Event": "representing Great Britain / Wales",
      "Notes": "Representing Great Britain / Wales"
    },
    {
      "Year": 1979,
      "Competition": "European Junior Championships",
      "Venue": "Bydgoszcz, Poland",
      "Position": "6th",
      "Event": "800 meters",
      "Notes": "2:04.72"
    },
    {
      "Year": 1982,
      "Competition": "Commonwealth Games",
      "Venue": "Brisbane, Australia",
      "Position": "1st",
      "Event": "800 metres",
      "Notes": "2:01,31"
    },
    {
      "Year": 1985,
      "Competition": "European Indoor Championships",
      "Venue": "Piraeus, Greece",
      "Position": "6th",
      "Event": "800 metres",
      "Notes": "02:07.98"
    },
    {
      "Year": 1985,
      "Competition": "European Cup",
      "Venue": "Moscow, Russia",
      "Position": "fourth",
      "Event": "800 metres",
      "Notes": "1:57.48"
    }
  ]
}