{
  "table_title": "Uzbekistan Representation in International Athletics Competitions",
  "columns": [
    {
      "column_name": "Year",
      "data_type": "integer | string",
      "description": "The year in which the competition took place. This can sometimes be a string indicating a non-specific period or event."
    },
    {
      "column_name": "Competition",
      "data_type": "string",
      "description": "The specific name or type of athletics competition in which Uzbekistan was represented."
    },
    {
      "column_name": "Venue",
      "data_type": "string",
      "description": "The location or city where the competition was held."
    },
    {
      "column_name": "Position",
      "data_type": "string",
      "description": "The final position or rank achieved by the representative of Uzbekistan in the competition."
    },
    {
      "column_name": "Notes",
      "data_type": "string",
      "description": "Additional information or specific details about the competition or the performance of the representative, such as achieved heights in jumping events."
    }
  ],
  "first 5 rows": [
    {
      "Year": "Representing Uzbekistan",
      "Competition": "Representing Uzbekistan",
      "Venue": "Representing Uzbekistan",
      "Position": "Representing Uzbekistan",
      "Notes": "Representing Uzbekistan"
    },
    {
      "Year": 2002,
      "Competition": "World Junior Championships",
      "Venue": "Kingston, Jamaica",
      "Position": "19th (q)",
      "Notes": "1.70 m"
    },
    {
      "Year": 2002,
      "Competition": "Asian Junior Championships",
      "Venue": "Bangkok, Thailand",
      "Position": "4th",
      "Notes": "1.76 m"
    },
    {
      "Year": 2003,
      "Competition": "World Youth Championships",
      "Venue": "Sherbrooke, Canada",
      "Position": "9th",
      "Notes": "1.80 m"
    },
    {
      "Year": 2003,
      "Competition": "Asian Championships",
      "Venue": "Manila, Philippines",
      "Position": "6th",
      "Notes": "1.75 m"
    }
  ]
}