{
  "table_title": "Great Britain / England Athlete Performance Records",
  "columns": [
    {
      "column_name": "Year",
      "data_type": "integer | string",
      "description": "The year in which the competition took place, occasionally represented as a string."
    },
    {
      "column_name": "Competition",
      "data_type": "string",
      "description": "The name of the competition in which the athlete participated."
    },
    {
      "column_name": "Venue",
      "data_type": "string",
      "description": "The location where the competition took place."
    },
    {
      "column_name": "Position",
      "data_type": "string",
      "description": "The athlete's finishing position in the competition."
    },
    {
      "column_name": "Event",
      "data_type": "string",
      "description": "The specific event in which the athlete competed."
    },
    {
      "column_name": "Notes",
      "data_type": "string | time",
      "description": "Additional notes about the event, often including the athlete's finishing time."
    }
  ],
  "first 5 rows": [
    {
      "Year": "Representing Great Britain / England",
      "Competition": "Representing Great Britain / England",
      "Venue": "Representing Great Britain / England",
      "Position": "Representing Great Britain / England",
      "Event": "Representing Great Britain / England",
      "Notes": "Representing Great Britain / England"
    },
    {
      "Year": 1982,
      "Competition": "London Marathon",
      "Venue": "London, UK",
      "Position": "23rd",
      "Event": "Marathon",
      "Notes": "2:54:29"
    },
    {
      "Year": 1983,
      "Competition": "reading half marathon",
      "Venue": "Reading, United Kingdom",
      "Position": "1st",
      "Event": "Half marathon",
      "Notes": "1:16:00"
    },
    {
      "Year": 1983,
      "Competition": "London Marathon",
      "Venue": "London, United Kingdom",
      "Position": "9th",
      "Event": "marathon",
      "Notes": "2:39:11"
    },
    {
      "Year": 1983,
      "Competition": "World Student Games (Universiade)",
      "Venue": "Edmonton, Canada",
      "Position": "first",
      "Event": "Marathon",
      "Notes": "2:47:37"
    }
  ]
}