{
  "table_title": "Football Club Season Performance",
  "columns": [
    {
      "column_name": "Club",
      "data_type": "string",
      "description": "The name of the football club."
    },
    {
      "column_name": "Season",
      "data_type": "string",
      "description": "The season in which the football club competed."
    },
    {
      "column_name": "Division",
      "data_type": "string",
      "description": "The division in which the football club played during the specified season."
    },
    {
      "column_name": "League",
      "data_type": "integer | string",
      "description": "The number of goals scored by the football club in league matches during the specified season."
    },
    {
      "column_name": "FA Cup",
      "data_type": "integer | string",
      "description": "The number of goals scored by the football club in the FA Cup matches during the specified season."
    },
    {
      "column_name": "Total",
      "data_type": "integer | string",
      "description": "The total number of goals scored by the football club during the specified season, including both league and FA Cup matches."
    }
  ],
  "first 5 rows": [
    {
      "Club": "Club",
      "Season": "Season",
      "Division": "Division",
      "League": "Goals",
      "FA Cup": "Goals",
      "Total": "Goals"
    },
    {
      "Club": "Burslem Port Vale",
      "Season": "1898–99",
      "Division": "Second Division",
      "League": 0,
      "FA Cup": 0,
      "Total": 0
    },
    {
      "Club": "Burslem Port Vale",
      "Season": "1899–1900",
      "Division": "Second Division",
      "League": 0,
      "FA Cup": 0,
      "Total": 0
    },
    {
      "Club": "Burslem Port Vale",
      "Season": "1900–01",
      "Division": "Second Division",
      "League": 0,
      "FA Cup": 0,
      "Total": 0
    },
    {
      "Club": "Burslem Port Vale",
      "Season": "Total",
      "Division": "Total",
      "League": 0,
      "FA Cup": 0,
      "Total": 0
    }
  ]
}