{
  "table_title": "Athletic Competitions Representation",
  "columns": [
    {
      "column_name": "Year",
      "data_type": "integer | string",
      "description": "The year of the competition or the country the athlete is representing."
    },
    {
      "column_name": "Competition",
      "data_type": "string",
      "description": "The name of the competition or the country the athlete is representing."
    },
    {
      "column_name": "Venue",
      "data_type": "string",
      "description": "The location of the competition or the country the athlete is representing."
    },
    {
      "column_name": "Position",
      "data_type": "string",
      "description": "The final position of the athlete in the competition or the country the athlete is representing."
    },
    {
      "column_name": "Notes",
      "data_type": "string",
      "description": "Additional information about the competition or the country the athlete is representing."
    }
  ],
  "first 5 rows": [
    {
      "Year": "Representing Wales",
      "Competition": "Representing Wales",
      "Venue": "Representing Wales",
      "Position": "Representing Wales",
      "Notes": "Representing Wales"
    },
    {
      "Year": 1994,
      "Competition": "Commonwealth Games",
      "Venue": "Victoria, Canada",
      "Position": "Fourth",
      "Notes": "2:03.17"
    },
    {
      "Year": "Representing Great Britain",
      "Competition": "Representing Great Britain",
      "Venue": "Representing Great Britain",
      "Position": "Representing Great Britain",
      "Notes": "Representing Great Britain"
    },
    {
      "Year": 1994,
      "Competition": "World Cup",
      "Venue": "London, UK",
      "Position": "7th",
      "Notes": "02:04.13"
    },
    {
      "Year": 1994,
      "Competition": "Commonwealth Games",
      "Venue": "Victoria, Canada",
      "Position": "1st",
      "Notes": "2:03.17"
    }
  ]
}