{
  "table_title": "Election Results by Party",
  "columns": [
    {
      "column_name": "Party",
      "data_type": "string",
      "description": "This column contains the names of the political parties that participated in the election."
    },
    {
      "column_name": "Votes",
      "data_type": "string",
      "description": "This column shows the total number of votes each party received, represented as a string."
    },
    {
      "column_name": "%",
      "data_type": "float | integer | string",
      "description": "This column represents the percentage of the total votes that each party received."
    },
    {
      "column_name": "Seats",
      "data_type": "integer | string",
      "description": "This column indicates the number of seats each party won in the election."
    },
    {
      "column_name": "+/−",
      "data_type": "integer | string",
      "description": "This column shows the change in the number of seats won by each party compared to the previous election, or indicates if the party is new."
    }
  ],
  "first 5 rows": [
    {
      "Party": "Democratic party",
      "Votes": 1966244,
      "%": 47.1,
      "Seats": 50,
      "+/–": 26
    },
    {
      "Party": "Uganda People's Congress",
      "Votes": 1963679,
      "%": "47.1%",
      "Seats": 75,
      "+/–": 38
    },
    {
      "Party": "Uganda Patriotic Movement",
      "Votes": 171785,
      "%": 4.1,
      "Seats": 1,
      "+/–": "New"
    },
    {
      "Party": "Conservative Party",
      "Votes": 70181,
      "%": 1.6,
      "Seats": 0,
      "+/–": "New"
    },
    {
      "Party": "Invalid/blank votes",
      "Votes": 2419,
      "%": "–",
      "Seats": "N/A",
      "+/–": "–"
    }
  ]
}