{
  "table_title": "Annual Television Show Details",
  "columns": [
    {
      "column_name": "Year",
      "data_type": "integer",
      "description": "The year the television show was hosted."
    },
    {
      "column_name": "Host",
      "data_type": "string",
      "description": "The name of the person who hosted the television show in the specified year."
    },
    {
      "column_name": "Channel",
      "data_type": "string",
      "description": "The television channel on which the show was broadcast."
    },
    {
      "column_name": "Participants",
      "data_type": "integer",
      "description": "The number of participants who competed in the television show in the specified year."
    },
    {
      "column_name": "Winner",
      "data_type": "string",
      "description": "The name of the participant who won the television show in the specified year."
    }
  ],
  "first 5 rows": [
    {
      "Year": 2003,
      "Host": "András Stohl",
      "Channel": "RTL Klub",
      "Participants": 16,
      "Winner": "Tünde Molnár"
    },
    {
      "Year": 2004,
      "Host": "András Stohl",
      "Channel": "rtl klub",
      "Participants": 16,
      "Winner": "David Hankó"
    },
    {
      "Year": 2017,
      "Host": "Bence Istenes",
      "Channel": "RTL Klub",
      "Participants": 17,
      "Winner": "Iliász Shweirif"
    },
    {
      "Year": 2018,
      "Host": "Bence Istenes",
      "Channel": "rtl klub",
      "Participants": 18,
      "Winner": "Dávid Tömböly"
    },
    {
      "Year": 2004,
      "Host": "András Stohl",
      "Channel": "RTL Klub",
      "Participants": 16,
      "Winner": "Dávid Hankó"
    }
  ]
}