{
  "table_title": "Theater Award Nominations",
  "columns": [
    {
      "column_name": "Year",
      "data_type": "integer",
      "description": "The year in which the award nomination took place."
    },
    {
      "column_name": "Award",
      "data_type": "string",
      "description": "The name of the award for which the nomination was made."
    },
    {
      "column_name": "Category",
      "data_type": "string",
      "description": "The specific category of the award nomination."
    },
    {
      "column_name": "Work",
      "data_type": "string",
      "description": "The theatrical work for which the award nomination was made."
    },
    {
      "column_name": "Result",
      "data_type": "string",
      "description": "The outcome of the award nomination, indicating whether it resulted in a win or was just a nomination."
    }
  ],
  "first 5 rows": [
    {
      "Year": 2013,
      "Award": "drama desk award",
      "Category": "Outstanding Featured Actor in a Musical",
      "Work": "The Mystery of Edwin Drood",
      "Result": "Nominated"
    },
    {
      "Year": 2013,
      "Award": "Broadway.com Audience Awards",
      "Category": "Favorite Onstage Pair (with Jessie Mueller)",
      "Work": "The Mystery of Edwin Drood",
      "Result": "nominated"
    },
    {
      "Year": 2014,
      "Award": "Tony Award",
      "Category": "Best Actor in a Musical",
      "Work": "Rocky",
      "Result": "Nominated"
    },
    {
      "Year": 2014,
      "Award": "Drama Desk Award",
      "Category": "Outstanding Actor in a Musical",
      "Work": "ROCKY",
      "Result": "Nominated"
    },
    {
      "Year": 2014,
      "Award": "Drama League Award",
      "Category": "Distinguished Performance",
      "Work": "Rocky",
      "Result": "Nominated"
    }
  ]
}