{
  "table_title": "Indonesian Film Festival Awards and Nominations",
  "columns": [
    {
      "column_name": "Award",
      "data_type": "string",
      "description": "The name of the award event, in this case, 'Indonesian Film Festival'."
    },
    {
      "column_name": "Year",
      "data_type": "integer",
      "description": "The year in which the award or nomination took place."
    },
    {
      "column_name": "Category",
      "data_type": "string",
      "description": "The specific category of the award or nomination, such as 'Best Film', 'Best Director', or 'Best Screenplay'."
    },
    {
      "column_name": "Recipient",
      "data_type": "string",
      "description": "The recipient of the award or nomination. A dash ('–') signifies that no recipient was announced."
    },
    {
      "column_name": "Result",
      "data_type": "string",
      "description": "The result of the nomination, either 'Nominated' or 'Won'."
    }
  ],
  "first 5 rows": [
    {
      "Award": "Indonesian Film Festival",
      "Year": 1984,
      "Category": "Best Film",
      "Recipient": "–",
      "Result": "nominated"
    },
    {
      "Award": "Indonesian Film Festival",
      "Year": 1984,
      "Category": "best Director",
      "Recipient": "Arifin C. Noer",
      "Result": "Nominated"
    },
    {
      "Award": "Indonesian Film Festival",
      "Year": 1984,
      "Category": "Best Screenplay",
      "Recipient": "Arifin C. Noer",
      "Result": "Won"
    },
    {
      "Award": "Indonesian Film Festival",
      "Year": 1984,
      "Category": "Best Cinematography",
      "Recipient": "Hasan Basri",
      "Result": "Nominated"
    },
    {
      "Award": "Indonesian Film Festival",
      "Year": 1984,
      "Category": "Best Artistic Direction",
      "Recipient": "Farraz Effendy",
      "Result": "Nominated"
    }
  ]
}