{
  "table_title": "Actor Television Roles by Year",
  "columns": [
    {
      "column_name": "Year",
      "data_type": "integer",
      "description": "The year the television role was performed."
    },
    {
      "column_name": "Title",
      "data_type": "string",
      "description": "The title of the television show in which the role was performed."
    },
    {
      "column_name": "Role",
      "data_type": "string",
      "description": "The character role performed by the actor in the television show."
    },
    {
      "column_name": "Notes",
      "data_type": "string",
      "description": "Additional information about the role, usually indicating the number of episodes in which the character appeared."
    }
  ],
  "first 5 rows": [
    {
      "Year": 2019,
      "Title": "The Man in the High Castle",
      "Role": "Wilhelm Goertzmann",
      "Notes": "3 episodes"
    },
    {
      "Year": 2019,
      "Title": "Game of Thrones",
      "Role": "Harry Strickland",
      "Notes": "one episode"
    },
    {
      "Year": 2017,
      "Title": "Riviera",
      "Role": "Klaus Schneider",
      "Notes": "2 episodes"
    },
    {
      "Year": 2017,
      "Title": "Into the Badlands",
      "Role": "Nos",
      "Notes": "1 ep"
    },
    {
      "Year": 2017,
      "Title": "The Last Kingdom",
      "Role": "Tekil",
      "Notes": "4 episodes"
    }
  ]
}