{
  "table_title": "Javelin Event Records in Junior Championships",
  "columns": [
    {
      "column_name": "Year",
      "data_type": "integer",
      "description": "The year in which the competition was held."
    },
    {
      "column_name": "Competition",
      "data_type": "string",
      "description": "The name of the competition, often indicating the age group and geographic region."
    },
    {
      "column_name": "Venue",
      "data_type": "string",
      "description": "The location where the competition took place."
    },
    {
      "column_name": "Position",
      "data_type": "string",
      "description": "The final standing or rank achieved in the competition."
    },
    {
      "column_name": "Event",
      "data_type": "string",
      "description": "The specific athletic event, in this case, always 'Javelin'."
    },
    {
      "column_name": "Notes",
      "data_type": "string",
      "description": "Additional information about the event, usually the distance thrown in the Javelin event."
    }
  ],
  "first 5 rows": [
    {
      "Year": 1994,
      "Competition": "Central American and Caribbean Junior Championships (U-17)",
      "Venue": "Port of Spain, Trinidad and Tobago",
      "Position": "1st",
      "Event": "Javelin",
      "Notes": "47.32 m"
    },
    {
      "Year": 1995,
      "Competition": "Pan American Junior Championships",
      "Venue": "Santiago, Chile",
      "Position": "1st",
      "Event": "Javelin",
      "Notes": "51.30 m"
    },
    {
      "Year": 1996,
      "Competition": "Central American and Caribbean Junior Championships (U-20)",
      "Venue": "San Salvador, El Salvador",
      "Position": "1st",
      "Event": "Javelin",
      "Notes": "59.98 m"
    },
    {
      "Year": 1996,
      "Competition": "World Junior Championships",
      "Venue": "Sydney, Australia",
      "Position": "1st",
      "Event": "Javelin (old spec.)",
      "Notes": "60.96 m"
    },
    {
      "Year": 1997,
      "Competition": "Pan American Junior Championships",
      "Venue": "La Habana, Cuba",
      "Position": "1st",
      "Event": "Javelin",
      "Notes": "61.76 m"
    }
  ]
}