{
  "table_title": "Soviet Union Athletics Competitions History",
  "columns": [
    {
      "column_name": "Year",
      "data_type": "integer | string",
      "description": "The year the competition took place, represented either as an integer or a string."
    },
    {
      "column_name": "Competition",
      "data_type": "string",
      "description": "The name of the competition in which the athlete participated."
    },
    {
      "column_name": "Venue",
      "data_type": "string",
      "description": "The location where the competition was held."
    },
    {
      "column_name": "Position",
      "data_type": "string",
      "description": "The final standing or rank of the athlete in the competition."
    },
    {
      "column_name": "Event",
      "data_type": "string",
      "description": "The specific event in the competition in which the athlete participated."
    },
    {
      "column_name": "Notes",
      "data_type": "string",
      "description": "Additional information about the competition, such as the athlete's performance time in a race."
    }
  ],
  "first 5 rows": [
    {
      "Year": "Representing Soviet Union",
      "Competition": "Representing Soviet Union",
      "Venue": "Representing Soviet Union",
      "Position": "Representing Soviet Union",
      "Event": "Representing Soviet Union",
      "Notes": "Representing Soviet Union"
    },
    {
      "Year": 1954,
      "Competition": "European Championships",
      "Venue": "Bern, Switzerland",
      "Position": "3rd",
      "Event": "Marathon",
      "Notes": "2:25:26.6"
    },
    {
      "Year": 1957,
      "Competition": "kosice Peace Marathon",
      "Venue": "Kosice, Czechoslovakia",
      "Position": "1st",
      "Event": "Marathon",
      "Notes": "2:23:57"
    },
    {
      "Year": 1958,
      "Competition": "European championships",
      "Venue": "Stockholm, Sweden",
      "Position": "Second",
      "Event": "Marathon",
      "Notes": "2:20:50.6"
    },
    {
      "Year": 1954,
      "Competition": "European Championships",
      "Venue": "Bern, Switzerland",
      "Position": "1st",
      "Event": "Marathon",
      "Notes": "2:25:26.6"
    }
  ]
}