{
  "table_title": "Basketball Player Performance Statistics",
  "columns": [
    {
      "column_name": "Player",
      "data_type": "string",
      "description": "The name of the basketball player."
    },
    {
      "column_name": "Games Played",
      "data_type": "integer",
      "description": "The total number of games the player has participated in."
    },
    {
      "column_name": "Minutes Played",
      "data_type": "integer",
      "description": "The total number of minutes the player has spent on the court."
    },
    {
      "column_name": "Field Goals",
      "data_type": "integer",
      "description": "The total number of successful field goals made by the player."
    },
    {
      "column_name": "Free Throws",
      "data_type": "integer",
      "description": "The total number of successful free throws made by the player."
    },
    {
      "column_name": "Rebounds",
      "data_type": "integer",
      "description": "The total number of rebounds the player has secured during games."
    },
    {
      "column_name": "Points",
      "data_type": "integer",
      "description": "The total number of points the player has scored."
    }
  ],
  "first 5 rows": [
    {
      "Player": "Nick Weatherspoon",
      "Games Played": 24,
      "Minutes Played": 880,
      "Field Goals": 247,
      "Free Throws": 106,
      "Rebounds": 295,
      "Points": 600
    },
    {
      "Player": "Jeff Dawson",
      "Games Played": 24,
      "Minutes Played": 930,
      "Field Goals": 182,
      "Free Throws": 83,
      "Rebounds": 68,
      "Points": 447
    },
    {
      "Player": "Nick Conner",
      "Games Played": 24,
      "Minutes Played": 845,
      "Field Goals": 136,
      "Free Throws": 43,
      "Rebounds": 221,
      "Points": 315
    },
    {
      "Player": "Otho Tucker",
      "Games Played": 24,
      "Minutes Played": 822,
      "Field Goals": 92,
      "Free Throws": 53,
      "Rebounds": 79,
      "Points": 237
    },
    {
      "Player": "Jed Foster",
      "Games Played": 24,
      "Minutes Played": 487,
      "Field Goals": 38,
      "Free Throws": 37,
      "Rebounds": 99,
      "Points": 113
    }
  ]
}