{
  "table_title": "Music Video Awards History",
  "columns": [
    {
      "column_name": "Year",
      "data_type": "integer",
      "description": "The year the award was given or nominated."
    },
    {
      "column_name": "Award",
      "data_type": "string",
      "description": "The name of the award or the awarding body."
    },
    {
      "column_name": "Category",
      "data_type": "string",
      "description": "The category for which the award was given or nominated."
    },
    {
      "column_name": "Motive",
      "data_type": "string",
      "description": "The music video (and its artist) that was nominated or won the award."
    },
    {
      "column_name": "Result",
      "data_type": "string",
      "description": "The outcome of the nomination - whether the music video won the award or was just nominated."
    }
  ],
  "first 5 rows": [
    {
      "Year": 2006,
      "Award": "MVPA Award",
      "Category": "Directorial Debut of the Year",
      "Motive": "Switchfoot - \"Stars\"",
      "Result": "Won"
    },
    {
      "Year": 2007,
      "Award": "Premios lo Nuestro",
      "Category": "\"Video of the Year\"",
      "Motive": "Belinda - \"Ni Freud Ni Tu Mama\"",
      "Result": "Nominated"
    },
    {
      "Year": 2007,
      "Award": "MTV Video Music Awards Latin America",
      "Category": "\"Video of the Year\"",
      "Motive": "Belinda - \"Bella Traición\"",
      "Result": "won"
    },
    {
      "Year": 2007,
      "Award": "OVMALA",
      "Category": "Best Lighting",
      "Motive": "Belinda - \"Luz Sin Gravedad\"",
      "Result": "Won"
    },
    {
      "Year": 2007,
      "Award": "OVMALA",
      "Category": "\"Best Costume in a Video (Women)\"",
      "Motive": "Belinda - \"Bella Traición\"",
      "Result": "Nominated"
    }
  ]
}