{
  "table_title": "Music Album Release Information",
  "columns": [
    {
      "column_name": "Year",
      "data_type": "integer",
      "description": "The year the music album was released."
    },
    {
      "column_name": "Title",
      "data_type": "string",
      "description": "The title of the music album."
    },
    {
      "column_name": "Label",
      "data_type": "string",
      "description": "The record label that produced the music album."
    },
    {
      "column_name": "Format",
      "data_type": "string",
      "description": "The available formats in which the music album was released."
    }
  ],
  "first 5 rows": [
    {
      "Year": 1994,
      "Title": "Songs in the Key of Bree",
      "Label": "Taang! Records",
      "Format": "CD, Vinyl, cassette"
    },
    {
      "Year": 1995,
      "Title": "Barfly",
      "Label": "Taang! Records",
      "Format": "CD, vinyl, Cassette"
    },
    {
      "Year": 1996,
      "Title": "Water in My Head",
      "Label": "Taang! records",
      "Format": "CD, Vinyl"
    },
    {
      "Year": 1997,
      "Title": 28,
      "Label": "TVT Records",
      "Format": "CD, Vinyl, Cassette"
    },
    {
      "Year": 1998,
      "Title": "Pass the Dutchie",
      "Label": "TVT Records",
      "Format": "CD, Vinyl"
    }
  ]
}