{
  "table_title": "Baseball Player Pitching Statistics",
  "columns": [
    {
      "column_name": "Player",
      "data_type": "string",
      "description": "The name of the baseball player."
    },
    {
      "column_name": "G",
      "data_type": "integer",
      "description": "The total number of games the player has participated in."
    },
    {
      "column_name": "IP",
      "data_type": "float | integer",
      "description": "The total number of innings the player has pitched."
    },
    {
      "column_name": "W",
      "data_type": "integer",
      "description": "The total number of games the player has won."
    },
    {
      "column_name": "L",
      "data_type": "integer",
      "description": "The total number of games the player has lost."
    },
    {
      "column_name": "ERA",
      "data_type": "float",
      "description": "The player's Earned Run Average, a measure of the number of runs a pitcher allows per nine innings."
    },
    {
      "column_name": "SO",
      "data_type": "integer",
      "description": "The total number of strikeouts the player has achieved."
    }
  ],
  "first 5 rows": [
    {
      "Player": "Kenny Rogers",
      "G": 34,
      "IP": 238.2,
      "W": 16,
      "L": 8,
      "ERA": 3.17,
      "SO": 138
    },
    {
      "Player": "Tom Candiotti",
      "G": 33,
      "IP": 201,
      "W": 11,
      "L": 16,
      "ERA": 5.84,
      "SO": 98
    },
    {
      "Player": "Kenny Rogers",
      "G": 34,
      "IP": 238.2,
      "W": 16,
      "L": 8,
      "ERA": 3.17,
      "SO": 138
    },
    {
      "Player": "Tom Candiotti",
      "G": 33,
      "IP": 201,
      "W": 11,
      "L": 16,
      "ERA": 4.84,
      "SO": 98
    },
    {
      "Player": "Tom Candiotti",
      "G": 33,
      "IP": 201,
      "W": 11,
      "L": 16,
      "ERA": 0.84,
      "SO": 98
    }
  ]
}