{
  "table_title": "Number of Participants in Different Sports by Gender",
  "columns": [
    {
      "column_name": "Sport",
      "data_type": "string",
      "description": "This column lists the name of the sports."
    },
    {
      "column_name": "Men",
      "data_type": "integer",
      "description": "This column indicates the number of male participants in each sport."
    },
    {
      "column_name": "Women",
      "data_type": "integer | string",
      "description": "This column shows the number of female participants in each sport. The values can be integers or strings."
    },
    {
      "column_name": "Total",
      "data_type": "integer",
      "description": "This column provides the total number of participants in each sport, summing up the number of men and women."
    }
  ],
  "first 5 rows": [
    {
      "Sport": "Alpine skiing",
      "Men": 13,
      "Women": 8,
      "Total": 21
    },
    {
      "Sport": "Biathlon",
      "Men": 5,
      "Women": 5,
      "Total": 10
    },
    {
      "Sport": "Bobsleigh",
      "Men": 8,
      "Women": 2,
      "Total": 10
    },
    {
      "Sport": "Cross-country skiing",
      "Men": 8,
      "Women": 4,
      "Total": 12
    },
    {
      "Sport": "Curling",
      "Men": 6,
      "Women": "5*",
      "Total": 11
    }
  ]
}