{
  "table_title": "Actor's Television Roles by Year",
  "columns": [
    {
      "column_name": "Year",
      "data_type": "integer | string",
      "description": "The year or range of years when the actor played the role, represented either as an integer for a single year or as a string for a range."
    },
    {
      "column_name": "Title",
      "data_type": "string",
      "description": "The title of the television show in which the actor played a role."
    },
    {
      "column_name": "Role",
      "data_type": "string",
      "description": "The name of the role played by the actor in the television show."
    },
    {
      "column_name": "Notes",
      "data_type": "string",
      "description": "Additional information about the actor's participation in the show, typically indicating the number of episodes in which the actor appeared."
    }
  ],
  "first 5 rows": [
    {
      "Year": 2017,
      "Title": "Versailles",
      "Role": "Leopold",
      "Notes": "8 episodes"
    },
    {
      "Year": 2017,
      "Title": "Come Home",
      "Role": "Tomlinson",
      "Notes": "2 Episodes"
    },
    {
      "Year": "2017-18",
      "Title": "Striking Out",
      "Role": "Eric",
      "Notes": "10 episodes"
    },
    {
      "Year": 2016,
      "Title": "Stan Lee's Lucky Man",
      "Role": "Simon",
      "Notes": "Two episodes"
    },
    {
      "Year": 2016,
      "Title": "War & Peace",
      "Role": "bilibin",
      "Notes": "4 episodes"
    }
  ]
}