{
  "table_title": "Historical Desktop Calculator Models and Prices",
  "columns": [
    {
      "column_name": "Model",
      "data_type": "integer | string",
      "description": "The model number or identifier for the calculator, which can be an integer or a string."
    },
    {
      "column_name": "Description",
      "data_type": "string",
      "description": "A detailed description of the calculator model, including its type, display size, and functions."
    },
    {
      "column_name": "Introduced",
      "data_type": "string",
      "description": "The date when the calculator model was first introduced to the market, represented as a string."
    },
    {
      "column_name": "Kit Price",
      "data_type": "string",
      "description": "The price of the calculator if purchased as a kit for self-assembly, represented as a string in USD."
    },
    {
      "column_name": "Assembled",
      "data_type": "string",
      "description": "The price of the calculator if purchased fully assembled, represented as a string in USD."
    }
  ],
  "first 5 rows": [
    {
      "Model": 816,
      "Description": "Desktop, 8-digit display, 16-digit calculations 4-function",
      "Introduced": "November 1971",
      "Kit Price": "$179",
      "Assembled": "$275"
    },
    {
      "Model": 1440,
      "Description": "Desktop, 14-digit display, square root, memory",
      "Introduced": "Jun. 1972",
      "Kit Price": "199.95 USD",
      "Assembled": "$249.95"
    },
    {
      "Model": "816B",
      "Description": "desktop, 8-digit display, 16-digit calculations, 4-function",
      "Introduced": "06-1972",
      "Kit Price": "$149.95",
      "Assembled": "$189.95"
    },
    {
      "Model": 7400,
      "Description": "Desktop, 14-digit scientific. Trig functions, 3- (7400A), 5- (7400B), or 7-level stack (7400C)",
      "Introduced": "Dec. 1972",
      "Kit Price": "$339.95",
      "Assembled": "$419.95"
    },
    {
      "Model": 1206,
      "Description": "Handheld, 6 digit display, 12-digit calculation, 4-function,",
      "Introduced": "January 1973",
      "Kit Price": "$49.95",
      "Assembled": "$59.95"
    }
  ]
}