{
  "table_title": "Theatre Performances",
  "columns": [
    {
      "column_name": "Year",
      "data_type": "integer | string",
      "description": "The year or range of years the performance took place."
    },
    {
      "column_name": "Title",
      "data_type": "string",
      "description": "The title of the theatre production."
    },
    {
      "column_name": "Role",
      "data_type": "string",
      "description": "The role played by the actor in the production."
    },
    {
      "column_name": "Notes",
      "data_type": "string",
      "description": "Additional information about the performance, such as the venue."
    }
  ],
  "first 5 rows": [
    {
      "Year": "1996-1998",
      "Title": "The King & I",
      "Role": "Royal Child",
      "Notes": "Neil Simon Theatre"
    },
    {
      "Year": "2006-2008",
      "Title": "Spring Awakening",
      "Role": "Ensemble / Ilse Neumann",
      "Notes": "Eugene O'Neill Theatre"
    },
    {
      "Year": 2014,
      "Title": "Hair",
      "Role": "Jeannie Ryan",
      "Notes": "Hollywood Bowl"
    },
    {
      "Year": 2015,
      "Title": "The Wedding Singer",
      "Role": "Julia Sullivan",
      "Notes": "Pittsburgh Civic Light Opera"
    },
    {
      "Year": 2016,
      "Title": "Waitress",
      "Role": "Dawn Williams",
      "Notes": "Brooks Atkinson Theater"
    }
  ]
}