{
  "table_title": "Filmography of a Performer",
  "columns": [
    {
      "column_name": "Year",
      "data_type": "integer | string",
      "description": "The year the performance was released or aired. This can be an integer or a string."
    },
    {
      "column_name": "Title",
      "data_type": "string",
      "description": "The title of the movie, TV show, or performance."
    },
    {
      "column_name": "Role",
      "data_type": "string",
      "description": "The role or character played by the performer in the movie, TV show, or performance."
    },
    {
      "column_name": "Notes",
      "data_type": "string",
      "description": "Additional information about the performance, such as the type of media, number of episodes, or specific episode titles."
    }
  ],
  "first 5 rows": [
    {
      "Year": 1996,
      "Title": "The Biz",
      "Role": "Francesca",
      "Notes": "TV series"
    },
    {
      "Year": 2001,
      "Title": "Pop Idol",
      "Role": "herself",
      "Notes": "Contestant"
    },
    {
      "Year": 2005,
      "Title": "Dalziel and Pascoe",
      "Role": "Nurse Corby",
      "Notes": "2 episodes, episodes titled: \"Heads You Lose: Part 1\" & \"Heads You Lose: Part 2\""
    },
    {
      "Year": 2005,
      "Title": "Holby City",
      "Role": "Justine Lake",
      "Notes": "1 episode, episode titled: \"Patience\""
    },
    {
      "Year": "2005–2008",
      "Title": "The Royal",
      "Role": "Nurse Stella Davenport",
      "Notes": "Series regular, 36 episodes"
    }
  ]
}