{
  "table_title": "Actor's Theatre Performances",
  "columns": [
    {
      "column_name": "Year",
      "data_type": "integer",
      "description": "The year the performance took place."
    },
    {
      "column_name": "Title",
      "data_type": "string",
      "description": "The title of the performance."
    },
    {
      "column_name": "Role",
      "data_type": "string",
      "description": "The role played by the actor in the performance."
    },
    {
      "column_name": "Notes",
      "data_type": "string",
      "description": "Additional notes about the performance, typically indicating the venue."
    }
  ],
  "first 5 rows": [
    {
      "Year": 1993,
      "Title": "beautiful thing",
      "Role": "Ste",
      "Notes": "Bush Theatre"
    },
    {
      "Year": 1999,
      "Title": 4,
      "Role": "Brito",
      "Notes": "tricycle theatre"
    },
    {
      "Year": 2004,
      "Title": "Festen",
      "Role": "Christian",
      "Notes": "Almeida Theatre"
    },
    {
      "Year": 2005,
      "Title": "Someone Who'll Watch Over Me",
      "Role": "Adam",
      "Notes": "Ambassadors Theatre"
    },
    {
      "Year": 2009,
      "Title": "After Miss Julie",
      "Role": "John",
      "Notes": "American Airlines Theater"
    }
  ]
}