{
  "table_title": "Aircraft Engine Specifications and Applications",
  "columns": [
    {
      "column_name": "Engine",
      "data_type": "string",
      "description": "This column contains the names of various aircraft engines."
    },
    {
      "column_name": "Overall pressure ratio",
      "data_type": "string",
      "description": "This column provides the overall pressure ratio of each engine, represented as a ratio (e.g., '60:1')."
    },
    {
      "column_name": "Major applications",
      "data_type": "integer | string",
      "description": "This column lists the major aircraft models (represented as either a string or integer) that use the corresponding engine."
    }
  ],
  "first 5 rows": [
    {
      "Engine": "General Electric GE9X",
      "Overall pressure ratio": "60:1",
      "Major applications": "777x"
    },
    {
      "Engine": "Rolls-Royce Trent XWB",
      "Overall pressure ratio": "52:1",
      "Major applications": "A350 xwb"
    },
    {
      "Engine": "General Electric GE90",
      "Overall pressure ratio": "42:1",
      "Major applications": 777
    },
    {
      "Engine": "General Electric CF6",
      "Overall pressure ratio": "30.5:1",
      "Major applications": "747, 767, A300, MD-11, C-5"
    },
    {
      "Engine": "General Electric F110",
      "Overall pressure ratio": "30:1",
      "Major applications": "F14, F15, F16"
    }
  ]
}