{
  "table_title": "Historical Slave Trade Voyages",
  "columns": [
    {
      "column_name": "Vessel Name",
      "data_type": "string",
      "description": "The name of the vessel along with the number of voyages it made."
    },
    {
      "column_name": "Slave Pick-up Point",
      "data_type": "string",
      "description": "Geographical location(s) where slaves were picked up. Multiple locations are separated by commas."
    },
    {
      "column_name": "Destination",
      "data_type": "string",
      "description": "Destination(s) where the vessel arrived with slaves. Multiple locations are separated by commas."
    },
    {
      "column_name": "Number of Slaves",
      "data_type": "integer | string",
      "description": "The total number of slaves that were transported by the vessel."
    },
    {
      "column_name": "Number That Survived the Voyage",
      "data_type": "integer | string",
      "description": "The number of slaves that survived the voyage."
    }
  ],
  "first 5 rows": [
    {
      "Vessel Name": "Goldfinch (6 voyages)",
      "Slave Pick-up Point": "Other Africa, Bight of Biafra, Gulf of Guinea Islands",
      "Destination": "Jamaica, Barbados, Virginia, Maryland",
      "Number of Slaves": 1854,
      "Number That Survived the Voyage": 1488
    },
    {
      "Vessel Name": "Bridgett (3 voyages)",
      "Slave Pick-up Point": "West Central Africa, St. Helena",
      "Destination": "Jamaica, Virginia",
      "Number of Slaves": 1017,
      "Number That Survived the Voyage": 908
    },
    {
      "Vessel Name": "Nightingale (6 voyages)",
      "Slave Pick-up Point": "Other Africa, Gold Coast",
      "Destination": "Jamaica",
      "Number of Slaves": 1628,
      "Number That Survived the Voyage": 1321
    },
    {
      "Vessel Name": "Bridget Gally (2 voyages)",
      "Slave Pick-up Point": "West Central Africa, St. Helena",
      "Destination": "Jamaica, Virginia",
      "Number of Slaves": 678,
      "Number That Survived the Voyage": 601
    },
    {
      "Vessel Name": "Dreadnought Gally (1 voyage)",
      "Slave Pick-up Point": "Bight of Biafra, Gulf of Guinea Islands",
      "Destination": "Jamaica",
      "Number of Slaves": 299,
      "Number That Survived the Voyage": 227
    }
  ]
}