{
  "table_title": "Filmography of an Actor",
  "columns": [
    {
      "column_name": "Year",
      "data_type": "integer | string",
      "description": "The year or range of years the actor was involved in a particular role."
    },
    {
      "column_name": "Title",
      "data_type": "string",
      "description": "The title of the film or television series in which the actor appeared."
    },
    {
      "column_name": "Role",
      "data_type": "string",
      "description": "The role or character that the actor played in the film or television series."
    },
    {
      "column_name": "Notes",
      "data_type": "string",
      "description": "Additional information about the actor's involvement in the film or television series, such as the number of episodes they appeared in or the type of role they had."
    }
  ],
  "first 5 rows": [
    {
      "Year": 2014,
      "Title": "Growing Up Fisher",
      "Role": "Jenny",
      "Notes": "Recurring role, 7 episodes"
    },
    {
      "Year": "2014-2017",
      "Title": "Dora and Friends: Into the City!",
      "Role": "Kate",
      "Notes": "Main voice role"
    },
    {
      "Year": "2014–2016",
      "Title": "100 Things to Do Before High School",
      "Role": "CJ Martin",
      "Notes": "Lead Role"
    },
    {
      "Year": 2015,
      "Title": "Splitting Adam",
      "Role": "Lori Collins",
      "Notes": "TV film"
    },
    {
      "Year": 2016,
      "Title": "Legends of the Hidden Temple",
      "Role": "Sadie",
      "Notes": "Television film"
    }
  ]
}