{
  "table_title": "Actor's Television Roles and Appearances",
  "columns": [
    {
      "column_name": "Year",
      "data_type": "integer | string",
      "description": "The year or range of years the actor appeared in the listed role or title."
    },
    {
      "column_name": "Title",
      "data_type": "string",
      "description": "The title of the television show or film in which the actor appeared."
    },
    {
      "column_name": "Role",
      "data_type": "string",
      "description": "The character or role portrayed by the actor in the given title."
    },
    {
      "column_name": "Notes",
      "data_type": "string",
      "description": "Additional information about the actor's role or appearance, such as the number of episodes, season numbers, or specific episode titles."
    }
  ],
  "first 5 rows": [
    {
      "Year": "2003–06",
      "Title": "What I Like About You",
      "Role": "Vince",
      "Notes": "Main role (seasons 2–4); 54 episodes"
    },
    {
      "Year": 2005,
      "Title": 1,
      "Role": "Himself",
      "Notes": "Episode: \"Somewhere a Clock Is Ticking\""
    },
    {
      "Year": 2005,
      "Title": "Everything You Want",
      "Role": "Quinn Andrews",
      "Notes": "Television film"
    },
    {
      "Year": 2007,
      "Title": "7th Heaven",
      "Role": "Dr. Jonathan Sanderson",
      "Notes": "Episodes: “Tit for Tat”, “Small Miracles”, “Nothing Says Lovin’ Like Something From the Oven”"
    },
    {
      "Year": 2009,
      "Title": "Cougar Town",
      "Role": "Josh",
      "Notes": "Recurring role (season 1); 5 episodes"
    }
  ]
}