{
  "table_title": "Television and Film Roles by Year",
  "columns": [
    {
      "column_name": "Year",
      "data_type": "integer | string",
      "description": "The year or season when the television show or film was released."
    },
    {
      "column_name": "Title",
      "data_type": "string",
      "description": "The title of the television show or film."
    },
    {
      "column_name": "Role",
      "data_type": "string",
      "description": "The name of the role played by the actor in the television show or film."
    },
    {
      "column_name": "Notes",
      "data_type": "string",
      "description": "Additional information about the television show or film, such as the episode name or format."
    }
  ],
  "first 5 rows": [
    {
      "Year": "1958-59",
      "Title": "Young Doctor Malone",
      "Role": "Jill Malone",
      "Notes": "tv series"
    },
    {
      "Year": 1959,
      "Title": "The Art Carney Special",
      "Role": "Emily Webb",
      "Notes": "Our Town"
    },
    {
      "Year": 1960,
      "Title": "Startime",
      "Role": "rachel",
      "Notes": "\"Jeff McCleod, the Last Reb\""
    },
    {
      "Year": 1961,
      "Title": "Way Out",
      "Role": "Bonnie Draco",
      "Notes": "Dissolve to Black"
    },
    {
      "Year": 1961,
      "Title": "Armstrong Circle Theatre",
      "Role": "Anna Halber",
      "Notes": "A Chapter on Tyranny: Dateline Berlin"
    }
  ]
}