{
  "table_title": "Snooker Championship Final Results",
  "columns": [
    {
      "column_name": "Outcome",
      "data_type": "string",
      "description": "The final result of the match for the player, either 'Winner' or 'Runner-up'."
    },
    {
      "column_name": "No.",
      "data_type": "float",
      "description": "The sequential number representing the player's order of participation in the championship finals."
    },
    {
      "column_name": "Year",
      "data_type": "integer",
      "description": "The year in which the championship took place."
    },
    {
      "column_name": "Championship",
      "data_type": "string",
      "description": "The name of the snooker championship tournament."
    },
    {
      "column_name": "Opponent in the final",
      "data_type": "string",
      "description": "The name and nationality of the opponent player in the championship final."
    },
    {
      "column_name": "Score",
      "data_type": "string",
      "description": "The final score of the match, with the player's score listed first, followed by the opponent's score."
    }
  ],
  "first 5 rows": [
    {
      "Outcome": "Winner",
      "No.": 1,
      "Year": 2010,
      "Championship": "Ruhr Championship",
      "Opponent in the final": "England Shaun Murphy",
      "Score": "4–2"
    },
    {
      "Outcome": "Runner-up",
      "No.": 1,
      "Year": 2010,
      "Championship": "Prague Classic",
      "Opponent in the final": "England Michael Holt",
      "Score": "3–4"
    },
    {
      "Outcome": "Runner-up",
      "No.": 2,
      "Year": 2011,
      "Championship": "Players Tour Championship – Event 5",
      "Opponent in the final": "England Andrew Higginson",
      "Score": "1–4"
    },
    {
      "Outcome": "Winner",
      "No.": 2,
      "Year": 2012,
      "Championship": "Kay Suzanne Memorial Trophy",
      "Opponent in the final": "England Judd Trump",
      "Score": "4–2"
    },
    {
      "Outcome": "Runner-up",
      "No.": 3,
      "Year": 2012,
      "Championship": "Bulgarian Open",
      "Opponent in the final": "England Judd Trump",
      "Score": "0–4"
    }
  ]
}