{
  "table_title": "International Football Matches Results",
  "columns": [
    {
      "column_name": "#",
      "data_type": "float",
      "description": "A unique identifier of the football match."
    },
    {
      "column_name": "Date",
      "data_type": "date",
      "description": "The date on which the football match took place."
    },
    {
      "column_name": "Venue",
      "data_type": "string",
      "description": "The location where the football match was held."
    },
    {
      "column_name": "Opponent",
      "data_type": "string",
      "description": "The team against which the match was played."
    },
    {
      "column_name": "Score",
      "data_type": "string",
      "description": "The final score of the match."
    },
    {
      "column_name": "Result",
      "data_type": "string",
      "description": "The result of the match, usually in the format 'team's score - opponent's score'."
    },
    {
      "column_name": "Competition",
      "data_type": "string",
      "description": "The competition or tournament during which the match was played."
    }
  ],
  "first 5 rows": [
    {
      "#": 1,
      "Date": "5 February 2008",
      "Venue": "Nicosia, Cyprus",
      "Opponent": "Czech Republic",
      "Score": "1–0",
      "Result": "1–0",
      "Competition": "Friendly"
    },
    {
      "#": 2,
      "Date": "1 April 2009",
      "Venue": "Heraklion, Greece",
      "Opponent": "Israel",
      "Score": "1–0",
      "Result": "2–3",
      "Competition": "2010 FIFA World Cup qualifier"
    },
    {
      "#": 3,
      "Date": "18 November 2009",
      "Venue": "Donetsk, Ukraine",
      "Opponent": "Ukraine",
      "Score": "0–1",
      "Result": "0–1",
      "Competition": "2010 FIFA World Cup qualifier"
    },
    {
      "#": 4,
      "Date": "17 June 2010",
      "Venue": "Bloemfontein, South Africa",
      "Opponent": "Nigeria",
      "Score": "1–1",
      "Result": "2–1",
      "Competition": "2010 FIFA World Cup"
    },
    {
      "#": 5,
      "Date": "11 August 2010",
      "Venue": "Belgrade, Serbia",
      "Opponent": "Serbia",
      "Score": "0–1",
      "Result": "0–1",
      "Competition": "Friendly"
    }
  ]
}