{
  "table_title": "Video Game Release Information",
  "columns": [
    {
      "column_name": "Year",
      "data_type": "integer",
      "description": "The year the game was released."
    },
    {
      "column_name": "Game",
      "data_type": "string",
      "description": "The title of the video game."
    },
    {
      "column_name": "Genre",
      "data_type": "string",
      "description": "The genre or category of the game."
    },
    {
      "column_name": "Platform(s)",
      "data_type": "string",
      "description": "The platforms on which the game is available."
    },
    {
      "column_name": "Developer(s)",
      "data_type": "string",
      "description": "The company or companies that developed the game."
    }
  ],
  "first 5 rows": [
    {
      "Year": 2007,
      "Game": "BioShock",
      "Genre": "First-Person Shooter",
      "Platform(s)": "Microsoft Windows, Xbox 360",
      "Developer(s)": "Irrational Games"
    },
    {
      "Year": 2008,
      "Game": "Left 4 Dead",
      "Genre": "first-person shooter",
      "Platform(s)": "Microsoft Windows, Xbox 360",
      "Developer(s)": "Valve Corporation"
    },
    {
      "Year": 2009,
      "Game": "Uncharted 2: Among Thieves",
      "Genre": "Action-adventure",
      "Platform(s)": "PS3",
      "Developer(s)": "Naughty Dog"
    },
    {
      "Year": 2010,
      "Game": "Super Mario Galaxy 2",
      "Genre": "Platform",
      "Platform(s)": "Wii",
      "Developer(s)": "Nintendo EAD"
    },
    {
      "Year": 2011,
      "Game": "Portal 2",
      "Genre": "Puzzle-Platform",
      "Platform(s)": "Microsoft Windows, PlayStation 3, Xbox 360",
      "Developer(s)": "Valve Corporation"
    }
  ]
}