{
  "table_title": "TV Show Appearances",
  "columns": [
    {
      "column_name": "Year",
      "data_type": "integer",
      "description": "The year the TV show episode was aired."
    },
    {
      "column_name": "Title",
      "data_type": "string",
      "description": "The title of the TV show."
    },
    {
      "column_name": "Role",
      "data_type": "string",
      "description": "The role played by a person in the TV show episode."
    },
    {
      "column_name": "Notes",
      "data_type": "string",
      "description": "Additional information about the TV show episode."
    }
  ],
  "first 5 rows": [
    {
      "Year": 2008,
      "Title": "Chocolate News",
      "Role": "Southern belle",
      "Notes": "Episode: \"#1.1\""
    },
    {
      "Year": 2009,
      "Title": "The League",
      "Role": "Tiffany",
      "Notes": "Episode: \"Episode: The Draft\""
    },
    {
      "Year": 2009,
      "Title": "Accidentally on Purpose",
      "Role": "Elf Girl",
      "Notes": "Episode: \"It happened one Christmas\""
    },
    {
      "Year": 2010,
      "Title": "It's Always Sunny in Philadelphia",
      "Role": "Penelope the Stewardess",
      "Notes": "Episode \"The Gang Gets Stranded in the Woods\""
    },
    {
      "Year": 2010,
      "Title": "iCarly",
      "Role": "Warrior Princess",
      "Notes": "Episode: \"iStart a Fan War\""
    }
  ]
}