{
  "table_title": "1988 Motorsport Championship Results",
  "columns": [
    {
      "column_name": "Season",
      "data_type": "integer",
      "description": "The year when the championship took place."
    },
    {
      "column_name": "Series",
      "data_type": "string",
      "description": "The name of the motorsport championship series."
    },
    {
      "column_name": "Position",
      "data_type": "string",
      "description": "The final standing or rank of the team in the championship."
    },
    {
      "column_name": "Car",
      "data_type": "string",
      "description": "The model of the car used by the team in the championship."
    },
    {
      "column_name": "Team",
      "data_type": "string",
      "description": "The name of the team that participated in the championship."
    }
  ],
  "first 5 rows": [
    {
      "Season": 1988,
      "Series": "Australian Touring Car Championship",
      "Position": "20th",
      "Car": "BMW M3",
      "Team": "Mobil 1 Racing"
    },
    {
      "Season": 1988,
      "Series": "James Hardie Building Products AMSCAR Series",
      "Position": "6th",
      "Car": "BMW M3",
      "Team": "Mobil 1 Racing"
    },
    {
      "Season": 1988,
      "Series": "Asia-Pacific Touring Car Championship",
      "Position": "8th",
      "Car": "BMW M3",
      "Team": "mobil 1 racing"
    },
    {
      "Season": 1989,
      "Series": "Australian Drivers' Championship",
      "Position": "3rd",
      "Car": "Ralt RT20 Holden",
      "Team": "Boylan Racing"
    },
    {
      "Season": 1990,
      "Series": "Australian Drivers' Championship",
      "Position": "4th",
      "Car": "Ralt RT20 Holden",
      "Team": "Boylan Racing"
    }
  ]
}