{
  "table_title": "Music Album Releases",
  "columns": [
    {
      "column_name": "Title",
      "data_type": "string",
      "description": "This column represents the title of the music album."
    },
    {
      "column_name": "Format",
      "data_type": "string",
      "description": "This column indicates the format in which the music album was released, such as CD or 12-inch single."
    },
    {
      "column_name": "Label",
      "data_type": "string",
      "description": "This column represents the record label that released the music album."
    },
    {
      "column_name": "Year",
      "data_type": "integer",
      "description": "This column indicates the year when the music album was released."
    }
  ],
  "first 5 rows": [
    {
      "Title": "Oxygen Seeds",
      "Format": "10-inch Single",
      "Label": "Regal Recordings",
      "Year": 2002
    },
    {
      "Title": "Rock Music Pays Off",
      "Format": "CD,12-inch Single",
      "Label": "Regal Recordings",
      "Year": 2002
    },
    {
      "Title": "Capital Rocka",
      "Format": "CD,12-inch Single",
      "Label": "Regal Recordings",
      "Year": 2002
    },
    {
      "Title": "IronStylings",
      "Format": "CD, 2xLP, Album",
      "Label": "Regal Recordings",
      "Year": 2002
    },
    {
      "Title": "Kimchi45",
      "Format": "12-inch Single",
      "Label": "Regal Recordings",
      "Year": 2003
    }
  ]
}