{
  "table_title": "Television Show Host History",
  "columns": [
    {
      "column_name": "Year",
      "data_type": "integer | string",
      "description": "The year or years the individual served in the role, potentially presented as a range."
    },
    {
      "column_name": "Title",
      "data_type": "string",
      "description": "The title of the television show."
    },
    {
      "column_name": "Role",
      "data_type": "string",
      "description": "The specific role the individual held on the television show, such as host or co-host."
    },
    {
      "column_name": "Network",
      "data_type": "string",
      "description": "The television network that aired the show."
    },
    {
      "column_name": "Notes",
      "data_type": "string",
      "description": "Additional information or context about the individual's role or tenure on the show."
    }
  ],
  "first 5 rows": [
    {
      "Year": "2002/03",
      "Title": "What's up YO!",
      "Role": "Co-host",
      "Network": "Mnet",
      "Notes": "Alongside MC Mong"
    },
    {
      "Year": "2005–18",
      "Title": "Infinite Challenge",
      "Role": "Co-host",
      "Network": "MBC",
      "Notes": "Dec 2005 - Mar 2008 Mar 2010 - Mar 2018"
    },
    {
      "Year": "2006-08",
      "Title": "Music Bank",
      "Role": "Host",
      "Network": "KBS2",
      "Notes": "Left in February 2008 to serve his national service"
    },
    {
      "Year": "2007-08",
      "Title": "Happy Shares Company",
      "Role": "Co-host",
      "Network": "KBS 2",
      "Notes": "Left in February 2008 to serve his national service"
    },
    {
      "Year": 2010,
      "Title": "HahaMong Show",
      "Role": "co-host",
      "Network": "SBS",
      "Notes": "Alongside MC Mong"
    }
  ]
}