{
  "table_title": "Basketball Player Performance in Various Tournaments",
  "columns": [
    {
      "column_name": "Tournament",
      "data_type": "string",
      "description": "The name of the basketball tournament."
    },
    {
      "column_name": "Points per game",
      "data_type": "float | integer",
      "description": "The average number of points scored by the player per game in the specified tournament."
    },
    {
      "column_name": "Rebounds per game",
      "data_type": "float",
      "description": "The average number of rebounds secured by the player per game in the specified tournament."
    },
    {
      "column_name": "Assists per game",
      "data_type": "float | integer",
      "description": "The average number of assists made by the player per game in the specified tournament."
    }
  ],
  "first 5 rows": [
    {
      "Tournament": "2007 U19 World Cup",
      "Points per game": 14.9,
      "Rebounds per game": 2.8,
      "Assists per game": 4.6
    },
    {
      "Tournament": "2007 FIBA Ociania",
      "Points per game": 10.3,
      "Rebounds per game": 1.7,
      "Assists per game": 1.3
    },
    {
      "Tournament": "2008 FIBA Diamond Ball",
      "Points per game": 5.3,
      "Rebounds per game": 0.7,
      "Assists per game": 0.3
    },
    {
      "Tournament": "2008 Olympic Games",
      "Points per game": 14.2,
      "Rebounds per game": 2.2,
      "Assists per game": -2
    },
    {
      "Tournament": "2010 FIBA World Cup",
      "Points per game": 13.8,
      "Rebounds per game": 1.7,
      "Assists per game": 4.2
    }
  ]
}