{
  "table_title": "Television Series Roles",
  "columns": [
    {
      "column_name": "Year",
      "data_type": "integer | string",
      "description": "The year or range of years the television series was aired."
    },
    {
      "column_name": "Title",
      "data_type": "string",
      "description": "The title of the television series."
    },
    {
      "column_name": "Role",
      "data_type": "string",
      "description": "The name of the role played in the television series."
    },
    {
      "column_name": "Notes",
      "data_type": "string",
      "description": "Additional information about the role, such as the number of episodes and the status of the role (e.g., series regular, lead)."
    }
  ],
  "first 5 rows": [
    {
      "Year": "2011-2012",
      "Title": "Boss",
      "Role": "Emma Kane",
      "Notes": "Series regular, 18 episodes"
    },
    {
      "Year": "2013-2014",
      "Title": "Betrayal",
      "Role": "Sara Hanley",
      "Notes": "Series Lead, 13 Episodes"
    },
    {
      "Year": 2018,
      "Title": "The First",
      "Role": "Sadie Hewitt",
      "Notes": "series regular, 8 episodes"
    },
    {
      "Year": "2011–2012",
      "Title": "Boss",
      "Role": "Emma Kane",
      "Notes": "Series regular, 18 episodes"
    },
    {
      "Year": "2013–2014",
      "Title": "Betrayal",
      "Role": "Sara Hanley",
      "Notes": "Series lead, 13 episodes"
    }
  ]
}