{
  "table_title": "Swimming Event Performance Records",
  "columns": [
    {
      "column_name": "No.",
      "data_type": "integer",
      "description": "A unique integer identifier for each row in the table."
    },
    {
      "column_name": "Event",
      "data_type": "string",
      "description": "The name of the swimming event, which is represented as a string."
    },
    {
      "column_name": "Time",
      "data_type": "float",
      "description": "The time recorded for the swimming event, represented as a float in seconds."
    },
    {
      "column_name": "Date",
      "data_type": "date",
      "description": "The date on which the swimming event took place, represented in the 'Day Month Year' format."
    },
    {
      "column_name": "Meet",
      "data_type": "string",
      "description": "The name of the meet or competition where the event took place, represented as a string."
    },
    {
      "column_name": "Location",
      "data_type": "string",
      "description": "The location or venue where the swimming event took place, represented as a string."
    },
    {
      "column_name": "Age",
      "data_type": "integer",
      "description": "The age of the swimmer at the time of the event, represented as an integer."
    }
  ],
  "first 5 rows": [
    {
      "No.": 1,
      "Event": "100 m butterfly",
      "Time": 56.44,
      "Date": "26 July 2009",
      "Meet": "World Championships",
      "Location": "Rome, Italy",
      "Age": 15
    },
    {
      "No.": 2,
      "Event": "100 m butterfly (2)",
      "Time": 56.06,
      "Date": "27 July 2009",
      "Meet": "World Championships",
      "Location": "Rome, Italy",
      "Age": 15
    },
    {
      "No.": 3,
      "Event": "50 m butterfly",
      "Time": 24.43,
      "Date": "5 July 2014",
      "Meet": "Swedish Championships",
      "Location": "Borås, Sweden",
      "Age": 20
    },
    {
      "No.": 4,
      "Event": "100 m butterfly (3)",
      "Time": 57.74,
      "Date": "2 August 2015",
      "Meet": "World Championships",
      "Location": "Kazan, Russia",
      "Age": 21
    },
    {
      "No.": 5,
      "Event": "100 m butterfly (4)",
      "Time": 50.64,
      "Date": "3 August 2015",
      "Meet": "World Championships",
      "Location": "Kazan, Russia",
      "Age": 21
    }
  ]
}