{
  "table_title": "Filmography of a Performer",
  "columns": [
    {
      "column_name": "Year",
      "data_type": "integer | string",
      "description": "The year or range of years when the performer played the role."
    },
    {
      "column_name": "Title",
      "data_type": "string",
      "description": "The title of the film or television show in which the performer appeared."
    },
    {
      "column_name": "Role",
      "data_type": "string",
      "description": "The name of the character or role played by the performer."
    },
    {
      "column_name": "Notes",
      "data_type": "string",
      "description": "Additional information about the role or performance, such as specific episodes or the nature of the role (e.g., recurring)."
    }
  ],
  "first 5 rows": [
    {
      "Year": 2004,
      "Title": "Strong Medicine",
      "Role": "Nurse Juni",
      "Notes": "\"Omissions\""
    },
    {
      "Year": "2007-2009",
      "Title": "The L Word",
      "Role": "Eva 'Papi' Torres",
      "Notes": "Recurring role"
    },
    {
      "Year": 2008,
      "Title": "My Boys",
      "Role": "Terri",
      "Notes": "\"The Transitioning\""
    },
    {
      "Year": 2008,
      "Title": "Factory",
      "Role": "Laura",
      "Notes": "tv Series"
    },
    {
      "Year": 2008,
      "Title": "Stargate Atlantis",
      "Role": "SGT. 'Dusty' Mehra",
      "Notes": "\"Whispers\""
    }
  ]
}