{
  "table_title": "World Championship H.O.R.S.E. Event Results",
  "columns": [
    {
      "column_name": "Year",
      "data_type": "integer",
      "description": "The year in which the event took place."
    },
    {
      "column_name": "Event name",
      "data_type": "string",
      "description": "The name of the poker event."
    },
    {
      "column_name": "Winner",
      "data_type": "string",
      "description": "The winner of the event, including their nationality and name."
    },
    {
      "column_name": "Prize (US$)",
      "data_type": "string",
      "description": "The total prize money won by the winner, in US dollars."
    },
    {
      "column_name": "Runner-up",
      "data_type": "string",
      "description": "The runner-up of the event, including their nationality and name."
    }
  ],
  "first 5 rows": [
    {
      "Year": 2006,
      "Event name": "$50,000 H.O.R.S.E.",
      "Winner": "US Chip Reese",
      "Prize (US$)": "$1,716,000",
      "Runner-up": "United States Andy Bloch"
    },
    {
      "Year": 2007,
      "Event name": "$50,000 World Championship HORSE",
      "Winner": "United States Freddy Deeb",
      "Prize (US$)": "$2,276,832",
      "Runner-up": "France Bruno Fitoussi"
    },
    {
      "Year": 2008,
      "Event name": "$50,000 World Championship H.O.R.S.E.",
      "Winner": "United States Scotty Nguyen",
      "Prize (US$)": "$1,989,120",
      "Runner-up": "United States Michael DeMichele"
    },
    {
      "Year": 2009,
      "Event name": "$50,000 World Championship H.O.R.S.E.",
      "Winner": "United States David Bach",
      "Prize (US$)": "1,276,802 USD",
      "Runner-up": "United States John Hanson"
    },
    {
      "Year": 2010,
      "Event name": "$50,000 The Poker Players Championship",
      "Winner": "United States Michael Mizrachi",
      "Prize (US$)": "$1,559,046",
      "Runner-up": "Russia Vladimir Shchemelev"
    }
  ]
}