{
  "table_title": "Filmography",
  "columns": [
    {
      "column_name": "Year",
      "data_type": "integer | string",
      "description": "The year or range of years the role was performed."
    },
    {
      "column_name": "Title",
      "data_type": "string",
      "description": "The title of the film, series, or show."
    },
    {
      "column_name": "Role",
      "data_type": "string",
      "description": "The character or role played by the actor."
    },
    {
      "column_name": "Notes",
      "data_type": "string",
      "description": "Additional information about the role, such as the number of episodes or specific episodes featured in."
    }
  ],
  "first 5 rows": [
    {
      "Year": "1990-2008",
      "Title": "The Bill",
      "Role": "Various Characters",
      "Notes": "Five episodes"
    },
    {
      "Year": 1996,
      "Title": "Gulliver's Travels",
      "Role": "Yahoo",
      "Notes": "Mini-series"
    },
    {
      "Year": 2009,
      "Title": "Merlin",
      "Role": "Asgerd",
      "Notes": "Episode: 'The Last Dragonlord'"
    },
    {
      "Year": 2012,
      "Title": "Alcatraz",
      "Role": "Warden Edwin James",
      "Notes": "13 episodes"
    },
    {
      "Year": 2013,
      "Title": "Once Upon a Time in Wonderland",
      "Role": "Dr. Lydgate",
      "Notes": "2 Episodes"
    }
  ]
}