{
  "table_title": "Historical Record of Awards and Nominations",
  "columns": [
    {
      "column_name": "Year",
      "data_type": "integer",
      "description": "The year when the award or nomination took place."
    },
    {
      "column_name": "Award",
      "data_type": "string",
      "description": "The name of the award or the organization that presented the award."
    },
    {
      "column_name": "Category",
      "data_type": "string",
      "description": "The specific category of the award or nomination."
    },
    {
      "column_name": "Nominated work",
      "data_type": "string",
      "description": "The work (such as a film or play) for which the award or nomination was given."
    },
    {
      "column_name": "Result",
      "data_type": "string",
      "description": "The outcome of the award or nomination, typically 'Won' or 'Nominated'."
    }
  ],
  "first 5 rows": [
    {
      "Year": 1991,
      "Award": "Australian Theatre Critics award",
      "Category": "Best Newcomer",
      "Nominated work": "Various",
      "Result": "Won"
    },
    {
      "Year": 1992,
      "Award": "Stockholm International Film Festival",
      "Category": "Best Actress",
      "Nominated work": "Romper Stomper",
      "Result": "won"
    },
    {
      "Year": 1992,
      "Award": "Film Critics Circle of Australia",
      "Category": "Best Actress, Film",
      "Nominated work": "Romper Stomper",
      "Result": "Won"
    },
    {
      "Year": 1993,
      "Award": "Australian Film Institute Award",
      "Category": "Best Actress, Film",
      "Nominated work": "This Won't Hurt a Bit",
      "Result": "Nominated"
    },
    {
      "Year": 1993,
      "Award": "Australian Film Institute Award",
      "Category": "Best Actress, Television",
      "Nominated work": "Stark!",
      "Result": "nominated"
    }
  ]
}