{
  "table_title": "Filmography",
  "columns": [
    {
      "column_name": "Year",
      "data_type": "integer",
      "description": "The year in which the film was released."
    },
    {
      "column_name": "Film",
      "data_type": "string",
      "description": "The title of the film."
    },
    {
      "column_name": "Role",
      "data_type": "string",
      "description": "The role played by the actor in the film."
    }
  ],
  "first 5 rows": [
    {
      "Year": 1961,
      "Film": "Flame in the Streets",
      "Role": "uncredited"
    },
    {
      "Year": 1972,
      "Film": "Henry VIII and His 6 Wives",
      "Role": "Norris"
    },
    {
      "Year": 1973,
      "Film": "The Creeping Flesh",
      "Role": "Young Doctor"
    },
    {
      "Year": 1974,
      "Film": "Son of Dracula",
      "Role": "chauffeur"
    },
    {
      "Year": 1975,
      "Film": "Legend of the Werewolf",
      "Role": "Boulon"
    }
  ]
}