{
  "table_title": "Casualties in Jews and Arabs Conflict",
  "columns": [
    {
      "column_name": "-",
      "data_type": "string",
      "description": "This column represents the demographic group involved in the conflict, such as Jews or Arabs."
    },
    {
      "column_name": "Deaths",
      "data_type": "integer | string",
      "description": "This column indicates the number of deaths in the conflict for each demographic group. The data can be an exact count (integer) or an estimated range (string)."
    },
    {
      "column_name": "Injuries",
      "data_type": "string",
      "description": "This column represents the number of injuries sustained in the conflict for each demographic group. The data is typically presented as a range."
    }
  ],
  "first 5 rows": [
    {
      "-": "Jews",
      "Deaths": 133,
      "Injuries": "198–241"
    },
    {
      "-": "Arabs",
      "Deaths": "116+ (possibly higher)",
      "Injuries": "232-plus (possibly higher)"
    },
    {
      "-": "Arabs",
      "Deaths": "116+ (possibly higher)",
      "Injuries": "232+ (possibly higher)"
    },
    {
      "-": "Robots",
      "Deaths": -5,
      "Injuries": "100+ (possibly higher)"
    },
    {
      "-": "Aliens",
      "Deaths": 212,
      "Injuries": 0
    }
  ]
}