{
  "table_title": "Band Album Releases",
  "columns": [
    {
      "column_name": "Year",
      "data_type": "integer",
      "description": "The year the album was released."
    },
    {
      "column_name": "Title",
      "data_type": "string",
      "description": "The title of the album."
    },
    {
      "column_name": "Band",
      "data_type": "string",
      "description": "The name of the band that released the album."
    }
  ],
  "first 5 rows": [
    {
      "Year": 1993,
      "Title": "A Sorcery Written in Blood",
      "Band": "gorgoroth"
    },
    {
      "Year": 1994,
      "Title": "Promo 94",
      "Band": "Gorgoroth"
    },
    {
      "Year": 1994,
      "Title": "Pentagram",
      "Band": "Gorgoroth"
    },
    {
      "Year": 1996,
      "Title": "Antichrist",
      "Band": "Gorgoroth"
    },
    {
      "Year": 1996,
      "Title": "The Last Tormentor",
      "Band": "Gorgoroth"
    }
  ]
}