{
  "table_title": "Film Awards and Results by Year",
  "columns": [
    {
      "column_name": "Year",
      "data_type": "integer",
      "description": "The year in which the award was given."
    },
    {
      "column_name": "Award",
      "data_type": "string",
      "description": "The name of the award that was given."
    },
    {
      "column_name": "Category",
      "data_type": "string",
      "description": "The category of the award, such as 'Best Actor'."
    },
    {
      "column_name": "Film",
      "data_type": "string",
      "description": "The film for which the award was given."
    },
    {
      "column_name": "Result",
      "data_type": "string",
      "description": "The result of the award nomination, such as 'Won' or 'Nominated'."
    }
  ],
  "first 5 rows": [
    {
      "Year": 2002,
      "Award": "ardalion award",
      "Category": "Best Actor",
      "Film": "Demons",
      "Result": "Won"
    },
    {
      "Year": 2003,
      "Award": "Ardalion Award",
      "Category": "Best Actor",
      "Film": "Elephants in Belgrade",
      "Result": "won"
    },
    {
      "Year": 2004,
      "Award": "Apollon Prize",
      "Category": "Best Actor",
      "Film": "Life Is a Miracle",
      "Result": "Won"
    },
    {
      "Year": 2005,
      "Award": "Miloš Žutić Award",
      "Category": "Best actor in a play",
      "Film": "Okamenjeni princ",
      "Result": "Won"
    },
    {
      "Year": 2005,
      "Award": "Zoran Radmilović Award",
      "Category": "Best Actor in a Play",
      "Film": "Okamenjeni princ",
      "Result": "nominated"
    }
  ]
}