{
  "table_title": "Acting Roles and Performances",
  "columns": [
    {
      "column_name": "Year",
      "data_type": "integer",
      "description": "The year the role was performed or the performance took place."
    },
    {
      "column_name": "Title",
      "data_type": "string",
      "description": "The title of the play, movie, or production in which the role was performed."
    },
    {
      "column_name": "Role",
      "data_type": "string",
      "description": "The name of the role performed by the actor."
    },
    {
      "column_name": "Notes",
      "data_type": "string",
      "description": "Additional information or notes about the performance or role, such as changes in casting or the type of production."
    }
  ],
  "first 5 rows": [
    {
      "Year": 2004,
      "Title": "A Man of God",
      "Role": "sarah",
      "Notes": "Stage debut"
    },
    {
      "Year": 2014,
      "Title": "Do You Trust Your Best Friend",
      "Role": "Olivia",
      "Notes": "Originally scheduled to play Apr."
    },
    {
      "Year": 2016,
      "Title": "For All My Girls",
      "Role": "Candice",
      "Notes": "musical"
    },
    {
      "Year": 2004,
      "Title": "A Man of God",
      "Role": "Sarah",
      "Notes": "Stage debut"
    },
    {
      "Year": 2014,
      "Title": "Do You Trust Your Best Friend",
      "Role": "Olivia",
      "Notes": "Originally scheduled to play April"
    }
  ]
}