{
  "table_title": "Track and Field Event Records",
  "columns": [
    {
      "column_name": "Event",
      "data_type": "string",
      "description": "This column represents the specific track and field event."
    },
    {
      "column_name": "Time (seconds)",
      "data_type": "float",
      "description": "This column indicates the time taken to complete the event, measured in seconds."
    },
    {
      "column_name": "Venue",
      "data_type": "string",
      "description": "This column identifies the location where the event took place."
    },
    {
      "column_name": "Date",
      "data_type": "string",
      "description": "This column shows the date on which the event was held."
    }
  ],
  "first 5 rows": [
    {
      "Event": "100 meters",
      "Time (seconds)": 10.85,
      "Venue": "Austin, TX",
      "Date": "04/03/2004"
    },
    {
      "Event": "200 m",
      "Time (seconds)": 21.76,
      "Venue": "Austin, Texas",
      "Date": "May 14, 2004"
    },
    {
      "Event": "100 meters",
      "Time (seconds)": 9.5,
      "Venue": "Austin, Texas",
      "Date": "April 3, 2004"
    },
    {
      "Event": "200 meters",
      "Time (seconds)": 21.76,
      "Venue": "Austin, Texas",
      "Date": "May 14, 2004"
    },
    {
      "Event": "Marathon",
      "Time (seconds)": 3600,
      "Venue": "Austin, Texas",
      "Date": "June 10, 2004"
    }
  ]
}