{
  "table_title": "Television Roles and Appearances",
  "columns": [
    {
      "column_name": "Year",
      "data_type": "integer | string",
      "description": "The year in which the television show aired."
    },
    {
      "column_name": "Title",
      "data_type": "string",
      "description": "The title of the television show."
    },
    {
      "column_name": "Role",
      "data_type": "string",
      "description": "The character played by the actor in the television show."
    },
    {
      "column_name": "Notes",
      "data_type": "string",
      "description": "Additional information about the actor's role in the show, such as the number of episodes they appeared in."
    }
  ],
  "first 5 rows": [
    {
      "Year": 1988,
      "Title": "The Rainbow",
      "Role": "Margaret",
      "Notes": "2 episodes"
    },
    {
      "Year": 1990,
      "Title": "The Bill",
      "Role": "Marie Summers",
      "Notes": "2 episodes"
    },
    {
      "Year": 1994,
      "Title": "Martin Chuzzlewit",
      "Role": "Charity Pecksniff",
      "Notes": "Regular role, 6 episodes"
    },
    {
      "Year": "1994-2007",
      "Title": "The Vicar of Dibley",
      "Role": "Alice Tinker",
      "Notes": "Series regular, twenty-four episodes"
    },
    {
      "Year": 1995,
      "Title": "The Wind in the Willows",
      "Role": "Jailer's daughter",
      "Notes": "Film, voice"
    }
  ]
}