{
  "table_title": "Acting Roles and Productions",
  "columns": [
    {
      "column_name": "Year",
      "data_type": "integer | string",
      "description": "The year the role was performed, which can be represented as an integer or string."
    },
    {
      "column_name": "Title",
      "data_type": "string",
      "description": "The title of the production in which the role was performed."
    },
    {
      "column_name": "Role",
      "data_type": "string",
      "description": "The specific role that was played in the production."
    },
    {
      "column_name": "Notes",
      "data_type": "string",
      "description": "Additional information about the role or production, such as the episode name or number of episodes."
    }
  ],
  "first 5 rows": [
    {
      "Year": 1998,
      "Title": "Father Ted",
      "Role": "Patsy",
      "Notes": "Episode: \"Night of the nearly dead\""
    },
    {
      "Year": 1999,
      "Title": "DDU: District Detective Unit",
      "Role": "Emma Pearson",
      "Notes": "Two episodes"
    },
    {
      "Year": 1999,
      "Title": "Oliver Twist",
      "Role": "Irish Shop Assistant",
      "Notes": "Mini-series"
    },
    {
      "Year": "1999–2000",
      "Title": "Queer as Folk",
      "Role": "Marie Threepwood",
      "Notes": "3 episodes"
    },
    {
      "Year": 2000,
      "Title": "The Fitz",
      "Role": "Rita",
      "Notes": "Episode: \"Dirty Book Deal\""
    }
  ]
}