{
  "table_title": "Voice Acting Roles in Video Games",
  "columns": [
    {
      "column_name": "Year",
      "data_type": "integer",
      "description": "The year in which the video game was released."
    },
    {
      "column_name": "Title",
      "data_type": "string",
      "description": "The title of the video game in which the voice acting role was performed."
    },
    {
      "column_name": "Role",
      "data_type": "string",
      "description": "The character or characters that the voice actor portrayed in the video game."
    },
    {
      "column_name": "Notes",
      "data_type": "string",
      "description": "Additional information about the role, such as the type of performance (e.g., voice acting)."
    }
  ],
  "first 5 rows": [
    {
      "Year": 1993,
      "Title": "Quest for Glory: Shadows of Darkness",
      "Role": "narrator",
      "Notes": "Voice"
    },
    {
      "Year": 1994,
      "Title": "Wing Commander III: Heart of the Tiger",
      "Role": "Gen. James 'Paladin' Taggart / Prince Thrakhath nar Kiranka",
      "Notes": "Voice"
    },
    {
      "Year": 1996,
      "Title": "Wing Commander IV: The Price of Freedom",
      "Role": "Senator James 'Paladin' Taggart",
      "Notes": "voice"
    },
    {
      "Year": 1996,
      "Title": "Ripper",
      "Role": "Vigo Haman",
      "Notes": "Actor"
    },
    {
      "Year": 1998,
      "Title": "Dune 2000",
      "Role": "Noree Moneo",
      "Notes": "actor"
    }
  ]
}