{
  "table_title": "Film Awards and Results",
  "columns": [
    {
      "column_name": "Year",
      "data_type": "integer",
      "description": "The year in which the award ceremony took place."
    },
    {
      "column_name": "Award",
      "data_type": "string",
      "description": "The name of the award or film festival."
    },
    {
      "column_name": "Category",
      "data_type": "string",
      "description": "The specific category of the award, such as 'Best Actor'."
    },
    {
      "column_name": "Work",
      "data_type": "string",
      "description": "The title of the film or work for which the award was given."
    },
    {
      "column_name": "Result",
      "data_type": "string",
      "description": "The outcome of the nomination, typically 'Won' or 'Nominated'."
    }
  ],
  "first 5 rows": [
    {
      "Year": 2018,
      "Award": "Brussels short film festival",
      "Category": "Best Actor",
      "Work": "Make Aliens Dance",
      "Result": "Won"
    },
    {
      "Year": 2018,
      "Award": "Eindhoven Film Festival",
      "Category": "Best Actor",
      "Work": "make aliens dance",
      "Result": "Won"
    },
    {
      "Year": 2019,
      "Award": "Hyperwave Film Awards",
      "Category": "Best actor",
      "Work": "Make Aliens Dance",
      "Result": "Won"
    },
    {
      "Year": 2018,
      "Award": "Brussels Short Film Festival",
      "Category": "Best Actor",
      "Work": "Make Aliens Dance",
      "Result": "Won"
    },
    {
      "Year": 2018,
      "Award": "Eindhoven Film Festival",
      "Category": "Best Actor",
      "Work": "Make Aliens Dance",
      "Result": "Won"
    }
  ]
}