{
  "table_title": "Cycling Competition Rankings",
  "columns": [
    {
      "column_name": "Rank",
      "data_type": "integer",
      "description": "The current ranking position of the cyclist."
    },
    {
      "column_name": "Prev.",
      "data_type": "integer",
      "description": "The previous ranking position of the cyclist."
    },
    {
      "column_name": "Name",
      "data_type": "string",
      "description": "The full name and nationality of the cyclist."
    },
    {
      "column_name": "Team",
      "data_type": "string",
      "description": "The team to which the cyclist belongs."
    },
    {
      "column_name": "Points",
      "data_type": "integer",
      "description": "The total points earned by the cyclist in the competition."
    }
  ],
  "first 5 rows": [
    {
      "Rank": 1,
      "Prev.": 4,
      "Name": "Chris Froome (GBR)",
      "Team": "team sky",
      "Points": 587
    },
    {
      "Rank": 2,
      "Prev.": 2,
      "Name": "Peter Sagan (SVK)",
      "Team": "Cannondale",
      "Points": 409
    },
    {
      "Rank": 3,
      "Prev.": 8,
      "Name": "Joaquim Rodríguez (ESP)",
      "Team": "Team Katusha",
      "Points": 390
    },
    {
      "Rank": 4,
      "Prev.": 13,
      "Name": "Nairo Quintana (COL)",
      "Team": "Movistar Team",
      "Points": 366
    },
    {
      "Rank": 5,
      "Prev.": 1,
      "Name": "Fabian Cancellara (SUI)",
      "Team": "radioshack–leopard",
      "Points": 351
    }
  ]
}