{
  "table_title": "Actor's Television Roles by Year",
  "columns": [
    {
      "column_name": "Year",
      "data_type": "integer",
      "description": "The year in which the actor played the given role on television."
    },
    {
      "column_name": "Title",
      "data_type": "string",
      "description": "The title of the television show in which the actor appeared."
    },
    {
      "column_name": "Role",
      "data_type": "string",
      "description": "The name of the character that the actor portrayed in the television show."
    },
    {
      "column_name": "Notes",
      "data_type": "string",
      "description": "Additional details about the actor's role in the show, including the type of role (guest, recurring, etc.) and specific episodes in which the actor appeared."
    }
  ],
  "first 5 rows": [
    {
      "Year": 2014,
      "Title": "Agents of Shield",
      "Role": "Seth Dormer",
      "Notes": "Guest; episode: \"Seeds\""
    },
    {
      "Year": 2014,
      "Title": "REVENGE",
      "Role": "Gideon LeMarchal",
      "Notes": "Recurring; episodes: \"Execution\", \"Renaissance\", \"Disclosure\""
    },
    {
      "Year": 2016,
      "Title": "Fear the Walking Dead",
      "Role": "Jack",
      "Notes": "Recurring; episodes: \"Monster\", \"Blood in the Streets\", \"Captive\""
    },
    {
      "Year": 2016,
      "Title": "The Deleted",
      "Role": "Logan",
      "Notes": "recurring"
    },
    {
      "Year": 2017,
      "Title": "Dimension 404",
      "Role": "Zach",
      "Notes": "Episode: \"Cinethrax\""
    }
  ]
}