{
  "table_title": "Actor's Television Appearance History",
  "columns": [
    {
      "column_name": "Year",
      "data_type": "integer | string",
      "description": "The year the actor made an appearance in a particular television show, can be represented either as a string or an integer."
    },
    {
      "column_name": "Title",
      "data_type": "string",
      "description": "The title of the television show in which the actor made an appearance."
    },
    {
      "column_name": "Role",
      "data_type": "string",
      "description": "The role or character that the actor played in the television show."
    },
    {
      "column_name": "Notes",
      "data_type": "string",
      "description": "Additional information about the actor's appearance, such as the season or specific episode."
    }
  ],
  "first 5 rows": [
    {
      "Year": 2013,
      "Title": "american idol",
      "Role": "Himself",
      "Notes": "Contestant (season 12)"
    },
    {
      "Year": 2014,
      "Title": "Chicago P.D.",
      "Role": "Nate Hansen",
      "Notes": "Episode: \"Get My Cigarettes\""
    },
    {
      "Year": 2015,
      "Title": "Shameless",
      "Role": "17 Year Old Boy",
      "Notes": "Episode: \"I'm the Liver\""
    },
    {
      "Year": "2015–2017",
      "Title": "Bunk'd",
      "Role": "Xander",
      "Notes": "Main role (Seasons 1–2)"
    },
    {
      "Year": 2016,
      "Title": "Adventures in Babysitting",
      "Role": "Zac Chase",
      "Notes": "Disney Channel Original movie"
    }
  ]
}