{
  "table_title": "World War II Ship Casualties",
  "columns": [
    {
      "column_name": "Date",
      "data_type": "date",
      "description": "The date when the ship was attacked or had its fate determined, presented in a day-month-year format."
    },
    {
      "column_name": "Name",
      "data_type": "string",
      "description": "The name of the ship that was involved in the incident."
    },
    {
      "column_name": "Nationality",
      "data_type": "string",
      "description": "The nationality or the country that the ship belongs to."
    },
    {
      "column_name": "Tonnage (GRT)",
      "data_type": "integer | string",
      "description": "The ship's gross register tonnage (GRT), a measure of the ship's overall internal volume."
    },
    {
      "column_name": "Fate",
      "data_type": "string",
      "description": "The fate of the ship after the incident, typically indicating whether the ship was sunk, damaged, or survived."
    }
  ],
  "first 5 rows": [
    {
      "Date": "21 May 1942",
      "Name": "Montenol",
      "Nationality": "UK",
      "Tonnage (GRT)": 2646,
      "Fate": "Sunk"
    },
    {
      "Date": "21 May 1942",
      "Name": "New Brunswick",
      "Nationality": "United Kingdom",
      "Tonnage (GRT)": 6529,
      "Fate": "sunk"
    },
    {
      "Date": "2 June 1942",
      "Name": "Illinois",
      "Nationality": "US",
      "Tonnage (GRT)": 5447,
      "Fate": "Sunk"
    },
    {
      "Date": "5/6/1942",
      "Name": "Paracury",
      "Nationality": "Brazil",
      "Tonnage (GRT)": 265,
      "Fate": "Damaged"
    },
    {
      "Date": "5 June 1942",
      "Name": "Sally",
      "Nationality": "Honduras",
      "Tonnage (GRT)": 150,
      "Fate": "Sunk"
    }
  ]
}