{
  "table_title": "Television Appearances",
  "columns": [
    {
      "column_name": "Year",
      "data_type": "integer",
      "description": "The year of the television appearance."
    },
    {
      "column_name": "Title",
      "data_type": "string",
      "description": "The title of the television program."
    },
    {
      "column_name": "Role",
      "data_type": "string",
      "description": "The role played by the individual in the television program."
    },
    {
      "column_name": "Network",
      "data_type": "string",
      "description": "The network that broadcasted the television program."
    }
  ],
  "first 5 rows": [
    {
      "Year": 2014,
      "Title": "Indonesian Idol Season 8",
      "Role": "Herself - contestant",
      "Network": "RCTI"
    },
    {
      "Year": 2014,
      "Title": "Rising Star Indonesia",
      "Role": "Herself - Contestant",
      "Network": "RCTI"
    },
    {
      "Year": 2017,
      "Title": "Hijab Traveler",
      "Role": "Herself - Host",
      "Network": "TransTV"
    },
    {
      "Year": 2014,
      "Title": "Indonesian Idol Season 8",
      "Role": "Herself - Contestant",
      "Network": "RCTI"
    },
    {
      "Year": 2017,
      "Title": "\"Hijab Traveler\"",
      "Role": "Herself - Judge",
      "Network": "Trans TV"
    }
  ]
}