{
  "table_title": "Historical College Football Bowl Game Results",
  "columns": [
    {
      "column_name": "Year",
      "data_type": "integer",
      "description": "The year in which the bowl game took place."
    },
    {
      "column_name": "Coach",
      "data_type": "string",
      "description": "The name of the coach for the team during the specified year."
    },
    {
      "column_name": "Bowl",
      "data_type": "string",
      "description": "The name of the bowl game."
    },
    {
      "column_name": "Opponent",
      "data_type": "string",
      "description": "The name of the opposing team in the bowl game."
    },
    {
      "column_name": "Result",
      "data_type": "string",
      "description": "The result of the bowl game, indicating whether the team won (W), lost (L), or tied (T), followed by the score."
    }
  ],
  "first 5 rows": [
    {
      "Year": 1920,
      "Coach": "Andy Smith",
      "Bowl": "Rose",
      "Opponent": "Ohio State",
      "Result": "W 28–0"
    },
    {
      "Year": 1921,
      "Coach": "Andy Smith",
      "Bowl": "Rose",
      "Opponent": "Washington & Jefferson",
      "Result": "T 0–0"
    },
    {
      "Year": 1928,
      "Coach": "Nibs Price",
      "Bowl": "Rose",
      "Opponent": "Georgia Tech",
      "Result": "L 7‘8"
    },
    {
      "Year": 1937,
      "Coach": "Stub Allison",
      "Bowl": "Rose",
      "Opponent": "Alabama",
      "Result": "W 13–0"
    },
    {
      "Year": 1948,
      "Coach": "Pappy Waldorf",
      "Bowl": "Rose",
      "Opponent": "Northwestern",
      "Result": "L 14–20"
    }
  ]
}