{
  "table_title": "Historical Japanese Daimyos and Their Details",
  "columns": [
    {
      "column_name": "#",
      "data_type": "integer",
      "description": "Unique identifier for each Daimyo."
    },
    {
      "column_name": "Name",
      "data_type": "string",
      "description": "The name of the Daimyo, including their Japanese characters."
    },
    {
      "column_name": "Tenure",
      "data_type": "string",
      "description": "The period of time during which the Daimyo held their position, expressed in years."
    },
    {
      "column_name": "Courtesy title",
      "data_type": "string",
      "description": "The courtesy title of the Daimyo, including their Japanese characters."
    },
    {
      "column_name": "Court Rank",
      "data_type": "string",
      "description": "The rank of the Daimyo within the court, including their Japanese characters."
    },
    {
      "column_name": "revenues",
      "data_type": "string",
      "description": "The amount of revenue the Daimyo had, expressed in koku (a unit of volume in Japan)."
    }
  ],
  "first 5 rows": [
    {
      "#": 1,
      "Name": "Tozawa Masamori (戸沢政盛)",
      "Tenure": "1622–1648",
      "Courtesy title": "Ukyo-no-suke (右京亮)",
      "Court Rank": "Lower 5th (従五位下)",
      "revenues": "60,000 koku"
    },
    {
      "#": 2,
      "Name": "Tozawa Masanobu (戸沢正誠)",
      "Tenure": "1650–1710",
      "Courtesy title": "Kozuke-no-suke (上総介)",
      "Court Rank": "Lower 5th (従五位下)",
      "revenues": "68,200 koku"
    },
    {
      "#": 3,
      "Name": "Tozawa Masatsune (戸沢正庸)",
      "Tenure": "1710–1737",
      "Courtesy title": "Kozuke-no-suke (上総介)",
      "Court Rank": "Lower 5th (従五位下)",
      "revenues": "68,200 koku"
    },
    {
      "#": 4,
      "Name": "Tozawa Masakatsu (戸沢正勝)",
      "Tenure": "1737–1745",
      "Courtesy title": "Kozuke-no-suke (上総介)",
      "Court Rank": "Lower 5th (従五位下)",
      "revenues": "68,200 koku"
    },
    {
      "#": 5,
      "Name": "Tozawa Masanobu (戸沢正諶)",
      "Tenure": "1745–1765",
      "Courtesy title": "Kozuke-no-suke (上総介)",
      "Court Rank": "Lower 5th (従五位下)",
      "revenues": "68,200 koku"
    }
  ]
}