{
  "table_title": "Filmography Details",
  "columns": [
    {
      "column_name": "Year",
      "data_type": "integer | string",
      "description": "The year or range of years the actor performed the role, which can be a single integer year or a string indicating a range of years."
    },
    {
      "column_name": "Title",
      "data_type": "string",
      "description": "The title of the film or television series in which the actor performed."
    },
    {
      "column_name": "Role",
      "data_type": "string",
      "description": "The specific character or role played by the actor in the film or television series."
    },
    {
      "column_name": "Notes",
      "data_type": "string",
      "description": "Additional information about the actor's role, such as the number of episodes they appeared in or the season of the series."
    }
  ],
  "first 5 rows": [
    {
      "Year": 2003,
      "Title": "White Collar Blue",
      "Role": "Uniformed Cop",
      "Notes": "Season 2, episode 1"
    },
    {
      "Year": 2003,
      "Title": "White Collar Blue",
      "Role": "Constable Tom Saunders",
      "Notes": "two episodes"
    },
    {
      "Year": "2004-2008",
      "Title": "All Saints",
      "Role": "Jack Quade",
      "Notes": "Main cast (seasons 7-11)"
    },
    {
      "Year": 2004,
      "Title": "McLeod's Daughters",
      "Role": "Dylan Abbott",
      "Notes": "Ep: \"Fool for Love\""
    },
    {
      "Year": 2004,
      "Title": "Jessica",
      "Role": "Billy Simple",
      "Notes": "Miniseries"
    }
  ]
}