{
  "table_title": "Filmography Records",
  "columns": [
    {
      "column_name": "Year",
      "data_type": "integer | string",
      "description": "The year the TV show or movie was released or aired."
    },
    {
      "column_name": "Title",
      "data_type": "integer | string",
      "description": "The title of the TV show or movie."
    },
    {
      "column_name": "Role",
      "data_type": "string",
      "description": "The name of the character played by the actor in the TV show or movie."
    },
    {
      "column_name": "Notes",
      "data_type": "string",
      "description": "Additional information about the actor's appearance, such as the number of episodes or the title of the specific episode."
    }
  ],
  "first 5 rows": [
    {
      "Year": 1999,
      "Title": "Storm of the Century",
      "Role": "Pippa Hatcher",
      "Notes": "2 episodes"
    },
    {
      "Year": 1999,
      "Title": "JAG",
      "Role": "Rachel Sherkston",
      "Notes": "Episode: \"Shakedown\""
    },
    {
      "Year": 1999,
      "Title": "Judging Amy",
      "Role": "Marcy Noble",
      "Notes": "Episode: \"Presumed Innocent\""
    },
    {
      "Year": 1999,
      "Title": "Witness Protection",
      "Role": "Suzie Batton",
      "Notes": "TV film"
    },
    {
      "Year": 2000,
      "Title": "Providence",
      "Role": "Jessie",
      "Notes": "Episode: \"Taking a Chance on Love\""
    }
  ]
}