{
  "table_title": "World War II Ship Incidents",
  "columns": [
    {
      "column_name": "Date",
      "data_type": "date",
      "description": "The date of the incident involving the ship."
    },
    {
      "column_name": "Name",
      "data_type": "string",
      "description": "The name of the ship involved in the incident."
    },
    {
      "column_name": "Nationality",
      "data_type": "string",
      "description": "The nationality or country of origin of the ship."
    },
    {
      "column_name": "Tonnage",
      "data_type": "integer | string",
      "description": "The weight of the ship in tons."
    },
    {
      "column_name": "Fate",
      "data_type": "string",
      "description": "The outcome of the incident for the ship, such as 'Sunk' or 'Damaged'."
    }
  ],
  "first 5 rows": [
    {
      "Date": "30 October 1942",
      "Name": "Bullmouth",
      "Nationality": "United Kingdom",
      "Tonnage": 7519,
      "Fate": "Damaged"
    },
    {
      "Date": "30 October 1942",
      "Name": "Silverwillow",
      "Nationality": "United Kingdom",
      "Tonnage": 6373,
      "Fate": "Sunk"
    },
    {
      "Date": "9 March 1943",
      "Name": "Malantic",
      "Nationality": "United States",
      "Tonnage": 3837,
      "Fate": "Sunk"
    },
    {
      "Date": "9 March 1943",
      "Name": "Rosewood",
      "Nationality": "United Kingdom",
      "Tonnage": 5989,
      "Fate": "Sunk"
    },
    {
      "Date": "4 July 1943",
      "Name": "City of Venice",
      "Nationality": "United Kingdom",
      "Tonnage": 8762,
      "Fate": "Sunk"
    }
  ]
}