{
  "table_title": "Filmography Data",
  "columns": [
    {
      "column_name": "Year",
      "data_type": "integer | string",
      "description": "The year or range of years the film or television show was produced or aired."
    },
    {
      "column_name": "Title",
      "data_type": "string",
      "description": "The title of the film or television show."
    },
    {
      "column_name": "Role",
      "data_type": "string",
      "description": "The role or character played by the actor in the film or television show."
    },
    {
      "column_name": "Notes",
      "data_type": "string",
      "description": "Additional information about the film or television show, such as whether it was a TV movie or pilot movie."
    }
  ],
  "first 5 rows": [
    {
      "Year": 1973,
      "Title": "Sunshine",
      "Role": "Jill Hayden",
      "Notes": "both; TV movie"
    },
    {
      "Year": 1974,
      "Title": "Little House on the Prairie",
      "Role": "Carrie Ingalls",
      "Notes": "both; pilot movie"
    },
    {
      "Year": "1974-1982",
      "Title": "Little House on the Prairie",
      "Role": "Carrie Ingalls",
      "Notes": "both"
    },
    {
      "Year": 1978,
      "Title": "Little House on the Prairie",
      "Role": "Alyssa",
      "Notes": "both; episode 5.06 \"The Godsister\""
    },
    {
      "Year": 1979,
      "Title": "Little House Years",
      "Role": "Carrie Ingalls",
      "Notes": "Both; post-series TV Movie"
    }
  ]
}