{
  "table_title": "Track Listings of an Album",
  "columns": [
    {
      "column_name": "No.",
      "data_type": "float",
      "description": "A numerical field representing the track number in the album."
    },
    {
      "column_name": "Title",
      "data_type": "string",
      "description": "The title of the track in both English and Chinese characters."
    },
    {
      "column_name": "Singer(s)",
      "data_type": "string",
      "description": "The name of the singer or band performing the track, represented in both English and Chinese characters."
    },
    {
      "column_name": "Length",
      "data_type": "string",
      "description": "The duration of the track, represented in minutes and seconds (mm:ss format)."
    }
  ],
  "first 5 rows": [
    {
      "No.": 1,
      "Title": "\"Roll Your Eyes\" (翻白眼)",
      "Singer(s)": "831 八三夭",
      "Length": "3:15"
    },
    {
      "No.": 2,
      "Title": "\"Passing Smile\" (微笑帶過)",
      "Singer(s)": "Shi Shi 孫盛希",
      "Length": "4:23"
    },
    {
      "No.": 3,
      "Title": "Untitled (獨家振奮)",
      "Singer(s)": "Instrumental",
      "Length": "2 min 50 sec"
    },
    {
      "No.": 4,
      "Title": "Untitled (獨家浪漫)",
      "Singer(s)": "Instrumental",
      "Length": "2:39"
    },
    {
      "No.": 5,
      "Title": "Untitled (獨家夢幻)",
      "Singer(s)": "INSTRUMENTAL",
      "Length": "3:09"
    }
  ]
}