{
  "table_title": "Historical Performance of Scottish Football Teams",
  "columns": [
    {
      "column_name": "Team",
      "data_type": "string",
      "description": "The name of the Scottish football team."
    },
    {
      "column_name": "League",
      "data_type": "integer",
      "description": "The total number of league titles won by the team."
    },
    {
      "column_name": "Scottish Cup",
      "data_type": "integer",
      "description": "The total number of Scottish Cup titles won by the team."
    },
    {
      "column_name": "League Cup",
      "data_type": "integer",
      "description": "The total number of League Cup titles won by the team."
    },
    {
      "column_name": "Total",
      "data_type": "integer",
      "description": "The total number of all titles won by the team."
    }
  ],
  "first 5 rows": [
    {
      "Team": "Aberdeen",
      "League": 76,
      "Scottish Cup": 11,
      "League Cup": 9,
      "Total": 95
    },
    {
      "Team": "Draw",
      "League": 53,
      "Scottish Cup": 9,
      "League Cup": 5,
      "Total": 67
    },
    {
      "Team": "Dundee United",
      "League": 59,
      "Scottish Cup": 6,
      "League Cup": 11,
      "Total": 75
    },
    {
      "Team": "Totals",
      "League": 188,
      "Scottish Cup": 26,
      "League Cup": 25,
      "Total": 240
    },
    {
      "Team": "Aberdeen",
      "League": 76,
      "Scottish Cup": 11,
      "League Cup": 9,
      "Total": 96
    }
  ]
}