{
  "table_title": "Baseball Player Performance Statistics",
  "columns": [
    {
      "column_name": "Player",
      "data_type": "string",
      "description": "The name of the baseball player."
    },
    {
      "column_name": "G",
      "data_type": "integer",
      "description": "The total number of games the player has participated in."
    },
    {
      "column_name": "IP",
      "data_type": "float | integer",
      "description": "The total number of innings the player has pitched."
    },
    {
      "column_name": "W",
      "data_type": "integer",
      "description": "The total number of games the player has won."
    },
    {
      "column_name": "L",
      "data_type": "integer",
      "description": "The total number of games the player has lost."
    },
    {
      "column_name": "ERA",
      "data_type": "float",
      "description": "The player's earned run average, a measure of the number of runs a pitcher allows per nine innings pitched."
    },
    {
      "column_name": "SO",
      "data_type": "integer",
      "description": "The total number of strikeouts the player has achieved."
    }
  ],
  "first 5 rows": [
    {
      "Player": "Noodles Hahn",
      "G": 35,
      "IP": 297.2,
      "W": 16,
      "L": 18,
      "ERA": 2.06,
      "SO": 98
    },
    {
      "Player": "Jack Harper",
      "G": 34,
      "IP": 293.2,
      "W": 23,
      "L": 9,
      "ERA": 2.3,
      "SO": 125
    },
    {
      "Player": "Win Kellum",
      "G": 31,
      "IP": 224.2,
      "W": 15,
      "L": 10,
      "ERA": 2.6,
      "SO": 70
    },
    {
      "Player": "Tom Walker",
      "G": 24,
      "IP": 217,
      "W": 15,
      "L": 8,
      "ERA": 2.24,
      "SO": 64
    },
    {
      "Player": "Bob Ewing",
      "G": 26,
      "IP": 212,
      "W": 11,
      "L": 13,
      "ERA": 1.46,
      "SO": 99
    }
  ]
}