{
  "table_title": "Annual Cricket Performance and Earnings",
  "columns": [
    {
      "column_name": "Year",
      "data_type": "integer",
      "description": "This column represents the year of the cricket season."
    },
    {
      "column_name": "Wins",
      "data_type": "integer",
      "description": "This column indicates the number of matches won in a given year."
    },
    {
      "column_name": "Runs",
      "data_type": "integer",
      "description": "This column shows the total number of runs scored in a particular year."
    },
    {
      "column_name": "Strike Rate",
      "data_type": "integer",
      "description": "This column represents the average number of runs scored per 100 balls faced in a year."
    },
    {
      "column_name": "Total Earnings",
      "data_type": "string",
      "description": "This column displays the total earnings for the year in GBP (£), formatted as a string."
    }
  ],
  "first 5 rows": [
    {
      "Year": 1988,
      "Wins": 38,
      "Runs": 508,
      "Strike Rate": 7,
      "Total Earnings": "£160,598"
    },
    {
      "Year": 1989,
      "Wins": 70,
      "Runs": 581,
      "Strike Rate": 12,
      "Total Earnings": "£281,705"
    },
    {
      "Year": 1990,
      "Wins": 83,
      "Runs": 612,
      "Strike Rate": 14,
      "Total Earnings": "£487,295"
    },
    {
      "Year": 1991,
      "Wins": 66,
      "Runs": 576,
      "Strike Rate": 11,
      "Total Earnings": "£344,763"
    },
    {
      "Year": 1992,
      "Wins": 91,
      "Runs": 569,
      "Strike Rate": 16,
      "Total Earnings": "£388,874"
    }
  ]
}