{
  "table_title": "Music Album Releases",
  "columns": [
    {
      "column_name": "Year",
      "data_type": "integer",
      "description": "The year the music album was released."
    },
    {
      "column_name": "Title",
      "data_type": "string",
      "description": "The title of the music album."
    },
    {
      "column_name": "Record label",
      "data_type": "string",
      "description": "The record label that produced the music album."
    }
  ],
  "first 5 rows": [
    {
      "Year": 1997,
      "Title": "I Need Time",
      "Record label": "JSP Records"
    },
    {
      "Year": 1998,
      "Title": "Watch What You Say",
      "Record label": "rounder records"
    },
    {
      "Year": 2001,
      "Title": "Mr Domestic",
      "Record label": "Galexc Records"
    },
    {
      "Year": 2006,
      "Title": "Jr. Boy Live",
      "Record label": "43rd Big Idea Records"
    },
    {
      "Year": 2009,
      "Title": "Gettin' Real",
      "Record label": "Electro-Fi Records"
    }
  ]
}