{
  "table_title": "Irish Dáil Éireann Historical Data",
  "columns": [
    {
      "column_name": "Dáil",
      "data_type": "string",
      "description": "The ordinal number of each Dáil Éireann, the lower house of the Irish parliament."
    },
    {
      "column_name": "Election",
      "data_type": "integer | string",
      "description": "The year in which the election for the specified Dáil took place."
    },
    {
      "column_name": "TDs",
      "data_type": "integer",
      "description": "The number of Teachta Dála (TDs), or members of the Dáil, elected in the specified year."
    }
  ],
  "first 5 rows": [
    {
      "Dáil": "1st",
      "Election": 1918,
      "TDs": 105
    },
    {
      "Dáil": "2nd",
      "Election": 1921,
      "TDs": 180
    },
    {
      "Dáil": "3rd",
      "Election": 1922,
      "TDs": 128
    },
    {
      "Dáil": "4th",
      "Election": 1923,
      "TDs": 153
    },
    {
      "Dáil": "5th",
      "Election": "Jun. 1927",
      "TDs": 153
    }
  ]
}