{
  "table_title": "Football Player's Performance Statistics (2007-2011)",
  "columns": [
    {
      "column_name": "Season",
      "data_type": "string",
      "description": "The category of the player's performance statistics such as Receptions, Yards, and Touchdowns."
    },
    {
      "column_name": "2007",
      "data_type": "integer",
      "description": "The player's performance statistics for the 2007 season."
    },
    {
      "column_name": "2008",
      "data_type": "integer",
      "description": "The player's performance statistics for the 2008 season."
    },
    {
      "column_name": "2009",
      "data_type": "integer",
      "description": "The player's performance statistics for the 2009 season."
    },
    {
      "column_name": "2010",
      "data_type": "integer",
      "description": "The player's performance statistics for the 2010 season."
    },
    {
      "column_name": "2011",
      "data_type": "integer",
      "description": "The player's performance statistics for the 2011 season."
    }
  ],
  "first 5 rows": [
    {
      "Season": "receptions",
      "2007": 37,
      "2008": 57,
      "2009": 0,
      "2010": 5,
      "2011": 0
    },
    {
      "Season": "Yards",
      "2007": 576,
      "2008": 664,
      "2009": 0,
      "2010": 67,
      "2011": "0 yards"
    },
    {
      "Season": "Touchdowns",
      "2007": 3,
      "2008": 4,
      "2009": 0,
      "2010": 0,
      "2011": 0
    },
    {
      "Season": "Receptions",
      "2007": 37,
      "2008": 57,
      "2009": 0,
      "2010": 5,
      "2011": 95
    },
    {
      "Season": "Yards",
      "2007": 576,
      "2008": 664,
      "2009": 0,
      "2010": 67,
      "2011": 10000
    }
  ]
}