{
  "table_title": "Filmography Records",
  "columns": [
    {
      "column_name": "Year",
      "data_type": "integer | string",
      "description": "This column records the year in which the role was played. The data type can be either an integer or a string."
    },
    {
      "column_name": "Title",
      "data_type": "string",
      "description": "This column represents the title of the movie or TV series in which the role was played."
    },
    {
      "column_name": "Role",
      "data_type": "string",
      "description": "This column details the specific role played by the actor in the movie or TV series."
    },
    {
      "column_name": "Notes",
      "data_type": "string",
      "description": "This column contains additional notes about the role, such as the name of the episode for TV series roles."
    }
  ],
  "first 5 rows": [
    {
      "Year": 1993,
      "Title": "Homicide: Life on the Street",
      "Role": "Latoya Kennedy",
      "Notes": "\"A Dog and a Pony Show\""
    },
    {
      "Year": 1994,
      "Title": "All My Children",
      "Role": "Celia Wilson",
      "Notes": "tv series"
    },
    {
      "Year": 1994,
      "Title": "New York Undercover",
      "Role": "Suki",
      "Notes": "\"To Protect and Serve\""
    },
    {
      "Year": 1995,
      "Title": "Law & Order",
      "Role": "Denise Johnson",
      "Notes": "\"Purple Heart\""
    },
    {
      "Year": 1995,
      "Title": "Clarissa",
      "Role": "Porter Russell",
      "Notes": "tv film"
    }
  ]
}