{
  "table_title": "Best-Selling Music Albums and Their Certifications",
  "columns": [
    {
      "column_name": "Year",
      "data_type": "integer",
      "description": "The year the album was released."
    },
    {
      "column_name": "Artist",
      "data_type": "string",
      "description": "The name of the artist or band who released the album."
    },
    {
      "column_name": "Album",
      "data_type": "string",
      "description": "The title of the album."
    },
    {
      "column_name": "Label",
      "data_type": "string",
      "description": "The record label that published the album."
    },
    {
      "column_name": "Shipments (Sales)",
      "data_type": "string",
      "description": "The total number of album copies shipped or sold, represented as a string."
    },
    {
      "column_name": "Certification",
      "data_type": "string",
      "description": "The album's certification status, indicating the number of times it has achieved platinum status."
    }
  ],
  "first 5 rows": [
    {
      "Year": 1976,
      "Artist": "Eagles",
      "Album": "Their Greatest Hits (1971–1975)",
      "Label": "Asylum",
      "Shipments (Sales)": 38000000,
      "Certification": "37× Platinum"
    },
    {
      "Year": 1982,
      "Artist": "Michael Jackson",
      "Album": "Thriller",
      "Label": "Epic",
      "Shipments (Sales)": 33000000,
      "Certification": "34× Platinum"
    },
    {
      "Year": 1976,
      "Artist": "Eagles",
      "Album": "Hotel California",
      "Label": "Asylum",
      "Shipments (Sales)": 26000000,
      "Certification": "25× Platinum"
    },
    {
      "Year": 1971,
      "Artist": "Led Zeppelin",
      "Album": "Led Zeppelin IV",
      "Label": "Atlantic",
      "Shipments (Sales)": 23000000,
      "Certification": "24× Platinum"
    },
    {
      "Year": 1980,
      "Artist": "AC/DC",
      "Album": "Back in Black",
      "Label": "Atlantic",
      "Shipments (Sales)": 22000000,
      "Certification": "21× Platinum"
    }
  ]
}