{
  "table_title": "Filmography",
  "columns": [
    {
      "column_name": "Year",
      "data_type": "integer",
      "description": "The year the movie was released."
    },
    {
      "column_name": "Title",
      "data_type": "string",
      "description": "The title of the movie."
    },
    {
      "column_name": "Role",
      "data_type": "string",
      "description": "The role played by the actor in the movie."
    }
  ],
  "first 5 rows": [
    {
      "Year": 1992,
      "Title": "Patriot Games",
      "Role": "Inspector highland"
    },
    {
      "Year": 2003,
      "Title": "Master and Commander: The Far Side of the World",
      "Role": "Preserved Killick"
    },
    {
      "Year": 2006,
      "Title": "Alien Autopsy",
      "Role": "Jeffrey (film restorer)"
    },
    {
      "Year": 2007,
      "Title": "Hot Fuzz",
      "Role": "M. Blower"
    },
    {
      "Year": 2007,
      "Title": "Elizabeth: The Golden Age",
      "Role": "John Dee"
    }
  ]
}