{
  "table_title": "Details of Decommissioned Ships",
  "columns": [
    {
      "column_name": "Ship",
      "data_type": "string",
      "description": "The name of the ship."
    },
    {
      "column_name": "Pennant number",
      "data_type": "string",
      "description": "The unique identifying number of the ship."
    },
    {
      "column_name": "commissioned",
      "data_type": "integer",
      "description": "The year the ship was commissioned."
    },
    {
      "column_name": "Current Status",
      "data_type": "string",
      "description": "The current status of the ship including its new identity if it was sold."
    }
  ],
  "first 5 rows": [
    {
      "Ship": "Karel Doorman",
      "Pennant number": "F827",
      "commissioned": 1991,
      "Current Status": "sold to Belgium as Leopold I (F930) in 2005"
    },
    {
      "Ship": "Willem van der Zaan",
      "Pennant number": "F829",
      "commissioned": 1991,
      "Current Status": "sold to Belgium as Louise-Marie (F931) in 2005."
    },
    {
      "Ship": "Tjerk Hiddes",
      "Pennant number": "F830",
      "commissioned": 1991,
      "Current Status": "sold to Chile as Almirante Riveros (FF-18) in 2004"
    },
    {
      "Ship": "Van Amstel",
      "Pennant number": "F831",
      "commissioned": 1993,
      "Current Status": "In Service"
    },
    {
      "Ship": "Abraham van der Hulst",
      "Pennant number": "F832",
      "commissioned": 1993,
      "Current Status": "sold to Chile as Blanco Encalada (FF-15) in 2004"
    }
  ]
}