{
  "table_title": "Naval Vessel Incidents in 1939",
  "columns": [
    {
      "column_name": "Date",
      "data_type": "date",
      "description": "The date of the naval vessel incident."
    },
    {
      "column_name": "Name",
      "data_type": "string",
      "description": "The name of the naval vessel involved in the incident."
    },
    {
      "column_name": "Nationality",
      "data_type": "string",
      "description": "The nationality or affiliation of the naval vessel."
    },
    {
      "column_name": "Tonnage",
      "data_type": "integer | string",
      "description": "The weight of the naval vessel in tons."
    },
    {
      "column_name": "Fate",
      "data_type": "string",
      "description": "The outcome of the incident for the naval vessel, e.g., sunk, damaged."
    }
  ],
  "first 5 rows": [
    {
      "Date": "21 November 1939",
      "Name": "HMS Belfast",
      "Nationality": "Royal Navy",
      "Tonnage": 11500,
      "Fate": "Damaged (mine)"
    },
    {
      "Date": "12/1/1939",
      "Name": "Mercator",
      "Nationality": "Finland",
      "Tonnage": 4620,
      "Fate": "Sunk"
    },
    {
      "Date": "21 December 1939",
      "Name": "Carl Henckel",
      "Nationality": "Sweden",
      "Tonnage": 1352,
      "Fate": "sunk"
    },
    {
      "Date": "21 Dec 1939",
      "Name": "HMS Bayonet",
      "Nationality": "Royal Navy",
      "Tonnage": 605,
      "Fate": "Sunk (mine)"
    },
    {
      "Date": "21 December 1939",
      "Name": "Mars",
      "Nationality": "sweden",
      "Tonnage": 1475,
      "Fate": "Sunk"
    }
  ]
}