{
  "table_title": "Television Roles and Appearances",
  "columns": [
    {
      "column_name": "Year",
      "data_type": "integer | string",
      "description": "The year or range of years the role was played, which can be a single year (integer) or a range (string)."
    },
    {
      "column_name": "Title",
      "data_type": "string",
      "description": "The title of the television show or series where the role was played."
    },
    {
      "column_name": "Role",
      "data_type": "string",
      "description": "The character or role that was portrayed in the television show or series."
    },
    {
      "column_name": "Notes",
      "data_type": "string",
      "description": "Additional information about the role, such as the number of episodes appeared in or if it was a regular role or part of a miniseries."
    }
  ],
  "first 5 rows": [
    {
      "Year": 1995,
      "Title": "All My Children",
      "Role": "Anita Santos",
      "Notes": "1 episode"
    },
    {
      "Year": "1995-2001",
      "Title": "As the World Turns",
      "Role": "Nikki Munson",
      "Notes": "Regular role, 104 episodes"
    },
    {
      "Year": 1999,
      "Title": "The '60s",
      "Role": "Sarah Weinstock",
      "Notes": "Miniseries"
    },
    {
      "Year": 2007,
      "Title": "Mr. and Mrs. Smith",
      "Role": "Jane Smith",
      "Notes": "unAired pilot"
    },
    {
      "Year": "2008-2009",
      "Title": "Chuck",
      "Role": "Jill Roberts",
      "Notes": "4 ePiSoDeS"
    }
  ]
}