{
  "table_title": "Athletic Competition Results",
  "columns": [
    {
      "column_name": "Year",
      "data_type": "integer",
      "description": "The year in which the competition took place."
    },
    {
      "column_name": "Competition",
      "data_type": "string",
      "description": "The name of the athletic competition."
    },
    {
      "column_name": "Venue",
      "data_type": "string",
      "description": "The location where the competition was held."
    },
    {
      "column_name": "Position",
      "data_type": "string",
      "description": "The final ranking or position of the participant in the competition."
    },
    {
      "column_name": "Event",
      "data_type": "string",
      "description": "The specific event in the competition, such as 'Half marathon' or 'Marathon'."
    },
    {
      "column_name": "Notes",
      "data_type": "string",
      "description": "Additional notes about the event, such as the participant's completion time."
    }
  ],
  "first 5 rows": [
    {
      "Year": 2010,
      "Competition": "world half marathon championships",
      "Venue": "Nanning, China",
      "Position": "29th",
      "Event": "Half marathon",
      "Notes": "1 hr 14 min 56 sec"
    },
    {
      "Year": 2011,
      "Competition": "Asian Marathon Championships",
      "Venue": "Pattaya, Thailand",
      "Position": "1st",
      "Event": "marathon",
      "Notes": "2:44:10"
    },
    {
      "Year": 2010,
      "Competition": "World Half Marathon Championships",
      "Venue": "Nanning, China",
      "Position": "29th",
      "Event": "Half marathon",
      "Notes": "1:14:56"
    },
    {
      "Year": 2011,
      "Competition": "Asian Marathon Championships",
      "Venue": "Pattaya, Thailand",
      "Position": "1st",
      "Event": "Marathon",
      "Notes": "1:44:10"
    },
    {
      "Year": 2012,
      "Competition": "Olympic Games",
      "Venue": "London, UK",
      "Position": "1st",
      "Event": "100m sprint",
      "Notes": "8.5 seconds"
    }
  ]
}