{
  "table_title": "Specifications of Canon PowerShot SX Series Cameras",
  "columns": [
    {
      "column_name": "Type",
      "data_type": "string",
      "description": "This column represents the type of specification, such as pixels, focal range, or aperture range."
    },
    {
      "column_name": "PowerShot SX40 HS",
      "data_type": "float | string",
      "description": "This column provides the specific values for each specification type for the Canon PowerShot SX40 HS camera."
    },
    {
      "column_name": "PowerShot SX50 HS",
      "data_type": "float | string",
      "description": "This column provides the specific values for each specification type for the Canon PowerShot SX50 HS camera."
    },
    {
      "column_name": "PowerShot SX60 HS",
      "data_type": "float | string",
      "description": "This column provides the specific values for each specification type for the Canon PowerShot SX60 HS camera."
    }
  ],
  "first 5 rows": [
    {
      "Type": "Pixels",
      "PowerShot SX40 HS": "12.1 MP",
      "PowerShot SX50 HS": "12.1 MP",
      "PowerShot SX60 HS": "16.1 MegaPixels"
    },
    {
      "Type": "Focal range",
      "PowerShot SX40 HS": "35X 24 - 840 mm",
      "PowerShot SX50 HS": "(50X) 24 - 1200 mm",
      "PowerShot SX60 HS": "65X 21 - 1365 mm"
    },
    {
      "Type": "Aperture range",
      "PowerShot SX40 HS": "f/2.7-5.8",
      "PowerShot SX50 HS": "f/3.4 - f/6.5",
      "PowerShot SX60 HS": "f/3.4-f/6.5"
    },
    {
      "Type": "ISO range",
      "PowerShot SX40 HS": "100 - 3200",
      "PowerShot SX50 HS": "80 - 6400",
      "PowerShot SX60 HS": "100-6400"
    },
    {
      "Type": "LCD size",
      "PowerShot SX40 HS": 2.7,
      "PowerShot SX50 HS": 2.8,
      "PowerShot SX60 HS": 3
    }
  ]
}