{
  "table_title": "World War II Ship Casualties",
  "columns": [
    {
      "column_name": "Date",
      "data_type": "date",
      "description": "The date when the event related to the ship took place, formatted as day, month, and year."
    },
    {
      "column_name": "Name",
      "data_type": "string",
      "description": "The name of the ship that faced the event."
    },
    {
      "column_name": "Nationality",
      "data_type": "string",
      "description": "The nationality or country of origin of the ship."
    },
    {
      "column_name": "Tonnage",
      "data_type": "integer | string",
      "description": "The weight of the ship in tons, which can be represented as an integer or a string."
    },
    {
      "column_name": "Fate",
      "data_type": "string",
      "description": "The outcome or fate of the ship, such as whether it was sunk, damaged, etc."
    }
  ],
  "first 5 rows": [
    {
      "Date": "12 June 1941",
      "Name": "Silverpalm",
      "Nationality": "United Kingdom",
      "Tonnage": "6,373 tons",
      "Fate": "Sunk"
    },
    {
      "Date": "24/06/1941",
      "Name": "Vigrid",
      "Nationality": "Norway",
      "Tonnage": 4765,
      "Fate": "Sunk"
    },
    {
      "Date": "30 July 1943",
      "Name": "Shahristan",
      "Nationality": "UK",
      "Tonnage": 6935,
      "Fate": "Sunk"
    },
    {
      "Date": "30-07-1943",
      "Name": "Sitoebondo",
      "Nationality": "Netherlands",
      "Tonnage": 7049,
      "Fate": "Sunk"
    },
    {
      "Date": "7 January 1943",
      "Name": "HMT Jura",
      "Nationality": "Royal Navy",
      "Tonnage": "545 tons",
      "Fate": "Sunk"
    }
  ]
}