{
  "table_title": "Sternburg Beer Varieties",
  "columns": [
    {
      "column_name": "Introduced",
      "data_type": "integer",
      "description": "The year the beer variety was first introduced."
    },
    {
      "column_name": "Name",
      "data_type": "string",
      "description": "The name of the beer variety."
    },
    {
      "column_name": "Type",
      "data_type": "string",
      "description": "The type or style of the beer."
    },
    {
      "column_name": "Alcohol %",
      "data_type": "string",
      "description": "The alcohol content of the beer expressed as a percentage."
    },
    {
      "column_name": "Label",
      "data_type": "string",
      "description": "The color scheme or design of the beer's label."
    }
  ],
  "first 5 rows": [
    {
      "Introduced": 1992,
      "Name": "Sternburg Export",
      "Type": "Pilsner",
      "Alcohol %": "5.2%",
      "Label": "White and Red"
    },
    {
      "Introduced": 1992,
      "Name": "Sternburg Pilsner",
      "Type": "Pilsner",
      "Alcohol %": "4.9%",
      "Label": "Green"
    },
    {
      "Introduced": 1997,
      "Name": "Sternburg Schwarzbier",
      "Type": "Schwarzbier",
      "Alcohol %": "4.9%",
      "Label": "Black"
    },
    {
      "Introduced": 2002,
      "Name": "Sternburg Radler",
      "Type": "Radler",
      "Alcohol %": "2.6%",
      "Label": "Yellow"
    },
    {
      "Introduced": 2003,
      "Name": "Sternburg Diesel",
      "Type": "Diesel",
      "Alcohol %": "3.1%",
      "Label": "Brown"
    }
  ]
}