{
  "table_title": "Off-Broadway Productions and Roles",
  "columns": [
    {
      "column_name": "Year",
      "data_type": "integer",
      "description": "The year in which the off-Broadway production took place."
    },
    {
      "column_name": "Title",
      "data_type": "string",
      "description": "The title of the off-Broadway production."
    },
    {
      "column_name": "Role",
      "data_type": "string",
      "description": "The role played by an actor in the off-Broadway production."
    },
    {
      "column_name": "Notes",
      "data_type": "string",
      "description": "Additional notes about the production, typically indicating that it is an off-Broadway show."
    }
  ],
  "first 5 rows": [
    {
      "Year": 1992,
      "Title": "Young Playwrights Festival (1992)",
      "Role": "Jim (Mrs. Neuberger)",
      "Notes": "off-broadway"
    },
    {
      "Year": 1992,
      "Title": "Joined at the Head",
      "Role": "College Boy/Bill/Others",
      "Notes": "Off-Broadway"
    },
    {
      "Year": 1994,
      "Title": "The Day the Bronx Died",
      "Role": "Billy",
      "Notes": "Off-broadway"
    },
    {
      "Year": 1995,
      "Title": "The Tempest",
      "Role": "Adrian",
      "Notes": "OFF-BROADWAY"
    },
    {
      "Year": 1995,
      "Title": "The Tempest",
      "Role": "Adrian, Antonio (understudy), Ferdinand (understudy)",
      "Notes": "Broadway"
    }
  ]
}