{
  "table_title": "Filmography Details",
  "columns": [
    {
      "column_name": "Year",
      "data_type": "integer",
      "description": "The year in which the film, series, or show was released."
    },
    {
      "column_name": "Title",
      "data_type": "string",
      "description": "The title of the film, series, or show."
    },
    {
      "column_name": "Role",
      "data_type": "string",
      "description": "The role or character played by the actor in the film, series, or show."
    },
    {
      "column_name": "Notes",
      "data_type": "string",
      "description": "Additional information about the film, series, or show such as its format (e.g., miniseries, television film, short film) and specific episodes if applicable."
    }
  ],
  "first 5 rows": [
    {
      "Year": 1991,
      "Title": "Devices and Desires",
      "Role": "Young Alice Mair (Voice)",
      "Notes": "Mini-series; Episode 2"
    },
    {
      "Year": 1991,
      "Title": 1,
      "Role": "Barbe Lindell",
      "Notes": "Television Film"
    },
    {
      "Year": 1992,
      "Title": "Rachel's Dream",
      "Role": "Rachel",
      "Notes": "Short"
    },
    {
      "Year": 1993,
      "Title": "Anna Lee",
      "Role": "Thea Hahn",
      "Notes": "Pilot film: \"Headcase\""
    },
    {
      "Year": 1996,
      "Title": "Emma",
      "Role": "Emma Woodhouse",
      "Notes": "Television film"
    }
  ]
}