{
  "table_title": "Filmography Details",
  "columns": [
    {
      "column_name": "Year",
      "data_type": "integer | string",
      "description": "The year the film or episode was released or aired."
    },
    {
      "column_name": "Title",
      "data_type": "string",
      "description": "The title of the film or television show."
    },
    {
      "column_name": "Role",
      "data_type": "string",
      "description": "The character played by the actor in the film or episode."
    },
    {
      "column_name": "Notes",
      "data_type": "string",
      "description": "Additional information about the film, such as its format (short film, independent film) or specific episode details for TV shows."
    }
  ],
  "first 5 rows": [
    {
      "Year": 2004,
      "Title": "Save Virgil",
      "Role": "Kristi",
      "Notes": "Short Film"
    },
    {
      "Year": 2006,
      "Title": "Living the Dream",
      "Role": "School Girl",
      "Notes": "Independent film"
    },
    {
      "Year": 2009,
      "Title": "Wizards of Waverly Place",
      "Role": "Chelsa",
      "Notes": "Episode: \"Art Teacher\""
    },
    {
      "Year": 2009,
      "Title": "You",
      "Role": "Young Quincey",
      "Notes": "Independent Film"
    },
    {
      "Year": 2011,
      "Title": "Working Class",
      "Role": "Danielle",
      "Notes": "Episode: \"The Dance\""
    }
  ]
}