{
  "table_title": "Music Competition Results",
  "columns": [
    {
      "column_name": "Draw",
      "data_type": "integer",
      "description": "The sequence in which the artist performed in the competition."
    },
    {
      "column_name": "Artist",
      "data_type": "string",
      "description": "The name of the artist or group that performed the song."
    },
    {
      "column_name": "Song",
      "data_type": "string",
      "description": "The title of the song performed by the artist."
    },
    {
      "column_name": "Composer - Lyricist",
      "data_type": "string",
      "description": "The names of the individuals who composed and wrote the lyrics for the song."
    },
    {
      "column_name": "Points",
      "data_type": "integer",
      "description": "The total points awarded to the artist for their performance."
    },
    {
      "column_name": "Place",
      "data_type": "integer",
      "description": "The final ranking of the artist based on the points they received."
    }
  ],
  "first 5 rows": [
    {
      "Draw": 1,
      "Artist": "West Side Family",
      "Song": "\"Jehonë\"",
      "Composer - Lyricist": "Dr. Flori, Klodian Qafoku",
      "Points": 118,
      "Place": 3
    },
    {
      "Draw": 2,
      "Artist": "Soni Malaj",
      "Song": "\"Zona zero\"",
      "Composer - Lyricist": "Florian Mumajesi",
      "Points": 44,
      "Place": 16
    },
    {
      "Draw": 3,
      "Artist": "Juliana Pasha & Luiz Ejlli",
      "Song": "\"Nje jetë\"",
      "Composer - Lyricist": "Shpetim Saraçi, Turian Hyskaj",
      "Points": 119,
      "Place": 2
    },
    {
      "Draw": 4,
      "Artist": "Kujtim Prodani",
      "Song": "\"Nostalgji\"",
      "Composer - Lyricist": "Kujtim Prodani, Agim Doci",
      "Points": 24,
      "Place": 18
    },
    {
      "Draw": 5,
      "Artist": "Emi Bogdo",
      "Song": "\"Kur buzet henen e kafshojn\"",
      "Composer - Lyricist": "Emi Bogdo, Klodian Qafoku",
      "Points": 43,
      "Place": 17
    }
  ]
}