{
  "table_title": "Television Program Participation History",
  "columns": [
    {
      "column_name": "Year",
      "data_type": "integer | string",
      "description": "The year or range of years the person participated in the television program."
    },
    {
      "column_name": "Program",
      "data_type": "string",
      "description": "The name of the television program in which the person participated."
    },
    {
      "column_name": "Channel",
      "data_type": "string",
      "description": "The television channel that broadcasted the program."
    },
    {
      "column_name": "Role",
      "data_type": "string",
      "description": "The role the person played in the television program, such as Dancer or Model."
    }
  ],
  "first 5 rows": [
    {
      "Year": 2000,
      "Program": "Venga conmigo",
      "Channel": "Channel 13",
      "Role": "dancer"
    },
    {
      "Year": 2001,
      "Program": "Mekano",
      "Channel": "Mega",
      "Role": "Dancer"
    },
    {
      "Year": "2004-2005",
      "Program": "Noche de juegos",
      "Channel": "TVN",
      "Role": "Model"
    },
    {
      "Year": "2002–2007",
      "Program": "Rojo fama contrafama",
      "Channel": "TVN",
      "Role": "Contestant/Dancer"
    },
    {
      "Year": 2008,
      "Program": "Gente como tú",
      "Channel": "Chilevisión",
      "Role": "Dancer"
    }
  ]
}