{
  "table_title": "Television Appearances in the Late 1980s",
  "columns": [
    {
      "column_name": "Year",
      "data_type": "integer",
      "description": "The year of the television show episode in which the role was performed."
    },
    {
      "column_name": "Title",
      "data_type": "integer | string",
      "description": "The title of the television show in which the role was performed."
    },
    {
      "column_name": "Role",
      "data_type": "string",
      "description": "The name of the role performed in the television show episode."
    },
    {
      "column_name": "Notes",
      "data_type": "string",
      "description": "Additional information about the television show episode, usually including the episode title."
    }
  ],
  "first 5 rows": [
    {
      "Year": 1987,
      "Title": "The Facts of Life",
      "Role": "DIANA",
      "Notes": "Episode: \"The Greek Connection\""
    },
    {
      "Year": 1987,
      "Title": "The Cosby Show",
      "Role": "Veronica",
      "Notes": "Episode: \"The Shower\""
    },
    {
      "Year": 1988,
      "Title": "Amen",
      "Role": "Young Bride",
      "Notes": "Episode: \"Wedding Bell Blues\""
    },
    {
      "Year": 1990,
      "Title": "21 Jump Street",
      "Role": "DENISE PRICE",
      "Notes": "Episode: \"Change of Heart\""
    },
    {
      "Year": 1990,
      "Title": 227,
      "Role": "Leslie",
      "Notes": "Episode: \"Gone Fishing\""
    }
  ]
}