{
  "table_title": "Player Voting Results",
  "columns": [
    {
      "column_name": "Pos.",
      "data_type": "string",
      "description": "The position of the player in the voting results, represented as an ordinal string (e.g., '1st', '2nd', '3rd')."
    },
    {
      "column_name": "Player",
      "data_type": "string",
      "description": "The name of the player."
    },
    {
      "column_name": "Votes",
      "data_type": "integer",
      "description": "The total number of votes received by the player."
    }
  ],
  "first 5 rows": [
    {
      "Pos.": "1st",
      "Player": "Chris Judd",
      "Votes": 558
    },
    {
      "Pos.": "2nd",
      "Player": "Marc Murphy",
      "Votes": 451
    },
    {
      "Pos.": "3rd",
      "Player": "Bryce Gibbs",
      "Votes": "415 votes"
    },
    {
      "Pos.": "4th",
      "Player": "Brendan Fevola",
      "Votes": 390
    },
    {
      "Pos.": "5th",
      "Player": "Matthew Kreuzer",
      "Votes": 311
    }
  ]
}