{
  "table_title": "Filmography Details",
  "columns": [
    {
      "column_name": "Year",
      "data_type": "integer | string",
      "description": "The year or range of years when the film or show was released."
    },
    {
      "column_name": "Title",
      "data_type": "string",
      "description": "The title of the film or television show."
    },
    {
      "column_name": "Role",
      "data_type": "string",
      "description": "The character name or role played in the film or show."
    }
  ],
  "first 5 rows": [
    {
      "Year": "1980 to 1982",
      "Title": "Nobody's Perfect",
      "Role": "Sammy"
    },
    {
      "Year": 1987,
      "Title": "Tickets for the Titanic",
      "Role": "sean stebbings"
    },
    {
      "Year": 1988,
      "Title": "Tugs",
      "Role": 10
    },
    {
      "Year": 1989,
      "Title": "Birds of a Feather",
      "Role": "Garth Stubbs"
    },
    {
      "Year": "1990-1992",
      "Title": "Kappatoo",
      "Role": "Kappatoo/Simon Cashmere"
    }
  ]
}