{
  "table_title": "Soccer Match Records",
  "columns": [
    {
      "column_name": "No.",
      "data_type": "integer",
      "description": "A unique identifier for each match."
    },
    {
      "column_name": "Date",
      "data_type": "date",
      "description": "The date on which the match was played."
    },
    {
      "column_name": "Venue",
      "data_type": "string",
      "description": "The location or stadium where the match was held."
    },
    {
      "column_name": "Opponent",
      "data_type": "string",
      "description": "The team against which the match was played."
    },
    {
      "column_name": "Score",
      "data_type": "string",
      "description": "The final score of the match, in the format 'team score–opponent score'."
    },
    {
      "column_name": "Result",
      "data_type": "string",
      "description": "The result of the match, in the format 'team score–opponent score'."
    },
    {
      "column_name": "Competition",
      "data_type": "string",
      "description": "The competition or tournament in which the match was played."
    }
  ],
  "first 5 rows": [
    {
      "No.": 1,
      "Date": "3 June 2010",
      "Venue": "King Baudouin Stadium, Brussels, Belgium",
      "Opponent": "Mexico",
      "Score": "1–2",
      "Result": "1–2",
      "Competition": "Friendly"
    },
    {
      "No.": 2,
      "Date": "3 September 2010",
      "Venue": "A. Le Coq Arena, Tallinn, Estonia",
      "Opponent": "Estonia",
      "Score": "2–1",
      "Result": "2–1",
      "Competition": "UEFA Euro 2012 qualification"
    },
    {
      "No.": 3,
      "Date": "9 September 2014",
      "Venue": "Ullevaal Stadion, Oslo, Norway",
      "Opponent": "Norway",
      "Score": "2–0",
      "Result": "2–0",
      "Competition": "UEFA Euro 2016 qualification"
    },
    {
      "No.": 4,
      "Date": "2 July 2016",
      "Venue": "Nouveau Stade de Bordeaux, Bordeaux, France",
      "Opponent": "Germany",
      "Score": "1–1",
      "Result": "1–1 (5–4 p)",
      "Competition": "UEFA Euro 2016"
    },
    {
      "No.": 5,
      "Date": "28 March 2017",
      "Venue": "Amsterdam Arena, Amsterdam, Netherlands",
      "Opponent": "Netherlands",
      "Score": "2–1",
      "Result": "2–1",
      "Competition": "Friendly"
    }
  ]
}