{
  "table_title": "Film and Television Appearances",
  "columns": [
    {
      "column_name": "Year",
      "data_type": "integer",
      "description": "The year the film or television episode was released."
    },
    {
      "column_name": "Title",
      "data_type": "string",
      "description": "The title of the film or television show."
    },
    {
      "column_name": "Role",
      "data_type": "string",
      "description": "The character played by the actor in the film or television show."
    },
    {
      "column_name": "Notes",
      "data_type": "string",
      "description": "Additional information about the appearance, such as the specific episode of a television show."
    }
  ],
  "first 5 rows": [
    {
      "Year": 1998,
      "Title": "Law & Order (NBC)",
      "Role": "Tracy Teasdale",
      "Notes": "Episode: \"Bait\""
    },
    {
      "Year": 1979,
      "Title": "Night-Flowers",
      "Role": "Marcella",
      "Notes": "film"
    },
    {
      "Year": 1978,
      "Title": "Laverne & Shirley",
      "Role": "irma",
      "Notes": "Episode: \"The Quiz Show\""
    },
    {
      "Year": 1979,
      "Title": "Night-Flowers",
      "Role": "Marcella",
      "Notes": "Film"
    },
    {
      "Year": 2078,
      "Title": "Laverne & Shirley",
      "Role": "Irma",
      "Notes": "Episode: \"The Quiz Show\""
    }
  ]
}