{
  "table_title": "Historical Javanese Rulers and Their Reigns",
  "columns": [
    {
      "column_name": "Period of reign",
      "data_type": "string",
      "description": "This column represents the time period during which the ruler reigned, given in years."
    },
    {
      "column_name": "Personal name",
      "data_type": "string",
      "description": "This column provides the personal name of the ruler."
    },
    {
      "column_name": "Rakai (Javanese title)",
      "data_type": "string",
      "description": "This column indicates the ruler's title in Javanese, referred to as 'Rakai'."
    },
    {
      "column_name": "Abhiseka (stylised) name",
      "data_type": "string",
      "description": "This column presents the stylised name or ceremonial name given to the ruler at the time of their 'Abhiseka' or coronation."
    },
    {
      "column_name": "Mentioned in inscription",
      "data_type": "string",
      "description": "This column lists the inscriptions where the ruler is mentioned."
    },
    {
      "column_name": "Year",
      "data_type": "integer | string",
      "description": "This column records the specific year or range of years associated with the ruler, possibly related to significant events or milestones."
    }
  ],
  "first 5 rows": [
    {
      "Period of reign": "732‒760",
      "Personal name": "Sanjaya",
      "Rakai (Javanese title)": "Mataram",
      "Abhiseka (stylised) name": "–",
      "Mentioned in inscription": "Canggal",
      "Year": 732
    },
    {
      "Period of reign": "760‒780",
      "Personal name": "Pancapana",
      "Rakai (Javanese title)": "Panangkaran",
      "Abhiseka (stylised) name": "Dharmatungga?",
      "Mentioned in inscription": "Kalasan",
      "Year": 778
    },
    {
      "Period of reign": "780‒800",
      "Personal name": "Dharanindra",
      "Rakai (Javanese title)": "Panunggalan",
      "Abhiseka (stylised) name": "Sanggramadhananjaya –",
      "Mentioned in inscription": "Kelurak Ligor B",
      "Year": "782 c 787"
    },
    {
      "Period of reign": "800‒819",
      "Personal name": "Samaragrawira",
      "Rakai (Javanese title)": "Warak",
      "Abhiseka (stylised) name": "–",
      "Mentioned in inscription": "Nalanda",
      "Year": "c 860"
    },
    {
      "Period of reign": "819‒838",
      "Personal name": "Samaratungga",
      "Rakai (Javanese title)": "Garung",
      "Abhiseka (stylised) name": "–",
      "Mentioned in inscription": "Pengging Karangtengah",
      "Year": "819 824"
    }
  ]
}