{
  "table_title": "Shogi Match Records",
  "columns": [
    {
      "column_name": "No.",
      "data_type": "integer",
      "description": "A unique identifier for each match record."
    },
    {
      "column_name": "Block",
      "data_type": "string",
      "description": "The block or group in which the match was played."
    },
    {
      "column_name": "Sente",
      "data_type": "string",
      "description": "The player who made the first move in the match, along with their rank."
    },
    {
      "column_name": "Gote",
      "data_type": "string",
      "description": "The player who made the second move in the match, along with their rank."
    },
    {
      "column_name": "No. of moves",
      "data_type": "integer",
      "description": "The total number of moves made in the match."
    },
    {
      "column_name": "Date",
      "data_type": "string",
      "description": "The date on which the match was played."
    },
    {
      "column_name": "Guest Analyst",
      "data_type": "string",
      "description": "The professional player who analyzed the match, along with their rank."
    }
  ],
  "first 5 rows": [
    {
      "No.": 1,
      "Block": "B",
      "Sente": "Tadashi Ōishi 4d",
      "Gote": "Akira Inaba 5d",
      "No. of moves": 96,
      "Date": "2012-04-08",
      "Guest Analyst": "Takayuki Yamasaki 7d"
    },
    {
      "No.": 2,
      "Block": "A",
      "Sente": "Kōru Abe 4d",
      "Gote": "Mitsunori Makino 4d",
      "No. of moves": 167,
      "Date": "April 15, 2012",
      "Guest Analyst": "Osamu Nakamura 9 Dan"
    },
    {
      "No.": 3,
      "Block": "B",
      "Sente": "Shinya Satō 6d",
      "Gote": "Masayuki Toyoshima 7d",
      "No. of moves": 106,
      "Date": "April 22, 2012",
      "Guest Analyst": "Amahiko Satō 7 dan"
    },
    {
      "No.": 4,
      "Block": "B",
      "Sente": "Hiroshi Kobayashi 7d",
      "Gote": "Taichi Nakamura 6d",
      "No. of moves": 80,
      "Date": "04/29/2012",
      "Guest Analyst": "Eiji Iijima 7d"
    },
    {
      "No.": 5,
      "Block": "B",
      "Sente": "Sakio Chiba 6d",
      "Gote": "Daisuke Suzuki 8d",
      "No. of moves": 184,
      "Date": "May 6, 2012",
      "Guest Analyst": "Tadao Kitajima 6d"
    }
  ]
}