{
  "table_title": "Election Results for a Specific Candidate",
  "columns": [
    {
      "column_name": "Candidate",
      "data_type": "string",
      "description": "This column represents the name of the candidate or a voting option in the election."
    },
    {
      "column_name": "Votes",
      "data_type": "integer",
      "description": "This column shows the number of votes received by each candidate or voting option."
    },
    {
      "column_name": "%",
      "data_type": "float | integer",
      "description": "This column displays the percentage of total votes received by each candidate or voting option."
    }
  ],
  "first 5 rows": [
    {
      "Candidate": "Václav Klaus",
      "Votes": 327,
      "%": 95.89
    },
    {
      "Candidate": "Against",
      "Votes": 14,
      "%": 4.11
    },
    {
      "Candidate": "Total",
      "Votes": 341,
      "%": 99.5
    },
    {
      "Candidate": "Vaclav Klaus",
      "Votes": 327,
      "%": 95.89
    },
    {
      "Candidate": "against",
      "Votes": 15,
      "%": 4.11
    }
  ]
}