{
  "table_title": "Soccer Matches Record",
  "columns": [
    {
      "column_name": "#",
      "data_type": "float | integer",
      "description": "A numeric identifier for each soccer match."
    },
    {
      "column_name": "Date",
      "data_type": "date",
      "description": "The date when the soccer match took place."
    },
    {
      "column_name": "Venue",
      "data_type": "string",
      "description": "The location where the soccer match was held."
    },
    {
      "column_name": "Opponent",
      "data_type": "string",
      "description": "The team that was played against in the soccer match."
    },
    {
      "column_name": "Score",
      "data_type": "string",
      "description": "The final score of the soccer match, with the first number representing the team's score and the second number representing the opponent's score."
    },
    {
      "column_name": "Result",
      "data_type": "string",
      "description": "The result of the soccer match, with the first number representing the team's score and the second number representing the opponent's score."
    },
    {
      "column_name": "Competition",
      "data_type": "string",
      "description": "The name of the competition or tournament in which the soccer match was played."
    }
  ],
  "first 5 rows": [
    {
      "#": 1,
      "Date": "2012-02-29",
      "Venue": "Khujand, Tajikistan",
      "Opponent": "North Korea",
      "Score": "1–1",
      "Result": "1–1",
      "Competition": "2014 FIFA World Cup Qualification"
    },
    {
      "#": 2,
      "Date": "9 March 2012",
      "Venue": "Kathmandu, Nepal",
      "Opponent": "India",
      "Score": "1-0",
      "Result": "2–0",
      "Competition": "2012 AFC Challenge Cup"
    },
    {
      "#": 3,
      "Date": "14 August 2013",
      "Venue": "Khujand, Tajikistan",
      "Opponent": "India",
      "Score": "3–0",
      "Result": "3–0",
      "Competition": "friendly"
    },
    {
      "#": 4,
      "Date": "March 31, 2015",
      "Venue": "Dushanbe, Tajikistan",
      "Opponent": "Syria",
      "Score": "2–3",
      "Result": "2-3",
      "Competition": "Friendly"
    },
    {
      "#": 1,
      "Date": "29 February 2012",
      "Venue": "Khujand, Tajikistan",
      "Opponent": "North Korea",
      "Score": "1–1",
      "Result": "1–1",
      "Competition": "2014 FIFA World Cup qualification"
    }
  ]
}