{
  "table_title": "Eurovision Song Contest Performance Details",
  "columns": [
    {
      "column_name": "Year",
      "data_type": "integer",
      "description": "The year in which the Eurovision Song Contest was held."
    },
    {
      "column_name": "Country",
      "data_type": "string",
      "description": "The country that the performer represented in the contest."
    },
    {
      "column_name": "Video",
      "data_type": "string",
      "description": "The title of the song performed in the contest."
    },
    {
      "column_name": "Performer",
      "data_type": "string",
      "description": "The name of the artist or group who performed the song."
    },
    {
      "column_name": "Points",
      "data_type": "integer",
      "description": "The total number of points awarded to the performance by the contest's judges."
    },
    {
      "column_name": "Host city",
      "data_type": "string",
      "description": "The city and country where the Eurovision Song Contest was held in that year."
    }
  ],
  "first 5 rows": [
    {
      "Year": 2003,
      "Country": "France",
      "Video": "\"Fan\"",
      "Performer": "Pascal Obispo",
      "Points": 122,
      "Host city": "Turkey Istanbul"
    },
    {
      "Year": 2004,
      "Country": "Portugal",
      "Video": "\"Cavaleiro Monge\"",
      "Performer": "Mariza",
      "Points": 128,
      "Host city": "France Fontainebleau"
    },
    {
      "Year": 2005,
      "Country": "Ukraine",
      "Video": "\"I Will Forget You\"",
      "Performer": "Svetlana Loboda",
      "Points": 171,
      "Host city": "Portugal Lisbon"
    },
    {
      "Year": 2006,
      "Country": "Italy",
      "Video": "\"Contromano\"",
      "Performer": "Nek",
      "Points": 106,
      "Host city": "Turkey Izmir"
    },
    {
      "Year": 2007,
      "Country": "Russia",
      "Video": "\"LML\"",
      "Performer": "Via Gra",
      "Points": 203,
      "Host city": "Italy Florence"
    }
  ]
}