{
  "table_title": "Properties of Seaborgium (Sg) Isotopes",
  "columns": [
    {
      "column_name": "Isotope",
      "data_type": "string",
      "description": "The name of the isotope, represented as a string combining the atomic number and the chemical symbol of the element."
    },
    {
      "column_name": "Half-life",
      "data_type": "string",
      "description": "The half-life of the isotope, presented as a string in terms of time units. This represents the time it takes for half of the isotope to decay."
    },
    {
      "column_name": "Decay mode",
      "data_type": "string",
      "description": "The mode of decay of the isotope, represented as a string. This could include alpha decay (α) or spontaneous fission (SF)."
    },
    {
      "column_name": "Discovery year",
      "data_type": "integer",
      "description": "The year in which the isotope was first discovered, represented as an integer."
    },
    {
      "column_name": "Reaction",
      "data_type": "string",
      "description": "The nuclear reaction used to produce the isotope, represented as a string combining the reactants and products."
    }
  ],
  "first 5 rows": [
    {
      "Isotope": "258Sg",
      "Half-life": "3 milliseconds",
      "Decay mode": "spontaneous fission",
      "Discovery year": 1994,
      "Reaction": "209Bi(51V,2n)"
    },
    {
      "Isotope": "259Sg",
      "Half-life": "600 ms",
      "Decay mode": "ALPHA",
      "Discovery year": 1985,
      "Reaction": "207Pb(54Cr,2n)"
    },
    {
      "Isotope": "260Sg",
      "Half-life": "4 ms",
      "Decay mode": "SF, α",
      "Discovery year": 1985,
      "Reaction": "208Pb-54Cr,2n"
    },
    {
      "Isotope": "261Sg",
      "Half-life": "200 ms",
      "Decay mode": "α, EC, SF",
      "Discovery year": 1985,
      "Reaction": "208Pb(54Cr,n)"
    },
    {
      "Isotope": "261mSg",
      "Half-life": "92 μs",
      "Decay mode": "IT",
      "Discovery year": 2009,
      "Reaction": "208Pb(54Cr,n)"
    }
  ]
}