{
  "table_title": "Participant Count by Gender in Various Sports",
  "columns": [
    {
      "column_name": "Sport",
      "data_type": "string",
      "description": "This column represents the name of the sport."
    },
    {
      "column_name": "Men",
      "data_type": "integer",
      "description": "This column indicates the number of male participants in each sport."
    },
    {
      "column_name": "Women",
      "data_type": "integer",
      "description": "This column indicates the number of female participants in each sport."
    },
    {
      "column_name": "Total",
      "data_type": "integer",
      "description": "This column represents the total number of participants (both men and women) in each sport."
    }
  ],
  "first 5 rows": [
    {
      "Sport": "Bodybuilding",
      "Men": 5,
      "Women": 0,
      "Total": 5
    },
    {
      "Sport": "Beach Handball",
      "Men": 10,
      "Women": 10,
      "Total": 20
    },
    {
      "Sport": "Beach Kabaddi",
      "Men": 6,
      "Women": 6,
      "Total": 12
    },
    {
      "Sport": "Beach Soccer",
      "Men": 10,
      "Women": 0,
      "Total": 10
    },
    {
      "Sport": "Beach Sepaktakraw",
      "Men": 12,
      "Women": 12,
      "Total": 24
    }
  ]
}