{
  "table_title": "Annual Charity Event Data",
  "columns": [
    {
      "column_name": "Year",
      "data_type": "integer",
      "description": "The year in which the charity event took place."
    },
    {
      "column_name": "Location",
      "data_type": "string",
      "description": "The city and state where the charity event was held."
    },
    {
      "column_name": "Attendance",
      "data_type": "integer | string",
      "description": "The number of people who attended the charity event."
    },
    {
      "column_name": "Charity Donation",
      "data_type": "string",
      "description": "The total amount of money donated to charity from the event."
    },
    {
      "column_name": "Charity",
      "data_type": "string",
      "description": "The name(s) of the charity or charities that received donations from the event."
    }
  ],
  "first 5 rows": [
    {
      "Year": 2000,
      "Location": "Arlington Heights, Illinois",
      "Attendance": 473,
      "Charity Donation": "$3,522",
      "Charity": "Wolf Park, Valley of the Kings big cat sanctuary, and Chicago House"
    },
    {
      "Year": 2001,
      "Location": "Arlington Heights, IL",
      "Attendance": 511,
      "Charity Donation": "6800 USD",
      "Charity": "Animals for Awareness"
    },
    {
      "Year": 2002,
      "Location": "Schaumburg, IL",
      "Attendance": 685,
      "Charity Donation": "$6,088",
      "Charity": "animals for Awareness"
    },
    {
      "Year": 2003,
      "Location": "Schaumburg, IL",
      "Attendance": 800,
      "Charity Donation": "$6,500",
      "Charity": "Animals for Awareness"
    },
    {
      "Year": 2004,
      "Location": "Schaumburg, IL",
      "Attendance": 959,
      "Charity Donation": "$7,000",
      "Charity": "Furry Friends Foundation"
    }
  ]
}