{
  "table_title": "TV Show Appearances",
  "columns": [
    {
      "column_name": "Year",
      "data_type": "integer",
      "description": "The year of the TV show's release."
    },
    {
      "column_name": "Title",
      "data_type": "string",
      "description": "The title of the TV show."
    },
    {
      "column_name": "Role",
      "data_type": "string",
      "description": "The role played by the actor in the TV show."
    },
    {
      "column_name": "Notes",
      "data_type": "string",
      "description": "Additional notes about the actor's participation in the TV show, such as the number of episodes or specific episode titles."
    }
  ],
  "first 5 rows": [
    {
      "Year": 2001,
      "Title": "Popstars 2",
      "Role": "Himself - Scene 23",
      "Notes": "13 episodes"
    },
    {
      "Year": 2002,
      "Title": "Maybe It's Me",
      "Role": "Jackson",
      "Notes": "Episode: \"The Rick's in love episode\""
    },
    {
      "Year": 2002,
      "Title": "Do Over",
      "Role": "Jake",
      "Notes": "Episode: \"Halloween Kiss\""
    },
    {
      "Year": 2003,
      "Title": "Newton",
      "Role": "Eli",
      "Notes": "TV Pilot"
    },
    {
      "Year": 2003,
      "Title": "She Spies",
      "Role": "Raine",
      "Notes": "Episode: \"Rane of Terror\""
    }
  ]
}