{
  "table_title": "Historical Motorsport Championship Results",
  "columns": [
    {
      "column_name": "Season",
      "data_type": "integer",
      "description": "The year in which the particular championship took place."
    },
    {
      "column_name": "Series",
      "data_type": "string",
      "description": "The name of the motorsport championship series."
    },
    {
      "column_name": "Position",
      "data_type": "string",
      "description": "The final standing position of the driver in the championship."
    },
    {
      "column_name": "Car",
      "data_type": "string",
      "description": "The make and model of the car used by the driver in the championship."
    },
    {
      "column_name": "Team",
      "data_type": "string",
      "description": "The name of the team to which the driver belonged during the championship."
    }
  ],
  "first 5 rows": [
    {
      "Season": 1971,
      "Series": "Australian Drivers' Championship",
      "Position": "7th",
      "Car": "McLaren M4A Cosworth",
      "Team": "Pat Burke Racing"
    },
    {
      "Season": 1972,
      "Series": "Tasman Series",
      "Position": "13th",
      "Car": "McLaren M10B Chevrolet",
      "Team": "Pat Burke Racing"
    },
    {
      "Season": 1972,
      "Series": "Australian Drivers' Championship",
      "Position": "5th",
      "Car": "McLaren M10B Chevrolet",
      "Team": "pat burke racing"
    },
    {
      "Season": 1973,
      "Series": "Tasman Series",
      "Position": "7th",
      "Car": "Lola T300 Chevy",
      "Team": "Team Target"
    },
    {
      "Season": 1974,
      "Series": "Tasman Series",
      "Position": "6th",
      "Car": "Lola T332 Chevrolet",
      "Team": "Pat Burke Racing"
    }
  ]
}