{
  "table_title": "Theatrical Performances History",
  "columns": [
    {
      "column_name": "Year",
      "data_type": "integer",
      "description": "The year in which the theatrical performance took place."
    },
    {
      "column_name": "Title",
      "data_type": "string",
      "description": "The title of the theatrical performance or play."
    },
    {
      "column_name": "Role",
      "data_type": "string",
      "description": "The specific role played by an actor in the theatrical performance."
    },
    {
      "column_name": "Notes",
      "data_type": "string",
      "description": "Additional notes about the performance, such as the tour or venue."
    }
  ],
  "first 5 rows": [
    {
      "Year": 2012,
      "Title": "Irving Berlin's White Christmas",
      "Role": "Susan Waverly",
      "Notes": "National broadway tour"
    },
    {
      "Year": 2013,
      "Title": "Irving Berlin's White Christmas",
      "Role": "susan waverly",
      "Notes": "National Broadway Tour"
    },
    {
      "Year": 2015,
      "Title": "To Kill a Mockingbird",
      "Role": "Scout",
      "Notes": "Queens Theatre"
    },
    {
      "Year": 2016,
      "Title": "From Silence",
      "Role": "Young Esther",
      "Notes": "Theater for the New City"
    },
    {
      "Year": 2016,
      "Title": "No More Monsters",
      "Role": "Zella",
      "Notes": "Theater Masters take ten playwrights festival"
    }
  ]
}