{
  "table_title": "Historical Battles in Early Islamic History",
  "columns": [
    {
      "column_name": "Year",
      "data_type": "integer | string",
      "description": "The year or specific date when the battle took place, which may include the month and day."
    },
    {
      "column_name": "Battle",
      "data_type": "string",
      "description": "The name of the battle that occurred during the specified time period."
    },
    {
      "column_name": "Description",
      "data_type": "string",
      "description": "A brief summary of the battle, including key figures, outcomes, and important events."
    }
  ],
  "first 5 rows": [
    {
      "Year": "625-03-23",
      "Battle": "Battle of Uhud",
      "Description": "Khalid ibn al-Walid as a Meccan commander defeats Muslim force led by Muhammad. Many Muslims were killed, and even Muhammad himself was badly injured."
    },
    {
      "Year": "629 AD",
      "Battle": "Battle of Mu'tah",
      "Description": "A small Muslim Arab army confronts a larger joint force consisting of elements from the Byzantine Empire and allied Christian Arabs."
    },
    {
      "Year": "633/April",
      "Battle": "Battle of Chains",
      "Description": "Khalid ibn al-Walid decisively defeats a Persian army in his first battle against the Persian Empire"
    },
    {
      "Year": "633 May",
      "Battle": "Battle of Walaja",
      "Description": "Khalid ibn al-Walid decisively defeats the larger forces of the persian empire using a double envelopment maneuver"
    },
    {
      "Year": "633 May",
      "Battle": "Battle of Ullais",
      "Description": "Khalid ibn al-Walid decisively defeats a larger army from the Persian Empire"
    }
  ]
}