{
  "table_title": "Motorcycle Racing Statistics",
  "columns": [
    {
      "column_name": "Rank",
      "data_type": "integer",
      "description": "The position the rider finished in the race, represented as an integer."
    },
    {
      "column_name": "Rider",
      "data_type": "string",
      "description": "The name of the rider and their country of origin, represented as a string."
    },
    {
      "column_name": "Team",
      "data_type": "string",
      "description": "The team the rider is associated with, represented as a string."
    },
    {
      "column_name": "Speed",
      "data_type": "float",
      "description": "The average speed of the rider during the race, represented as a float in kilometers per hour."
    },
    {
      "column_name": "Time",
      "data_type": "string",
      "description": "The total time the rider took to complete the race, represented as a string in the format of hours:minutes:seconds."
    }
  ],
  "first 5 rows": [
    {
      "Rank": 1,
      "Rider": "Nazi Germany Georg Meier",
      "Team": "BMW",
      "Speed": 89.38,
      "Time": "2:57:19.0"
    },
    {
      "Rank": 2,
      "Rider": "United Kingdom Jock West",
      "Team": "BMW",
      "Speed": 88.22,
      "Time": "2:59:39.0"
    },
    {
      "Rank": 3,
      "Rider": "United Kingdom Freddie Frith",
      "Team": "Norton",
      "Speed": 90.96,
      "Time": "3:00:11.0"
    },
    {
      "Rank": 1,
      "Rider": "Nazi Germany Georg Meier",
      "Team": "BMW",
      "Speed": "89.38 mph",
      "Time": "2:57:19.0"
    },
    {
      "Rank": 2,
      "Rider": "United Kingdom Jock West",
      "Team": "B.M.W.",
      "Speed": 88.22,
      "Time": "02:59:39"
    }
  ]
}