{
  "table_title": "Motorcycle Race Results",
  "columns": [
    {
      "column_name": "Rank",
      "data_type": "integer",
      "description": "The rank or position in which the rider finished the race."
    },
    {
      "column_name": "Rider",
      "data_type": "string",
      "description": "The name of the rider along with their country of origin."
    },
    {
      "column_name": "Team",
      "data_type": "string",
      "description": "The team that the rider is associated with."
    },
    {
      "column_name": "Speed",
      "data_type": "float | string",
      "description": "The average speed of the rider during the race, potentially in different units (mph or km/h)."
    },
    {
      "column_name": "Time",
      "data_type": "string",
      "description": "The total time taken by the rider to finish the race."
    }
  ],
  "first 5 rows": [
    {
      "Rank": 1,
      "Rider": "Republic of Ireland H. G. Tyrell Smith",
      "Team": "Rudge",
      "Speed": "71.08 mph",
      "Time": "3:43:00"
    },
    {
      "Rank": 2,
      "Rider": "UK Ernie Nott",
      "Team": "Rudge",
      "Speed": "70.89 mph",
      "Time": "3.43.35.0"
    },
    {
      "Rank": 3,
      "Rider": "United Kingdom Graham Walker",
      "Team": "Rudge",
      "Speed": "70.77 mph",
      "Time": "03:43:58"
    },
    {
      "Rank": 4,
      "Rider": "United Kingdom D Hall",
      "Team": "Velocette",
      "Speed": "70.44 mph",
      "Time": "3.45.00.0"
    },
    {
      "Rank": 5,
      "Rider": "United Kingdom C J Williams",
      "Team": "Raleigh",
      "Speed": "69.82 mph",
      "Time": "3.47.01.0"
    }
  ]
}