{
  "table_title": "Historical Election Results in Mahestala",
  "columns": [
    {
      "column_name": "Election Year",
      "data_type": "integer",
      "description": "The year in which the election was held."
    },
    {
      "column_name": "Constituency",
      "data_type": "string",
      "description": "The name of the constituency where the election took place."
    },
    {
      "column_name": "Name of M.L.A.",
      "data_type": "string",
      "description": "The name of the elected Member of the Legislative Assembly (M.L.A.) for the given constituency and year."
    },
    {
      "column_name": "Party Affiliation",
      "data_type": "string",
      "description": "The political party to which the elected M.L.A. is affiliated."
    }
  ],
  "first 5 rows": [
    {
      "Election Year": 1951,
      "Constituency": "Mahestala",
      "Name of M.L.A.": "Sudhir Chandra Bhandari",
      "Party Affiliation": "communist party of India"
    },
    {
      "Election Year": 1957,
      "Constituency": "Mahestala",
      "Name of M.L.A.": "Sudhir Chandra Bhandari",
      "Party Affiliation": "Communist Party of India"
    },
    {
      "Election Year": 1962,
      "Constituency": "Mahestala",
      "Name of M.L.A.": "Ahammad Ali Mufti",
      "Party Affiliation": "Indian National Congress"
    },
    {
      "Election Year": 1967,
      "Constituency": "Mahestala",
      "Name of M.L.A.": "Sudhir Chandra Bhandari",
      "Party Affiliation": "CPI (Marxist)"
    },
    {
      "Election Year": 1969,
      "Constituency": "Mahestala",
      "Name of M.L.A.": "Sudhir Chandra Bhandari",
      "Party Affiliation": "Communist Party of India (Marxist)"
    }
  ]
}