{
  "table_title": "Television Show Appearances",
  "columns": [
    {
      "column_name": "Year",
      "data_type": "integer | string",
      "description": "The year or range of years the television appearance was made."
    },
    {
      "column_name": "Title",
      "data_type": "string",
      "description": "The title of the television show where the appearance was made."
    },
    {
      "column_name": "Role",
      "data_type": "string",
      "description": "The role played by the actor or actress in the television show."
    },
    {
      "column_name": "Notes",
      "data_type": "string",
      "description": "Additional details about the television appearance, such as specific episodes or segments."
    }
  ],
  "first 5 rows": [
    {
      "Year": 1962,
      "Title": "The Red Skelton Show",
      "Role": "Guest vocalist",
      "Notes": "Episode: \"One Good Intern Deserves Another\""
    },
    {
      "Year": "1969/1970",
      "Title": "The Jim Nabors Hour",
      "Role": "Blanche",
      "Notes": "Episodes #1.2, #1.15"
    },
    {
      "Year": 1973,
      "Title": "Love, American Style",
      "Role": "Elizabeth / Mrs. Sommers",
      "Notes": "Segments: \"Love and the Vertical Romance\", \"Love & the Odd Couples\""
    },
    {
      "Year": 1974,
      "Title": "Medical Center",
      "Role": "norma",
      "Notes": "Episode: \"The World's Balloon\""
    },
    {
      "Year": 1974,
      "Title": "Paul Sand in Friends & Lovers",
      "Role": "Trudy",
      "Notes": "episode: \"Maid in the Snow\""
    }
  ]
}