{
  "table_title": "Album Release and Chart Performance",
  "columns": [
    {
      "column_name": "Release date",
      "data_type": "string",
      "description": "The month and year when the album was released."
    },
    {
      "column_name": "Album",
      "data_type": "string",
      "description": "The title of the released album."
    },
    {
      "column_name": "US",
      "data_type": "integer",
      "description": "The peak position the album reached on the US music charts."
    },
    {
      "column_name": "UK",
      "data_type": "string",
      "description": "The peak position the album reached on the UK music charts, if applicable."
    },
    {
      "column_name": "Additional information",
      "data_type": "string",
      "description": "Any additional information related to the album or its release, if available."
    }
  ],
  "first 5 rows": [
    {
      "Release date": "January 1976",
      "Album": "paris",
      "US": 103,
      "UK": "–",
      "Additional information": "N/A"
    },
    {
      "Release date": "08/1976",
      "Album": "Big Towne, 2061",
      "US": "152 units",
      "UK": "–",
      "Additional information": "–"
    },
    {
      "Release date": "January 1976",
      "Album": "Paris",
      "US": 103,
      "UK": 1,
      "Additional information": "Includes the unreleased track 'Stairway to Heaven'"
    },
    {
      "Release date": "August 1976",
      "Album": "Big Towne, 2061",
      "US": 152,
      "UK": "–",
      "Additional information": "Released in 2061 instead of 1976"
    },
    {
      "Release date": "January 2076",
      "Album": "Paris",
      "US": 103,
      "UK": "–",
      "Additional information": "–"
    }
  ]
}