{
  "table_title": "Historical Soccer Match Records",
  "columns": [
    {
      "column_name": "Goal",
      "data_type": "integer",
      "description": "This column records the number of goals scored by the team in a particular match."
    },
    {
      "column_name": "Date",
      "data_type": "date",
      "description": "This column records the date on which the match took place."
    },
    {
      "column_name": "Venue",
      "data_type": "string",
      "description": "This column records the venue where the match was held, including the stadium name and location."
    },
    {
      "column_name": "Opponent",
      "data_type": "string",
      "description": "This column records the name of the opposing team in the match."
    },
    {
      "column_name": "Score",
      "data_type": "string",
      "description": "This column records the final score of the match, with the team's score listed first."
    },
    {
      "column_name": "Result",
      "data_type": "string",
      "description": "This column records the result of the match, with the team's score listed first."
    },
    {
      "column_name": "Competition",
      "data_type": "string",
      "description": "This column records the name of the competition or tournament in which the match was played."
    }
  ],
  "first 5 rows": [
    {
      "Goal": 1,
      "Date": "4 June 1964",
      "Venue": "Estádio do Pacaembu, São Paulo, Brazil",
      "Opponent": "England",
      "Score": "1–0",
      "Result": "2–1",
      "Competition": "Taça das Nações"
    },
    {
      "Goal": 2,
      "Date": "4 May 1969",
      "Venue": "Estádio das Antas, Porto, Portugal",
      "Opponent": "Greece",
      "Score": "2–2",
      "Result": "3–2",
      "Competition": "1970 World Cup qualification"
    },
    {
      "Goal": 3,
      "Date": "21 November 1971",
      "Venue": "Estádio da Luz (1954), Lisbon, Portugal",
      "Opponent": "Belgium",
      "Score": "1–1",
      "Result": "0–0",
      "Competition": "Euro 1972 qualifying"
    },
    {
      "Goal": 4,
      "Date": "25 June 1972",
      "Venue": "Estádio do Arruda, Recife, Brazil",
      "Opponent": "Republic of Ireland",
      "Score": "1–0",
      "Result": "2–1",
      "Competition": "Brazil Independence Cup"
    },
    {
      "Goal": 1,
      "Date": "4 June 1964",
      "Venue": "Estádio do Pacaembu, São Paulo, Brazil",
      "Opponent": "england",
      "Score": "1–0",
      "Result": "1–1",
      "Competition": "Taça das Nações"
    }
  ]
}