{
  "table_title": "Reality Show Participants Information",
  "columns": [
    {
      "column_name": "Name",
      "data_type": "string",
      "description": "The full name of the reality show participant."
    },
    {
      "column_name": "Age on entry",
      "data_type": "integer",
      "description": "The age of the participant when they entered the reality show."
    },
    {
      "column_name": "Hometown",
      "data_type": "string",
      "description": "The hometown or place of residence of the participant."
    },
    {
      "column_name": "Entered",
      "data_type": "string",
      "description": "The days on which the participant entered the reality show."
    },
    {
      "column_name": "Exited",
      "data_type": "string",
      "description": "The days on which the participant exited the reality show."
    },
    {
      "column_name": "Result",
      "data_type": "string",
      "description": "The final result or standing of the participant in the reality show."
    }
  ],
  "first 5 rows": [
    {
      "Name": "Jimboy Martin",
      "Age on entry": 17,
      "Hometown": "Solano, Nueva Vizcaya",
      "Entered": "Day 01 Day 99",
      "Exited": "Day 50 Day 142",
      "Result": "Winner"
    },
    {
      "Name": "Ylona Garcia",
      "Age on entry": 13,
      "Hometown": "sydney, New South Wales, Australia",
      "Entered": "Day 2 Day 99",
      "Exited": "Day 50 Day 142",
      "Result": "Runner-up"
    },
    {
      "Name": "Franco Rodriguez",
      "Age on entry": 16,
      "Hometown": "Tabaco",
      "Entered": "Day 2 Day 99",
      "Exited": "Day 50 Day 141",
      "Result": "finalist"
    },
    {
      "Name": "Bailey May",
      "Age on entry": 12,
      "Hometown": "Norwich, England, United Kingdom",
      "Entered": "1st Day Day 99",
      "Exited": "Day 50 Day 142",
      "Result": "Finalist"
    },
    {
      "Name": "Kenzo Gutierrez",
      "Age on entry": 18,
      "Hometown": "Quezon City",
      "Entered": "Day One",
      "Exited": "Day 49",
      "Result": "Evicted"
    }
  ]
}