{
  "table_title": "Filmography Records",
  "columns": [
    {
      "column_name": "Year",
      "data_type": "integer | string",
      "description": "The year or range of years the film or TV show was released or aired."
    },
    {
      "column_name": "Title",
      "data_type": "string",
      "description": "The title of the film or TV show."
    },
    {
      "column_name": "Role",
      "data_type": "string",
      "description": "The role played by the actor in the film or TV show."
    },
    {
      "column_name": "Notes",
      "data_type": "string",
      "description": "Additional information about the actor's participation in the film or TV show, such as the number of episodes they appeared in or specific episode titles."
    }
  ],
  "first 5 rows": [
    {
      "Year": "1970/71",
      "Title": "Dark Shadows",
      "Role": "Daphne Harridge",
      "Notes": "71 episodes"
    },
    {
      "Year": 1971,
      "Title": "The Jimmy Stewart Show",
      "Role": "Janice Morton",
      "Notes": "2 eps"
    },
    {
      "Year": 1972,
      "Title": "Bonanza",
      "Role": "Ellen",
      "Notes": "Episode: \"One Ace Too Many\""
    },
    {
      "Year": "1972-1976",
      "Title": "The Rookies",
      "Role": "Jill Danko",
      "Notes": "92 episodes"
    },
    {
      "Year": "1976-79",
      "Title": "Charlie's Angels",
      "Role": "Sabrina Duncan",
      "Notes": "69 episodes Nominated—Golden Globe Award for Best Actress – Television Series Drama (1977-79) Nominated—Primetime Emmy Award for Outstanding Lead Actress in a Drama Series (1978-79)"
    }
  ]
}