{
  "table_title": "Film and Television Roles",
  "columns": [
    {
      "column_name": "Year",
      "data_type": "integer | string",
      "description": "The year or range of years the role was performed."
    },
    {
      "column_name": "Title",
      "data_type": "string",
      "description": "The title of the film or television show."
    },
    {
      "column_name": "Role",
      "data_type": "string",
      "description": "The character or role portrayed in the film or television show."
    },
    {
      "column_name": "Notes",
      "data_type": "string",
      "description": "Additional notes about the role, such as whether it was a voice role or part of a short film."
    }
  ],
  "first 5 rows": [
    {
      "Year": 2009,
      "Title": "Blueberry",
      "Role": "Daisy",
      "Notes": "Short Film"
    },
    {
      "Year": "2009-present",
      "Title": "Peppa Pig",
      "Role": "Peppa",
      "Notes": "Voice"
    },
    {
      "Year": 2013,
      "Title": "How I Live Now",
      "Role": "Piper",
      "Notes": "film"
    },
    {
      "Year": 2014,
      "Title": "Doctor Who",
      "Role": "Ruby",
      "Notes": "Episode: In the Forest of the Night"
    },
    {
      "Year": 2017,
      "Title": "So Sammy",
      "Role": "Sammy",
      "Notes": "disney mini series"
    }
  ]
}