{
  "table_title": "Filmography of a Television Actor",
  "columns": [
    {
      "column_name": "Year",
      "data_type": "integer | string",
      "description": "The year or range of years the actor played a specific role in a TV show or movie."
    },
    {
      "column_name": "Title",
      "data_type": "string",
      "description": "The title of the TV show or movie in which the actor performed."
    },
    {
      "column_name": "Role",
      "data_type": "string",
      "description": "The name of the character or role that the actor portrayed in the TV show or movie."
    },
    {
      "column_name": "Notes",
      "data_type": "string",
      "description": "Additional information about the actor's role in the TV show or movie, such as the duration of the role, special appearances, or alternate titles of the show or movie."
    }
  ],
  "first 5 rows": [
    {
      "Year": "1992–19982002–20102013",
      "Title": "General Hospital",
      "Role": "Brenda Barrett",
      "Notes": "Main role from: September 18, 1992 – September 11, 1998 Main role from: September 4, 2002 – February 19, 2003 Main role from: 2010 – July 21, 2011 Guest role from: April 2, 2013 – April 23, 2013"
    },
    {
      "Year": 1996,
      "Title": "To Love, Honor and Deceive",
      "Role": "Sydney Carpenter",
      "Notes": "Television Movie; aka. The Protected Wife"
    },
    {
      "Year": 1997,
      "Title": "High Incident",
      "Role": "Kerry Andrews",
      "Notes": "Episodes: \"Hot Wire\", \"Remote Control\""
    },
    {
      "Year": "1998 - 2000",
      "Title": "Beverly Hills, 90210",
      "Role": "Gina Kincaid",
      "Notes": "Main Role (Seasons 9–10), 37 episodes"
    },
    {
      "Year": 2001,
      "Title": "Spin City",
      "Role": "Crazy Kara",
      "Notes": "Episode: \"A Shot in the Dark: Part 2\""
    }
  ]
}