{
  "table_title": "Music Album Releases in 1977",
  "columns": [
    {
      "column_name": "Year",
      "data_type": "integer",
      "description": "The year when the music album was released."
    },
    {
      "column_name": "Title",
      "data_type": "string",
      "description": "The title of the music album."
    },
    {
      "column_name": "Label",
      "data_type": "string",
      "description": "The record label that released the music album."
    }
  ],
  "first 5 rows": [
    {
      "Year": 1977,
      "Title": "The Grip",
      "Label": "India Navigation"
    },
    {
      "Year": 1977,
      "Title": "Metamorphosis",
      "Label": "India Navigation"
    },
    {
      "Year": 1977,
      "Title": "Bush Baby",
      "Label": "Adelphi"
    },
    {
      "Year": 1978,
      "Title": "In the Tradition",
      "Label": "Columbia"
    },
    {
      "Year": 1978,
      "Title": "Lenox Avenue Breakdown",
      "Label": "Columbia"
    }
  ]
}