{
  "table_title": "Video Game Voice Acting Roles",
  "columns": [
    {
      "column_name": "Year",
      "data_type": "integer",
      "description": "The year in which the video game was released."
    },
    {
      "column_name": "Title",
      "data_type": "string",
      "description": "The title of the video game."
    },
    {
      "column_name": "Role",
      "data_type": "string",
      "description": "The character or role played in the video game."
    },
    {
      "column_name": "Notes",
      "data_type": "string",
      "description": "Additional notes about the role, typically indicating the type of performance (e.g., voice, motion capture)."
    }
  ],
  "first 5 rows": [
    {
      "Year": 2012,
      "Title": "FarCry 3",
      "Role": "Liza Snow",
      "Notes": "Voice and Motion Capture"
    },
    {
      "Year": 2013,
      "Title": "Assassin's Creed III",
      "Role": "Oia:ner",
      "Notes": "Voice"
    },
    {
      "Year": 2013,
      "Title": "Batman: Arkham Origins",
      "Role": "Ninjas/Bank Manager",
      "Notes": "Voice"
    },
    {
      "Year": 2014,
      "Title": "Watch_Dogs",
      "Role": "Rose Washington",
      "Notes": "voice"
    },
    {
      "Year": 2014,
      "Title": "Far Cry 4",
      "Role": "Noore",
      "Notes": "Voice and motion capture"
    }
  ]
}