{
  "table_title": "Track and Field Event Records",
  "columns": [
    {
      "column_name": "Event",
      "data_type": "string",
      "description": "The name of the track and field event, such as '55 metres hurdles' or '400 metres hurdles'."
    },
    {
      "column_name": "Time (seconds)",
      "data_type": "float",
      "description": "The time it took for the athlete to complete the event, recorded in seconds."
    },
    {
      "column_name": "Venue",
      "data_type": "string",
      "description": "The location where the track and field event took place, including the city and state."
    },
    {
      "column_name": "Date",
      "data_type": "string",
      "description": "The date when the event took place, formatted as 'Month Day, Year'."
    }
  ],
  "first 5 rows": [
    {
      "Event": "55 meters hurdles",
      "Time (seconds)": 7.5,
      "Venue": "Indianapolis, Indiana",
      "Date": "03/05/1999"
    },
    {
      "Event": "110 metres hurdles",
      "Time (seconds)": 13.81,
      "Venue": "Emporia, KS",
      "Date": "May 29, 1999"
    },
    {
      "Event": "400 metres hurdles",
      "Time (seconds)": 49.77,
      "Venue": "Edwardsville, Illinois",
      "Date": "May 23, 1998"
    },
    {
      "Event": "55 metres hurdles",
      "Time (seconds)": 6.5,
      "Venue": "Indianapolis, Indiana",
      "Date": "March 5, 1999"
    },
    {
      "Event": "110 metres hurdles",
      "Time (seconds)": 12.81,
      "Venue": "Emporia, Kansas",
      "Date": "May 29, 1999"
    }
  ]
}