{
  "table_title": "Football Match Details",
  "columns": [
    {
      "column_name": "Goal",
      "data_type": "integer",
      "description": "Sequential number representing the order of goals scored in the matches."
    },
    {
      "column_name": "Date",
      "data_type": "date",
      "description": "Date of the match."
    },
    {
      "column_name": "Venue",
      "data_type": "string",
      "description": "The location where the match took place, including the stadium name and city, country."
    },
    {
      "column_name": "Opponent",
      "data_type": "string",
      "description": "The name of the opposing team in the match."
    },
    {
      "column_name": "Score",
      "data_type": "string",
      "description": "The final score of the match, with the first number being the goals of the team of interest and the second number being the goals of the opponent."
    },
    {
      "column_name": "Result",
      "data_type": "string",
      "description": "The outcome of the match, identical to the 'Score' column in this context."
    },
    {
      "column_name": "Competition",
      "data_type": "string",
      "description": "The name of the competition or event during which the match took place."
    }
  ],
  "first 5 rows": [
    {
      "Goal": 1,
      "Date": "11 February 2009",
      "Venue": "Ramón Sánchez Pizjuán Stadium, Seville, Spain",
      "Opponent": "England",
      "Score": "2–0",
      "Result": "2–0",
      "Competition": "Friendly"
    },
    {
      "Goal": 2,
      "Date": "June 20, 2009",
      "Venue": "Free State Stadium, Bloemfontein, South Africa",
      "Opponent": "South Africa",
      "Score": "2–0",
      "Result": "2–0",
      "Competition": "2009 FIFA Confederations Cup"
    },
    {
      "Goal": 3,
      "Date": "28 May 2010",
      "Venue": "Tivoli-Neu, Innsbruck, Austria",
      "Opponent": "Saudi Arabia",
      "Score": "3–2",
      "Result": "3–2",
      "Competition": "Friendly"
    },
    {
      "Goal": 4,
      "Date": "7 September 2010",
      "Venue": "Estadio Monumental Antonio Vespucio Liberti, Buenos Aires, Argentina",
      "Opponent": "Argentina",
      "Score": "3–1",
      "Result": "4–1",
      "Competition": "Friendly"
    },
    {
      "Goal": 5,
      "Date": "08-October-2010",
      "Venue": "Estadio El Helmántico, Salamanca, Spain",
      "Opponent": "Lithuania",
      "Score": "1-0",
      "Result": "3–1",
      "Competition": "Euro 2012 qualifying"
    }
  ]
}