{
  "table_title": "Academic Term Calendar",
  "columns": [
    {
      "column_name": "ACADEMIC_TERMS_KEY",
      "data_type": "string",
      "description": "Unique identifier for each academic term."
    },
    {
      "column_name": "TERM_CODE",
      "data_type": "string",
      "description": "Short code representing the academic term (e.g., 1995JA)."
    },
    {
      "column_name": "TERM_DESCRIPTION",
      "data_type": "string",
      "description": "Full description of the academic term (e.g., January Term 1994-1995)."
    },
    {
      "column_name": "TERM_SELECTOR",
      "data_type": "string",
      "description": "Concatenated term code and description for selection purposes."
    },
    {
      "column_name": "TERM_START_DATE",
      "data_type": "string",
      "description": "Start date of the academic term."
    },
    {
      "column_name": "ACADEMIC_YEAR",
      "data_type": "integer",
      "description": "Academic year associated with the term (e.g., 1995)."
    },
    {
      "column_name": "ACADEMIC_YEAR_DESC",
      "data_type": "string",
      "description": "Full description of the academic year (e.g., Academic Year 1994-1995)."
    },
    {
      "column_name": "IS_CURRENT_TERM",
      "data_type": "string",
      "description": "Indicates if the term is the current term ('Y' or 'N')."
    },
    {
      "column_name": "IS_REGULAR_TERM",
      "data_type": "string",
      "description": "Indicates if the term is a regular academic term ('Y' or 'N')."
    },
    {
      "column_name": "TERM_STATUS",
      "data_type": "string",
      "description": "Status of the term (e.g., 'Previous')."
    },
    {
      "column_name": "REGISTRATION_DAY",
      "data_type": "string",
      "description": "Date when registration opened for the term."
    }
  ],
  "first 5 rows": [
    {
      "ACADEMIC_TERMS_KEY": "1995JA",
      "TERM_CODE": "1995JA",
      "TERM_DESCRIPTION": "January Term 1994-1995",
      "TERM_SELECTOR": "1995JA-January Term 1994-1995",
      "TERM_START_DATE": "9-Jan-95",
      "ACADEMIC_YEAR": 1996,
      "ACADEMIC_YEAR_DESC": "Academic Year 1994-1995",
      "IS_CURRENT_TERM": "N",
      "IS_REGULAR_TERM": "N",
      "TERM_STATUS": "Previous",
      "REGISTRATION_DAY": "9-Jan-95"
    },
    {
      "ACADEMIC_TERMS_KEY": "1995SU",
      "TERM_CODE": "1995SU",
      "TERM_DESCRIPTION": "Summer Term 1995",
      "TERM_SELECTOR": "1995SU-Summer Term 1995",
      "TERM_START_DATE": "12-Jun-95",
      "ACADEMIC_YEAR": 1995,
      "ACADEMIC_YEAR_DESC": "Academic Year 1995-1996",
      "IS_CURRENT_TERM": "N",
      "IS_REGULAR_TERM": "N",
      "TERM_STATUS": "Previous",
      "REGISTRATION_DAY": "12-Jun-95"
    },
    {
      "ACADEMIC_TERMS_KEY": "1996FA",
      "TERM_CODE": "1996FA",
      "TERM_DESCRIPTION": "Fall Term 1995-1996",
      "TERM_SELECTOR": "1996FA-Fall Term 1995-1996",
      "TERM_START_DATE": "5-Sep-95",
      "ACADEMIC_YEAR": 1995,
      "ACADEMIC_YEAR_DESC": "Academic Year 1995-1996",
      "IS_CURRENT_TERM": "N",
      "IS_REGULAR_TERM": "Y",
      "TERM_STATUS": "Previous",
      "REGISTRATION_DAY": "5-Sep-95"
    },
    {
      "ACADEMIC_TERMS_KEY": "1996JA",
      "TERM_CODE": "1996JA",
      "TERM_DESCRIPTION": "January Term 1995-1996",
      "TERM_SELECTOR": "1996JA-January Term 1995-1996",
      "TERM_START_DATE": "8-Jan-96",
      "ACADEMIC_YEAR": 1996,
      "ACADEMIC_YEAR_DESC": "Academic Year 1996-1997",
      "IS_CURRENT_TERM": "N",
      "IS_REGULAR_TERM": "N",
      "TERM_STATUS": "Previous",
      "REGISTRATION_DAY": "8-Jan-96"
    },
    {
      "ACADEMIC_TERMS_KEY": "1996SP",
      "TERM_CODE": "1996SP",
      "TERM_DESCRIPTION": "Spring Term 1995-1996",
      "TERM_SELECTOR": "1996SP-Spring Term 1995-1996",
      "TERM_START_DATE": "5-Feb-96",
      "ACADEMIC_YEAR": 1997,
      "ACADEMIC_YEAR_DESC": "Academic Year 1995-1996",
      "IS_CURRENT_TERM": "N",
      "IS_REGULAR_TERM": "Y",
      "TERM_STATUS": "Previous",
      "REGISTRATION_DAY": "5-Feb-96"
    }
  ]
}