{
  "table_title": "Summer Term Academic Calendar Data (1985-1987)",
  "columns": [
    {
      "column_name": "ACADEMIC_TERMS_KEY",
      "data_type": "string",
      "description": "Unique identifier for each summer term (e.g., 1985SU)."
    },
    {
      "column_name": "TERM_CODE",
      "data_type": "string",
      "description": "Short code representing the summer term (e.g., 1985SU)."
    },
    {
      "column_name": "TERM_DESCRIPTION",
      "data_type": "string",
      "description": "Descriptive name for the summer term (e.g., Summer Term 1985)."
    },
    {
      "column_name": "TERM_SELECTOR",
      "data_type": "string",
      "description": "Combined term code and description for selection purposes."
    },
    {
      "column_name": "TERM_START_DATE",
      "data_type": "string",
      "description": "Start date of the summer term (DD-MON-YY format)."
    },
    {
      "column_name": "TERM_END_DATE",
      "data_type": "string",
      "description": "End date of the summer term (DD-MON-YY format)."
    },
    {
      "column_name": "ACADEMIC_YEAR",
      "data_type": "integer",
      "description": "Calendar year associated with the academic year encompassing the term."
    },
    {
      "column_name": "ACADEMIC_YEAR_DESC",
      "data_type": "string",
      "description": "Full description of the academic year (e.g., Academic Year 1984-1985)."
    },
    {
      "column_name": "IS_CURRENT_TERM",
      "data_type": "string",
      "description": "Indicates if the term is the current term ('Y' or 'N')."
    },
    {
      "column_name": "TERM_STATUS_INDICATOR",
      "data_type": "string",
      "description": "Status indicator for the term (e.g., 'P' for past)."
    },
    {
      "column_name": "FINANCIAL_AID_YEAR",
      "data_type": "string",
      "description": "Financial aid year associated with the term."
    },
    {
      "column_name": "DEGREE_YEAR",
      "data_type": "string",
      "description": "Degree year associated with the term."
    },
    {
      "column_name": "LAST_DAY_OF_FINAL_EXAM",
      "data_type": "string",
      "description": "Date of the last final exam (DD-MON-YY format)."
    },
    {
      "column_name": "PRE_REGISTRATION_START_DAY",
      "data_type": "string",
      "description": "Start date of pre-registration (DD-MON-YY format)."
    },
    {
      "column_name": "REGISTRATION_DAY",
      "data_type": "string",
      "description": "Start date of registration (DD-MON-YY format)."
    },
    {
      "column_name": "FIRST_DAY_OF_CLASSES",
      "data_type": "string",
      "description": "First day of classes (DD-MON-YY format)."
    },
    {
      "column_name": "LAST_DAY_OF_CLASSES",
      "data_type": "string",
      "description": "Last day of classes (DD-MON-YY format)."
    },
    {
      "column_name": "GRADUATE_AWARD_START_DATE",
      "data_type": "string",
      "description": "Start date for graduate awards (DD-MON-YY format)."
    },
    {
      "column_name": "GRADUATE_AWARD_END_DATE",
      "data_type": "string",
      "description": "End date for graduate awards (DD-MON-YY format)."
    },
    {
      "column_name": "WAREHOUSE_LOAD_DATE",
      "data_type": "string",
      "description": "Date of warehouse load (DD-MON-YY format, seemingly inconsistent year)."
    }
  ],
  "first 5 rows": [
    {
      "ACADEMIC_TERMS_KEY": "1985SU",
      "TERM_CODE": "1985SU",
      "TERM_DESCRIPTION": "Summer Term 1985",
      "TERM_SELECTOR": "1985SU-Summer Term 1985",
      "TERM_START_DATE": "10-JUN-85",
      "TERM_END_DATE": "21-AUG-85",
      "ACADEMIC_YEAR": 1985,
      "ACADEMIC_YEAR_DESC": "Academic Year 1984-1985",
      "IS_CURRENT_TERM": "N",
      "TERM_STATUS_INDICATOR": "P",
      "FINANCIAL_AID_YEAR": 1986,
      "DEGREE_YEAR": 1986,
      "LAST_DAY_OF_FINAL_EXAM": "21-AUG-85",
      "PRE_REGISTRATION_START_DAY": "01-MAY-85",
      "REGISTRATION_DAY": "10-JUN-85",
      "FIRST_DAY_OF_CLASSES": "10-JUN-85",
      "LAST_DAY_OF_CLASSES": "21-AUG-85",
      "GRADUATE_AWARD_START_DATE": "01-JUN-85",
      "GRADUATE_AWARD_END_DATE": "31-AUG-85",
      "WAREHOUSE_LOAD_DATE": "19-DEC-24"
    },
    {
      "ACADEMIC_TERMS_KEY": "1986SU",
      "TERM_CODE": "1986SU",
      "TERM_DESCRIPTION": "Summer Term 1986",
      "TERM_SELECTOR": "1986SU-Summer Term 1986",
      "TERM_START_DATE": "09-JUN-86",
      "TERM_END_DATE": "20-AUG-86",
      "ACADEMIC_YEAR": 1986,
      "ACADEMIC_YEAR_DESC": "Academic Year 1985-1986",
      "IS_CURRENT_TERM": "N",
      "TERM_STATUS_INDICATOR": "P",
      "FINANCIAL_AID_YEAR": 1987,
      "DEGREE_YEAR": 1987,
      "LAST_DAY_OF_FINAL_EXAM": "20-AUG-86",
      "PRE_REGISTRATION_START_DAY": "01-MAY-86",
      "REGISTRATION_DAY": "09-JUN-86",
      "FIRST_DAY_OF_CLASSES": "09-JUN-86",
      "LAST_DAY_OF_CLASSES": "20-AUG-86",
      "GRADUATE_AWARD_START_DATE": "01-JUN-86",
      "GRADUATE_AWARD_END_DATE": "31-AUG-86",
      "WAREHOUSE_LOAD_DATE": "19-DEC-24"
    },
    {
      "ACADEMIC_TERMS_KEY": "1987SU",
      "TERM_CODE": "1987SU",
      "TERM_DESCRIPTION": "Summer Term 1987",
      "TERM_SELECTOR": "1987SU-Summer Term 1987",
      "TERM_START_DATE": "08-JUN-87",
      "TERM_END_DATE": "19-AUG-87",
      "ACADEMIC_YEAR": 1987,
      "ACADEMIC_YEAR_DESC": "Academic Year 1986-1987",
      "IS_CURRENT_TERM": "N",
      "TERM_STATUS_INDICATOR": "P",
      "FINANCIAL_AID_YEAR": 1988,
      "DEGREE_YEAR": 1988,
      "LAST_DAY_OF_FINAL_EXAM": "19-AUG-87",
      "PRE_REGISTRATION_START_DAY": "01-MAY-87",
      "REGISTRATION_DAY": "08-JUN-87",
      "FIRST_DAY_OF_CLASSES": "08-JUN-87",
      "LAST_DAY_OF_CLASSES": "19-AUG-87",
      "GRADUATE_AWARD_START_DATE": "01-JUN-87",
      "GRADUATE_AWARD_END_DATE": "31-AUG-87",
      "WAREHOUSE_LOAD_DATE": "19-DEC-24"
    },
    {
      "ACADEMIC_TERMS_KEY": "1988SU",
      "TERM_CODE": "1988SU",
      "TERM_DESCRIPTION": "Summer Term 1988",
      "TERM_SELECTOR": "1988SU-Summer Term 1988",
      "TERM_START_DATE": "06-JUN-88",
      "TERM_END_DATE": "17-AUG-88",
      "ACADEMIC_YEAR": 1988,
      "ACADEMIC_YEAR_DESC": "Academic Year 1987-1988",
      "IS_CURRENT_TERM": "N",
      "TERM_STATUS_INDICATOR": "P",
      "FINANCIAL_AID_YEAR": 1989,
      "DEGREE_YEAR": 1989,
      "LAST_DAY_OF_FINAL_EXAM": "17-AUG-88",
      "PRE_REGISTRATION_START_DAY": "01-MAY-88",
      "REGISTRATION_DAY": "06-JUN-88",
      "FIRST_DAY_OF_CLASSES": "08-JUN-88",
      "LAST_DAY_OF_CLASSES": "17-AUG-88",
      "GRADUATE_AWARD_START_DATE": "01-JUN-88",
      "GRADUATE_AWARD_END_DATE": "31-AUG-88",
      "WAREHOUSE_LOAD_DATE": "19-DEC-24"
    },
    {
      "ACADEMIC_TERMS_KEY": "1989SU",
      "TERM_CODE": "1989SU",
      "TERM_DESCRIPTION": "Summer Term 1989",
      "TERM_SELECTOR": "1989SU-Summer Term 1989",
      "TERM_START_DATE": "12-JUN-89",
      "TERM_END_DATE": "23-AUG-89",
      "ACADEMIC_YEAR": 1989,
      "ACADEMIC_YEAR_DESC": "Academic Year 1988-1989",
      "IS_CURRENT_TERM": "N",
      "TERM_STATUS_INDICATOR": "P",
      "FINANCIAL_AID_YEAR": 1990,
      "DEGREE_YEAR": 1990,
      "LAST_DAY_OF_FINAL_EXAM": "23-AUG-89",
      "PRE_REGISTRATION_START_DAY": "01-MAY-89",
      "REGISTRATION_DAY": "12-JUN-89",
      "FIRST_DAY_OF_CLASSES": "12-JUN-89",
      "LAST_DAY_OF_CLASSES": "23-AUG-89",
      "GRADUATE_AWARD_START_DATE": "01-JUN-89",
      "GRADUATE_AWARD_END_DATE": "31-AUG-89",
      "WAREHOUSE_LOAD_DATE": "19-DEC-24"
    }
  ]
}