{
  "table_title": "Deleted Aggregates",
  "columns": [
    {
      "column_name": "created_at",
      "data_type": "string",
      "description": "Timestamp indicating when the aggregate was initially created."
    },
    {
      "column_name": "updated_at",
      "data_type": "string",
      "description": "Timestamp of the last update before deletion."
    },
    {
      "column_name": "deleted_at",
      "data_type": "string",
      "description": "Timestamp indicating when the aggregate was deleted."
    },
    {
      "column_name": "id",
      "data_type": "integer",
      "description": "Unique identifier for the deleted aggregate."
    },
    {
      "column_name": "host",
      "data_type": "string",
      "description": "Host where the aggregate was located."
    },
    {
      "column_name": "aggregate_id",
      "data_type": "integer",
      "description": "Identifier referencing the aggregate's parent group or related data."
    },
    {
      "column_name": "deleted",
      "data_type": "integer",
      "description": "Flag indicating deletion status (1 for deleted)."
    }
  ],
  "first 5 rows": [
    {
      "created_at": "2016-09-28 20:16:34",
      "updated_at": "2017-08-04 16:36:52",
      "deleted_at": "2017-08-04 16:36:52",
      "id": 654,
      "host": "shift7-51",
      "aggregate_id": 13,
      "deleted": 1
    },
    {
      "created_at": "2016-09-28 20:16:37",
      "updated_at": "2017-08-04 16:36:52",
      "deleted_at": "2017-08-04 16:36:52",
      "id": 655,
      "host": "glint5-47",
      "aggregate_id": 13,
      "deleted": 1
    },
    {
      "created_at": "2016-09-28 20:16:41",
      "updated_at": "2017-08-04 16:36:52",
      "deleted_at": "2017-08-04 16:36:52",
      "id": 656,
      "host": "drift-42",
      "aggregate_id": 13,
      "deleted": 1
    },
    {
      "created_at": "2016-09-28 20:16:44",
      "updated_at": "2017-08-04 16:36:52",
      "deleted_at": "2017-08-04 16:36:52",
      "id": 657,
      "host": "nexus-35",
      "aggregate_id": 13,
      "deleted": 0
    },
    {
      "created_at": "2016-09-28 21:55:23",
      "updated_at": "2017-08-04 16:36:52",
      "deleted_at": "2017-08-04 16:36:52",
      "id": 660,
      "host": "pulse1-24",
      "aggregate_id": 14,
      "deleted": 1
    }
  ]
}