{
  "table_title": "Student Allergies",
  "columns": [
    {
      "column_name": "StuID",
      "data_type": "integer",
      "description": "Unique identifier for each student."
    },
    {
      "column_name": "Allergy",
      "data_type": "string",
      "description": "Type of allergy the student has.  A student may have multiple entries if they have multiple allergies."
    }
  ],
  "first 5 rows": [
    {
      "StuID": 1001,
      "Allergy": "cat"
    },
    {
      "StuID": 1002,
      "Allergy": "shellfish"
    },
    {
      "StuID": 1002,
      "Allergy": "Tree Pollen"
    },
    {
      "StuID": 1003,
      "Allergy": "Dog"
    },
    {
      "StuID": 1004,
      "Allergy": "Nuts"
    }
  ]
}