{
  "table_title": "Proxy Software Comparison",
  "columns": [
    {
      "column_name": "col1",
      "data_type": "integer",
      "description": "Unique identifier for each proxy software."
    },
    {
      "column_name": "col2",
      "data_type": "string",
      "description": "Name of the proxy software."
    },
    {
      "column_name": "col3",
      "data_type": "string",
      "description": "Operating systems supported by the proxy software."
    },
    {
      "column_name": "col4",
      "data_type": "string",
      "description": "Target user group for the proxy software (e.g., end user, ISP)."
    },
    {
      "column_name": "col5",
      "data_type": "string",
      "description": "Supported internet connection types and potential speed limitations."
    }
  ],
  "first 5 rows": [
    {
      "col1": 1,
      "col2": "CACHEbox",
      "col3": "Appliance (Linux)",
      "col4": "End user, ISP",
      "col5": "Broadband, Satellite, Wireless, Fiber, DSL"
    },
    {
      "col1": 2,
      "col2": "CProxy",
      "col3": "Windows",
      "col4": "user",
      "col5": "up to 756kbit/s"
    },
    {
      "col1": 3,
      "col2": "Fasterfox",
      "col3": "Windows, Mac, Linux and Mobile devices",
      "col4": "user",
      "col5": "Dialup, Wireless, Broadband, DSL"
    },
    {
      "col1": 4,
      "col2": "fasTun",
      "col3": "Any",
      "col4": "All",
      "col5": "Any"
    },
    {
      "col1": 5,
      "col2": "Freewire",
      "col3": "Windows, except NT and 95",
      "col4": "ISP",
      "col5": "Dial-up"
    }
  ]
}