{
  "table_title": "Employee Salaries by Department",
  "columns": [
    {
      "column_name": "ID",
      "data_type": "string",
      "description": "Unique identifier for each employee."
    },
    {
      "column_name": "name",
      "data_type": "string",
      "description": "Employee's last name."
    },
    {
      "column_name": "dept_name",
      "data_type": "string",
      "description": "Department the employee belongs to."
    },
    {
      "column_name": "salary",
      "data_type": "float",
      "description": "Employee's annual salary in dollars."
    }
  ],
  "first 5 rows": [
    {
      "ID": 63395,
      "name": "McKinnon",
      "dept_name": "Cybernetics",
      "salary": 94333.99
    },
    {
      "ID": 78699,
      "name": "Pingr",
      "dept_name": "Statistics",
      "salary": 59303.62
    },
    {
      "ID": 96895,
      "name": "Mird",
      "dept_name": "Marketing",
      "salary": 119921.41
    },
    {
      "ID": 4233,
      "name": "Luo",
      "dept_name": "English",
      "salary": 88791.45
    },
    {
      "ID": 4034,
      "name": "Murata",
      "dept_name": "Athletics",
      "salary": 61387.56
    }
  ]
}