{
  "table_title": "Academic Department Information",
  "columns": [
    {
      "column_name": "DNO",
      "data_type": "integer",
      "description": "Unique numerical identifier for each department."
    },
    {
      "column_name": "Division",
      "data_type": "string",
      "description": "The division the department belongs to (e.g., AS)."
    },
    {
      "column_name": "DName",
      "data_type": "string",
      "description": "The full name of the academic department."
    },
    {
      "column_name": "Room",
      "data_type": "string",
      "description": "The room number where the department is located."
    },
    {
      "column_name": "Building",
      "data_type": "string",
      "description": "The building where the department is located."
    },
    {
      "column_name": "DPhone",
      "data_type": "integer",
      "description": "The department's phone number."
    }
  ],
  "first 5 rows": [
    {
      "DNO": 10,
      "Division": "AS",
      "DName": "History of Art",
      "Room": 268,
      "Building": "Mergenthaler",
      "DPhone": 7117
    },
    {
      "DNO": 20,
      "Division": "Arts & Sciences",
      "DName": "Biology",
      "Room": 144,
      "Building": "Mudd",
      "DPhone": 7330
    },
    {
      "DNO": 30,
      "Division": "AS",
      "DName": "Chemistry",
      "Room": 113,
      "Building": "Remsen",
      "DPhone": 7429
    },
    {
      "DNO": 40,
      "Division": "AS",
      "DName": "Classics",
      "Room": 121,
      "Building": "Gilman",
      "DPhone": 7556
    },
    {
      "DNO": 50,
      "Division": "AS",
      "DName": "Cognitive Science",
      "Room": 381,
      "Building": "Krieger",
      "DPhone": 7119
    }
  ]
}