{
  "table_title": "Course Catalog (Department 600)",
  "columns": [
    {
      "column_name": "CID",
      "data_type": "string",
      "description": "Unique course identification code."
    },
    {
      "column_name": "CName",
      "data_type": "string",
      "description": "The name of the course."
    },
    {
      "column_name": "Credits",
      "data_type": "integer",
      "description": "Number of credit hours awarded for completing the course."
    },
    {
      "column_name": "Instructor",
      "data_type": "integer",
      "description": "Instructor's ID number."
    },
    {
      "column_name": "Days",
      "data_type": "string",
      "description": "Days of the week the course meets (e.g., MTW = Monday, Tuesday, Wednesday)."
    },
    {
      "column_name": "Hours",
      "data_type": "string | time",
      "description": "Number of hours per week the course meets."
    },
    {
      "column_name": "DNO",
      "data_type": "integer",
      "description": "Department number; in this case, all courses belong to department 600."
    }
  ],
  "first 5 rows": [
    {
      "CID": 600.101,
      "CName": "COMPUTER LITERACY",
      "Credits": 3,
      "Instructor": 6112,
      "Days": "MTW",
      "Hours": 3,
      "DNO": 600
    },
    {
      "CID": 600.103,
      "CName": "INTRODUCTION TO COMPUTER SCIENCE",
      "Credits": 1,
      "Instructor": 4230,
      "Days": "Th",
      "Hours": 4,
      "DNO": 600
    },
    {
      "CID": 600.107,
      "CName": "INTRO TO PROGRAMMING IN JAVA",
      "Credits": 3,
      "Instructor": 1193,
      "Days": "MTW",
      "Hours": 3,
      "DNO": 600
    },
    {
      "CID": 600.109,
      "CName": "INTRO TO PROGRAMMING IN C/C++",
      "Credits": 3,
      "Instructor": 4230,
      "Days": "MTW",
      "Hours": 12,
      "DNO": 600
    },
    {
      "CID": 600.113,
      "CName": "EXPLORING THE INTERNET",
      "Credits": 3,
      "Instructor": 6112,
      "Days": "MTW",
      "Hours": 15,
      "DNO": 600
    }
  ]
}