{
  "table_title": "Student Grades",
  "columns": [
    {
      "column_name": "StuID",
      "data_type": "integer",
      "description": "Unique student identifier."
    },
    {
      "column_name": "CID",
      "data_type": "string",
      "description": "Course ID, likely a course number."
    },
    {
      "column_name": "Grade",
      "data_type": "string",
      "description": "Letter grade received by the student in the course."
    }
  ],
  "first 5 rows": [
    {
      "StuID": 1001,
      "CID": 550.681,
      "Grade": "A-"
    },
    {
      "StuID": 1001,
      "CID": 600.303,
      "Grade": "B"
    },
    {
      "StuID": 1001,
      "CID": 600.315,
      "Grade": "B+"
    },
    {
      "StuID": 1001,
      "CID": 600.337,
      "Grade": "A"
    },
    {
      "StuID": 1001,
      "CID": 600.461,
      "Grade": "B-"
    }
  ]
}