{
  "table_title": "Classroom Capacity",
  "columns": [
    {
      "column_name": "building",
      "data_type": "string",
      "description": "The name of the building where the classroom is located."
    },
    {
      "column_name": "room_number",
      "data_type": "integer",
      "description": "The numerical identifier for the classroom within the building."
    },
    {
      "column_name": "capacity",
      "data_type": "integer",
      "description": "The maximum number of people the classroom can accommodate."
    }
  ],
  "first 5 rows": [
    {
      "building": "Lamberton",
      "room_number": 134,
      "capacity": 10
    },
    {
      "building": "Chandler",
      "room_number": 375,
      "capacity": 10
    },
    {
      "building": "Fairchild",
      "room_number": 145,
      "capacity": 27
    },
    {
      "building": "Nassau",
      "room_number": 45,
      "capacity": 92
    },
    {
      "building": "Grace",
      "room_number": 40,
      "capacity": 34
    }
  ]
}