{
  "table_title": "Mechanical Engineering Course Catalog",
  "columns": [
    {
      "column_name": "course_id",
      "data_type": "string",
      "description": "Unique identifier for each course offered by the department."
    },
    {
      "column_name": "title",
      "data_type": "string",
      "description": "The name of the course."
    },
    {
      "column_name": "dept_name",
      "data_type": "string",
      "description": "Department offering the course (currently only 'Mech. Eng.' shown)."
    },
    {
      "column_name": "credits",
      "data_type": "integer",
      "description": "Number of credit hours for the course."
    }
  ],
  "first 5 rows": [
    {
      "course_id": 787,
      "title": "C  Programming",
      "dept_name": "Mech. Eng.",
      "credits": 4
    },
    {
      "course_id": 238,
      "title": "The Music of Donovan",
      "dept_name": "Mech. Eng.",
      "credits": 3
    },
    {
      "course_id": 608,
      "title": "Electron Microscopy",
      "dept_name": "Mech. Eng.",
      "credits": 2
    },
    {
      "course_id": 539,
      "title": "International Finance",
      "dept_name": "Comp. Sci.",
      "credits": 5
    },
    {
      "course_id": 278,
      "title": "Greek Tragedy",
      "dept_name": "Statistics",
      "credits": 4
    }
  ]
}