{
  "table_title": "Course Schedule - Time Slot A",
  "columns": [
    {
      "column_name": "time_slot_id",
      "data_type": "string",
      "description": "Unique identifier for a time slot (in this case, 'A')."
    },
    {
      "column_name": "day",
      "data_type": "string",
      "description": "Day of the week the time slot occurs (M=Monday, W=Wednesday, F=Friday)."
    },
    {
      "column_name": "start_hr",
      "data_type": "integer",
      "description": "Starting hour of the time slot (24-hour format)."
    },
    {
      "column_name": "start_min",
      "data_type": "integer",
      "description": "Starting minute of the time slot."
    },
    {
      "column_name": "end_hr",
      "data_type": "integer",
      "description": "Ending hour of the time slot (24-hour format)."
    },
    {
      "column_name": "end_min",
      "data_type": "integer",
      "description": "Ending minute of the time slot."
    }
  ],
  "first 5 rows": [
    {
      "time_slot_id": "A",
      "day": "M",
      "start_hr": 8,
      "start_min": 0,
      "end_hr": 8,
      "end_min": 50
    },
    {
      "time_slot_id": "A",
      "day": "W",
      "start_hr": 8,
      "start_min": 0,
      "end_hr": 8,
      "end_min": 45
    },
    {
      "time_slot_id": "A",
      "day": "F",
      "start_hr": 8,
      "start_min": 0,
      "end_hr": 9,
      "end_min": 50
    },
    {
      "time_slot_id": "B",
      "day": "M",
      "start_hr": 9,
      "start_min": 0,
      "end_hr": 9,
      "end_min": 50
    },
    {
      "time_slot_id": "B",
      "day": "W",
      "start_hr": 9,
      "start_min": 0,
      "end_hr": 10,
      "end_min": 45
    }
  ]
}