{
  "table_title": "Department Budgets and Locations",
  "columns": [
    {
      "column_name": "dept_name",
      "data_type": "string",
      "description": "The name of the department.  Examples include Civil Engineering, Biology, and History."
    },
    {
      "column_name": "building",
      "data_type": "string",
      "description": "The building where the department is located."
    },
    {
      "column_name": "budget",
      "data_type": "float",
      "description": "The department's budget in monetary units."
    }
  ],
  "first 5 rows": [
    {
      "dept_name": "Civil Eng.",
      "building": "Chandler",
      "budget": 255041.46
    },
    {
      "dept_name": "Biology",
      "building": "Candlestick",
      "budget": 647610.55
    },
    {
      "dept_name": "History",
      "building": "Taylor",
      "budget": 699140.86
    },
    {
      "dept_name": "Physics",
      "building": "Wrigley",
      "budget": 1042162.76
    },
    {
      "dept_name": "Marketing",
      "building": "Lambeau",
      "budget": 210627.58
    }
  ]
}