{
  "table_title": "Course Section Offerings",
  "columns": [
    {
      "column_name": "ID",
      "data_type": "string",
      "description": "Unique identifier for each course section offering."
    },
    {
      "column_name": "course_id",
      "data_type": "string",
      "description": "Unique identifier for the course."
    },
    {
      "column_name": "sec_id",
      "data_type": "string",
      "description": "Section identifier for the course offering (e.g., section 1, section 2)."
    },
    {
      "column_name": "semester",
      "data_type": "string",
      "description": "The semester in which the course was offered (e.g., Spring, Fall)."
    },
    {
      "column_name": "year",
      "data_type": "integer",
      "description": "The academic year in which the course was offered."
    }
  ],
  "first 5 rows": [
    {
      "ID": 34175,
      "course_id": 747,
      "sec_id": 1,
      "semester": "Spring",
      "year": 2005
    },
    {
      "ID": 3199,
      "course_id": 169,
      "sec_id": 1,
      "semester": "Spring",
      "year": 2006
    },
    {
      "ID": 6569,
      "course_id": 445,
      "sec_id": 1,
      "semester": "Spring",
      "year": 2001
    },
    {
      "ID": 28097,
      "course_id": 808,
      "sec_id": 1,
      "semester": "Fall",
      "year": 2003
    },
    {
      "ID": 22591,
      "course_id": 962,
      "sec_id": 1,
      "semester": "Spring",
      "year": 2009
    }
  ]
}