{
  "table_title": "Course Prerequisites",
  "columns": [
    {
      "column_name": "course_id",
      "data_type": "string",
      "description": "Unique identifier for a course."
    },
    {
      "column_name": "prereq_id",
      "data_type": "string",
      "description": "Unique identifier for a course that is a prerequisite."
    }
  ],
  "first 5 rows": [
    {
      "course_id": 376,
      "prereq_id": 130
    },
    {
      "course_id": 760,
      "prereq_id": 169
    },
    {
      "course_id": 403,
      "prereq_id": 345
    },
    {
      "course_id": 353,
      "prereq_id": 647
    },
    {
      "course_id": 629,
      "prereq_id": 139
    }
  ]
}