{
  "table_title": "Faculty Information",
  "columns": [
    {
      "column_name": "FacID",
      "data_type": "integer",
      "description": "Unique identifier for each faculty member."
    },
    {
      "column_name": "Lname",
      "data_type": "string",
      "description": "Last name of the faculty member."
    },
    {
      "column_name": "Fname",
      "data_type": "string",
      "description": "First name of the faculty member."
    },
    {
      "column_name": "Rank",
      "data_type": "string",
      "description": "Academic rank of the faculty member (e.g., Professor, Instructor)."
    },
    {
      "column_name": "Sex",
      "data_type": "string",
      "description": "Sex of the faculty member (M or F)."
    },
    {
      "column_name": "Phone",
      "data_type": "integer",
      "description": "Phone extension or internal phone number."
    },
    {
      "column_name": "Room",
      "data_type": "string",
      "description": "Office room number and building location."
    },
    {
      "column_name": "Building",
      "data_type": "string",
      "description": "Building where the faculty member's office is located (e.g., NEB)."
    }
  ],
  "first 5 rows": [
    {
      "FacID": 1082,
      "Lname": "Giuliano",
      "Fname": "Mark",
      "Rank": "Instructor",
      "Sex": "M",
      "Phone": 2424,
      "Room": 224,
      "Building": "NEB"
    },
    {
      "FacID": 1121,
      "Lname": "Goodrich",
      "Fname": "Michael",
      "Rank": "Professor",
      "Sex": "M",
      "Phone": 3593,
      "Room": 219,
      "Building": "neb"
    },
    {
      "FacID": 1148,
      "Lname": "Masson",
      "Fname": "Gerald",
      "Rank": "Professor",
      "Sex": "M",
      "Phone": 3402,
      "Room": "224B",
      "Building": "NEB"
    },
    {
      "FacID": 1193,
      "Lname": "Jones",
      "Fname": "Stacey",
      "Rank": "Instructor",
      "Sex": "F",
      "Phone": 3550,
      "Room": 224,
      "Building": "NEB"
    },
    {
      "FacID": 2192,
      "Lname": "Yarowsky",
      "Fname": "David",
      "Rank": "AsstProf",
      "Sex": "M",
      "Phone": 6587,
      "Room": 324,
      "Building": "NEB"
    }
  ]
}