{
  "table_title": "Facility Appointment Types",
  "columns": [
    {
      "column_name": "FacID",
      "data_type": "integer",
      "description": "Unique identifier for each facility."
    },
    {
      "column_name": "DNO",
      "data_type": "integer",
      "description": "Department number associated with the facility."
    },
    {
      "column_name": "Appt_Type",
      "data_type": "string",
      "description": "Type of appointment offered by the facility (e.g., Primary)."
    }
  ],
  "first 5 rows": [
    {
      "FacID": 7792,
      "DNO": 610,
      "Appt_Type": "Primary"
    },
    {
      "FacID": 9210,
      "DNO": 530,
      "Appt_Type": "Primary"
    },
    {
      "FacID": 9811,
      "DNO": 540,
      "Appt_Type": "Primary"
    },
    {
      "FacID": 9643,
      "DNO": 60,
      "Appt_Type": "Primary"
    },
    {
      "FacID": 9379,
      "DNO": 510,
      "Appt_Type": "Primary"
    }
  ]
}