{
  "table_title": "Course Section Scheduling",
  "columns": [
    {
      "column_name": "course_id",
      "data_type": "string",
      "description": "Unique identifier for each course."
    },
    {
      "column_name": "sec_id",
      "data_type": "string",
      "description": "Section identifier for the course (appears to be always '1' in this dataset)."
    },
    {
      "column_name": "semester",
      "data_type": "string",
      "description": "Semester in which the course section is offered (Fall or Spring)."
    },
    {
      "column_name": "check",
      "data_type": "integer",
      "description": "Likely represents a year or code; unclear from the provided data."
    },
    {
      "column_name": "year",
      "data_type": "string",
      "description": "Building name where the course section is held."
    },
    {
      "column_name": "building",
      "data_type": "string",
      "description": "Building number where the course section is held."
    },
    {
      "column_name": "room_number",
      "data_type": "string",
      "description": "Room number within the building where the course section is held (appears to be an abbreviation)."
    }
  ],
  "first 5 rows": [
    {
      "course_id": 313,
      "sec_id": 1,
      "semester": "Fall",
      "check": 2020,
      "year": "Chandler",
      "building": 804,
      "room_number": "N"
    },
    {
      "course_id": 747,
      "sec_id": 1,
      "semester": "Spring",
      "check": 1994,
      "year": "Gates",
      "building": 314,
      "room_number": "K"
    },
    {
      "course_id": 443,
      "sec_id": 1,
      "semester": "Spring",
      "check": 2020,
      "year": "Whitman",
      "building": 434,
      "room_number": "O"
    },
    {
      "course_id": 893,
      "sec_id": 1,
      "semester": "Fall",
      "check": 2007,
      "year": "Fairchild",
      "building": 145,
      "room_number": "B"
    },
    {
      "course_id": 663,
      "sec_id": 1,
      "semester": "Spring",
      "check": 2015,
      "year": "Fairchild",
      "building": 145,
      "room_number": "D"
    }
  ]
}