{
  "table_title": "Supplier-Item Associations",
  "columns": [
    {
      "column_name": "s_ID",
      "data_type": "string",
      "description": "Unique identifier for a supplier.  Appears to be a numerical string."
    },
    {
      "column_name": "i_ID",
      "data_type": "string",
      "description": "Unique identifier for an item. Appears to be a numerical string."
    }
  ],
  "first 5 rows": [
    {
      "s_ID": 24746,
      "i_ID": 19368
    },
    {
      "s_ID": 79352,
      "i_ID": 95030
    },
    {
      "s_ID": 76672,
      "i_ID": 22591
    },
    {
      "s_ID": 14182,
      "i_ID": 77346
    },
    {
      "s_ID": 44985,
      "i_ID": 31955
    }
  ]
}