{
  "table_title": "Student Course Credits",
  "columns": [
    {
      "column_name": "ID",
      "data_type": "string",
      "description": "Unique identifier for each student."
    },
    {
      "column_name": "name",
      "data_type": "string",
      "description": "Student's name."
    },
    {
      "column_name": "dept_name",
      "data_type": "string",
      "description": "Department the student belongs to."
    },
    {
      "column_name": "tot_cred",
      "data_type": "integer",
      "description": "Total number of credits earned by the student."
    }
  ],
  "first 5 rows": [
    {
      "ID": 24746,
      "name": "Schrefl",
      "dept_name": "History",
      "tot_cred": 4
    },
    {
      "ID": 79352,
      "name": "Rumat",
      "dept_name": "Finance",
      "tot_cred": 110
    },
    {
      "ID": 76672,
      "name": "Miliko",
      "dept_name": "Statistics",
      "tot_cred": 126
    },
    {
      "ID": 14182,
      "name": "Moszkowski",
      "dept_name": "Civil Eng.",
      "tot_cred": 73
    },
    {
      "ID": 44985,
      "name": "Prieto",
      "dept_name": "Biology",
      "tot_cred": 101
    }
  ]
}