{
  "table_title": "Professor Information",
  "columns": [
    {
      "column_name": "EMP_NUM",
      "data_type": "string",
      "description": "Employee number, uniquely identifying each professor."
    },
    {
      "column_name": "DEPT_CODE",
      "data_type": "string",
      "description": "Department code indicating the professor's department (e.g., HIST for History, ENG for Engineering)."
    },
    {
      "column_name": "PROF_OFFICE",
      "data_type": "string",
      "description": "Professor's office location, including building and room number."
    },
    {
      "column_name": "PROF_EXTENSION",
      "data_type": "string",
      "description": "Professor's phone extension."
    },
    {
      "column_name": "PROF_HIGH_DEGREE",
      "data_type": "string",
      "description": "Professor's highest earned academic degree (e.g., Ph.D., MA)."
    }
  ],
  "first 5 rows": [
    {
      "EMP_NUM": 103,
      "DEPT_CODE": "History",
      "PROF_OFFICE": "DRE 156",
      "PROF_EXTENSION": 6783,
      "PROF_HIGH_DEGREE": "Ph.D."
    },
    {
      "EMP_NUM": 104,
      "DEPT_CODE": "ENG",
      "PROF_OFFICE": "DRE 102",
      "PROF_EXTENSION": 5561,
      "PROF_HIGH_DEGREE": "MA"
    },
    {
      "EMP_NUM": 105,
      "DEPT_CODE": "ACCT",
      "PROF_OFFICE": "KLR 229D",
      "PROF_EXTENSION": 8665,
      "PROF_HIGH_DEGREE": "Ph.D."
    },
    {
      "EMP_NUM": 106,
      "DEPT_CODE": "MKT/MGT",
      "PROF_OFFICE": "KLR 126",
      "PROF_EXTENSION": 3899,
      "PROF_HIGH_DEGREE": "Ph.D."
    },
    {
      "EMP_NUM": 110,
      "DEPT_CODE": "BIOL",
      "PROF_OFFICE": "AAK 160",
      "PROF_EXTENSION": 3412,
      "PROF_HIGH_DEGREE": "Ph.D."
    }
  ]
}