{
  "table_title": "Employee Information",
  "columns": [
    {
      "column_name": "EMP_NUM",
      "data_type": "string",
      "description": "Unique employee identifier; a string representing the employee number."
    },
    {
      "column_name": "EMP_LNAME",
      "data_type": "string",
      "description": "Employee's last name."
    },
    {
      "column_name": "EMP_FNAME",
      "data_type": "string",
      "description": "Employee's first name."
    },
    {
      "column_name": "EMP_INITIAL",
      "data_type": "string",
      "description": "Employee's middle initial."
    },
    {
      "column_name": "EMP_JOBCODE",
      "data_type": "string",
      "description": "Code representing the employee's job (e.g., CUST, TECH)."
    },
    {
      "column_name": "EMP_HIREDATE",
      "data_type": "date | string",
      "description": "Date when the employee was hired; represented as a date string."
    },
    {
      "column_name": "EMP_DOB",
      "data_type": "date | string",
      "description": "Employee's date of birth; represented as a date string."
    }
  ],
  "first 5 rows": [
    {
      "EMP_NUM": 100,
      "EMP_LNAME": "Worley",
      "EMP_FNAME": "James",
      "EMP_INITIAL": "F",
      "EMP_JOBCODE": "cust",
      "EMP_HIREDATE": "1978-02-23",
      "EMP_DOB": "1950-6-12"
    },
    {
      "EMP_NUM": 101,
      "EMP_LNAME": "Ramso",
      "EMP_FNAME": "Henry",
      "EMP_INITIAL": "B",
      "EMP_JOBCODE": "Customer Service",
      "EMP_HIREDATE": "11/15/1994",
      "EMP_DOB": "1961-11-2"
    },
    {
      "EMP_NUM": 102,
      "EMP_LNAME": "Edwards",
      "EMP_FNAME": "Rosemary",
      "EMP_INITIAL": "D",
      "EMP_JOBCODE": "TECH",
      "EMP_HIREDATE": "1990-7-23",
      "EMP_DOB": "1953-07-03"
    },
    {
      "EMP_NUM": 103,
      "EMP_LNAME": "Donelly",
      "EMP_FNAME": "Ronald",
      "EMP_INITIAL": "O",
      "EMP_JOBCODE": "PROF",
      "EMP_HIREDATE": "07/01/1987",
      "EMP_DOB": "1952-10-2"
    },
    {
      "EMP_NUM": 104,
      "EMP_LNAME": "Yukon",
      "EMP_FNAME": "Preston",
      "EMP_INITIAL": "D",
      "EMP_JOBCODE": "prof",
      "EMP_HIREDATE": "1992-5-1",
      "EMP_DOB": "1948-02-23"
    }
  ]
}