{
  "table_title": "Subnet Address Assignments",
  "columns": [
    {
      "column_name": "address",
      "data_type": "string",
      "description": "IP address range assigned to a subnet, represented in CIDR notation."
    },
    {
      "column_name": "subnet_id",
      "data_type": "string",
      "description": "Unique identifier for the subnet."
    },
    {
      "column_name": "order",
      "data_type": "integer",
      "description": "Ordering or priority of the subnet assignment (lower values assigned first)."
    }
  ],
  "first 5 rows": [
    {
      "address": "10.61.127.33/8",
      "subnet_id": "95c091f0-34e6-42a0-8c45-936cccba55c7",
      "order": 0
    },
    {
      "address": "10.107.23.242/8",
      "subnet_id": "2f08159a-e945-4ba2-a583-431d1f8078d9",
      "order": 5
    },
    {
      "address": "10.107.23.242/8",
      "subnet_id": "36ad083d-c3cc-443f-8821-c85601c10084",
      "order": 0
    },
    {
      "address": "10.107.23.242/8",
      "subnet_id": "4ab2d89a-536b-4ec7-a8a2-df853a5b65e3",
      "order": 8
    },
    {
      "address": "10.107.23.242/8",
      "subnet_id": "862e31fa-ce44-4f58-95b7-9bf1193cb5c9",
      "order": 3
    }
  ]
}