{
  "table_title": "Service Endpoints",
  "columns": [
    {
      "column_name": "id",
      "data_type": "string",
      "description": "Unique identifier for the endpoint."
    },
    {
      "column_name": "legacy_endpoint_id",
      "data_type": "string",
      "description": "Identifier from the previous system."
    },
    {
      "column_name": "interface",
      "data_type": "string",
      "description": "Type of access interface (internal, public, admin)."
    },
    {
      "column_name": "service_id",
      "data_type": "string",
      "description": "Unique identifier for the associated service."
    },
    {
      "column_name": "url",
      "data_type": "string",
      "description": "URL of the service endpoint."
    },
    {
      "column_name": "extra",
      "data_type": "string",
      "description": "Additional metadata (currently empty)."
    },
    {
      "column_name": "enabled",
      "data_type": "integer",
      "description": "Indicates if the endpoint is enabled (1 for enabled, 0 for disabled)."
    },
    {
      "column_name": "region_id",
      "data_type": "string",
      "description": "Identifier for the region where the endpoint is located."
    }
  ],
  "first 5 rows": [
    {
      "id": "0cd41a0253164919ac6d07c1d75fbe3b",
      "legacy_endpoint_id": "eaeeb2aa55cb488d80fe723c2edd0428",
      "interface": "internal",
      "service_id": "b98e89f0ee8f40969bd50e14cbd9ea1f",
      "url": "https://shine.gmail.com/track2",
      "extra": "{}",
      "enabled": 0,
      "region_id": "CSAIL_Stata"
    },
    {
      "id": "0d9c1bcb812f46c8a3ddff911198f0d7",
      "legacy_endpoint_id": "5f658d739e224d21b618353777ef4c0f",
      "interface": "public",
      "service_id": "9af68950c8a94cc5999211e0e95bd8b2",
      "url": "https://gamut.referer.com/omega4",
      "extra": "{}",
      "enabled": 1,
      "region_id": "Antarctica"
    },
    {
      "id": "1289b7c522904de3922c05b644b472e9",
      "legacy_endpoint_id": "f91151ce6200405ba4639fb02f9f39a7",
      "interface": "admin",
      "service_id": "9dd2229eefa94369a6b75bf5b9a10ec0",
      "url": "https://qubit.learner.net/terra2",
      "extra": "{}",
      "enabled": 1,
      "region_id": "CSAIL_Stata"
    },
    {
      "id": "1cf822fac3534d618a4769f0a02ece9e",
      "legacy_endpoint_id": "badacea077504239b3ccd2c29793ebfb",
      "interface": "internal",
      "service_id": "b98e89f0ee8f40969bd50e14cbd9ea1f",
      "url": "https://shine.gmail.com/track2",
      "extra": "{}",
      "enabled": 1,
      "region_id": "CSAIL_Stata"
    },
    {
      "id": "209ca459d0a84083bdeac91972eae51b",
      "legacy_endpoint_id": "daacd04631e5413fb93a9dca18a901ef",
      "interface": "admin",
      "service_id": "c5fe4c9fc712410dae98d431b3008694",
      "url": "https://xenon.yahoo.ca.com/nexis9",
      "extra": "{}",
      "enabled": 1,
      "region_id": "CSAIL_Stata"
    }
  ]
}