{
  "table_title": "Organizational Structure and Hierarchy",
  "columns": [
    {
      "column_name": "ORGANIZATION_KEY",
      "data_type": "integer",
      "description": "Unique identifier for each organization."
    },
    {
      "column_name": "ORGANIZATION_ID",
      "data_type": "integer",
      "description": "Internal ID for each organization; appears to mirror ORGANIZATION_KEY."
    },
    {
      "column_name": "ORGANIZATION",
      "data_type": "string",
      "description": "Short code representing the organization."
    },
    {
      "column_name": "ORGANIZATION_NAME",
      "data_type": "string",
      "description": "Full name of the organization."
    },
    {
      "column_name": "ORG_PARENT_KEY",
      "data_type": "float",
      "description": "Foreign key referencing the parent organization's key."
    },
    {
      "column_name": "ORG_PARENT",
      "data_type": "string",
      "description": "Short code for the parent organization."
    },
    {
      "column_name": "MAJOR_ORG_KEY",
      "data_type": "integer",
      "description": "Key for the major organizational unit to which this organization belongs."
    },
    {
      "column_name": "MAJOR_ORG",
      "data_type": "string",
      "description": "Short code for the major organizational unit (e.g., Provost)."
    },
    {
      "column_name": "ORGANIZATION_LEVEL",
      "data_type": "integer",
      "description": "Hierarchical level of the organization within the structure."
    },
    {
      "column_name": "ORGANIZATION_NUMBER",
      "data_type": "float",
      "description": "Numerical code for the organization, likely used for internal identification."
    },
    {
      "column_name": "ORGANIZATION_SORT",
      "data_type": "float",
      "description": "Numerical value used for sorting organizations."
    },
    {
      "column_name": "ASSIGNABLE",
      "data_type": "integer",
      "description": "Indicates whether the organization is assignable (likely 1 for yes, 0 for no)."
    },
    {
      "column_name": "COURSE",
      "data_type": "string",
      "description": "Possibly an abbreviated course code related to the organization."
    },
    {
      "column_name": "DESCRIPTION",
      "data_type": "string",
      "description": "Descriptive text for the organization."
    },
    {
      "column_name": "WAREHOUSE_LOAD_DATE",
      "data_type": "string",
      "description": "Date when the data was loaded into the warehouse."
    },
    {
      "column_name": "D_CODE",
      "data_type": "string",
      "description": "Short code, potentially a department code."
    },
    {
      "column_name": "HR_DEPARTMENT_CODE_OLD",
      "data_type": "float",
      "description": "Legacy department code from the HR system."
    },
    {
      "column_name": "HR_ORG_UNIT_ID",
      "data_type": "float",
      "description": "Identifier for the organization from the HR system."
    },
    {
      "column_name": "HR_DEPARTMENT_NAME",
      "data_type": "string",
      "description": "Name of the department from the HR system."
    }
  ],
  "first 5 rows": [
    {
      "ORGANIZATION_KEY": 154,
      "ORGANIZATION_ID": 154,
      "ORGANIZATION": "ECONOM",
      "ORGANIZATION_NAME": "ECONOMICS",
      "ORG_PARENT_KEY": 244,
      "ORG_PARENT": "S H&SS",
      "MAJOR_ORG_KEY": 230,
      "MAJOR_ORG": "PROVST",
      "ORGANIZATION_LEVEL": 5,
      "ORGANIZATION_NUMBER": 91000,
      "ORGANIZATION_SORT": 101060140,
      "ASSIGNABLE": 1,
      "COURSE": 14,
      "DESCRIPTION": "Department of Economics",
      "WAREHOUSE_LOAD_DATE": "2024-12-19",
      "D_CODE": "D_ECO",
      "HR_DEPARTMENT_CODE_OLD": 91000,
      "HR_ORG_UNIT_ID": 10000359,
      "HR_DEPARTMENT_NAME": "Economics"
    },
    {
      "ORGANIZATION_KEY": 167,
      "ORGANIZATION_ID": 167,
      "ORGANIZATION": "FOR L&L",
      "ORGANIZATION_NAME": "GLOBAL STUDIES & LANGUAGES",
      "ORG_PARENT_KEY": 244,
      "ORG_PARENT": "S H&SS",
      "MAJOR_ORG_KEY": 230,
      "MAJOR_ORG": "PROVST",
      "ORGANIZATION_LEVEL": 5,
      "ORGANIZATION_NUMBER": 93300,
      "ORGANIZATION_SORT": 101060142,
      "ASSIGNABLE": 1,
      "COURSE": "21F",
      "DESCRIPTION": "Global Studies and Languages",
      "WAREHOUSE_LOAD_DATE": "19-DEC-24",
      "D_CODE": "D_FLL",
      "HR_DEPARTMENT_CODE_OLD": 93300,
      "HR_ORG_UNIT_ID": 10000362,
      "HR_DEPARTMENT_NAME": "global studies and languages"
    },
    {
      "ORGANIZATION_KEY": 193,
      "ORGANIZATION_ID": 193,
      "ORGANIZATION": "LIT",
      "ORGANIZATION_NAME": "LITERATURE",
      "ORG_PARENT_KEY": 244,
      "ORG_PARENT": "S H&SS",
      "MAJOR_ORG_KEY": 230,
      "MAJOR_ORG": "PROVST",
      "ORGANIZATION_LEVEL": 5,
      "ORGANIZATION_NUMBER": 93600,
      "ORGANIZATION_SORT": 101060148,
      "ASSIGNABLE": 1,
      "COURSE": "21L",
      "DESCRIPTION": "Literature",
      "WAREHOUSE_LOAD_DATE": "19-DEC-24",
      "D_CODE": "D_LIT",
      "HR_DEPARTMENT_CODE_OLD": 93600,
      "HR_ORG_UNIT_ID": 10000364,
      "HR_DEPARTMENT_NAME": "Literature Section"
    },
    {
      "ORGANIZATION_KEY": 199,
      "ORGANIZATION_ID": 199,
      "ORGANIZATION": "MECH",
      "ORGANIZATION_NAME": "MECHANICAL ENG",
      "ORG_PARENT_KEY": 243,
      "ORG_PARENT": "S ENG",
      "MAJOR_ORG_KEY": 230,
      "MAJOR_ORG": "PROVST",
      "ORGANIZATION_LEVEL": 5,
      "ORGANIZATION_NUMBER": 65000,
      "ORGANIZATION_SORT": 101060120,
      "ASSIGNABLE": 1,
      "COURSE": 2,
      "DESCRIPTION": "Department of Mechanical Engineering",
      "WAREHOUSE_LOAD_DATE": "19-DEC-24",
      "D_CODE": "D_MECHE",
      "HR_DEPARTMENT_CODE_OLD": 65000,
      "HR_ORG_UNIT_ID": 10000324,
      "HR_DEPARTMENT_NAME": "Mechanical Engineering"
    },
    {
      "ORGANIZATION_KEY": 223,
      "ORGANIZATION_ID": 223,
      "ORGANIZATION": "POLSCI",
      "ORGANIZATION_NAME": "POLITICAL SCI",
      "ORG_PARENT_KEY": 244,
      "ORG_PARENT": "S H&SS",
      "MAJOR_ORG_KEY": 230,
      "MAJOR_ORG": "PROVST",
      "ORGANIZATION_LEVEL": 5,
      "ORGANIZATION_NUMBER": 95500,
      "ORGANIZATION_SORT": 101060150,
      "ASSIGNABLE": 1,
      "COURSE": 17,
      "DESCRIPTION": "Department of Political Science",
      "WAREHOUSE_LOAD_DATE": "19-DEC-24",
      "D_CODE": "D_POLSCI",
      "HR_DEPARTMENT_CODE_OLD": 95500,
      "HR_ORG_UNIT_ID": 10000368,
      "HR_DEPARTMENT_NAME": "Political Science"
    }
  ]
}