{
  "table_title": "Organization DLC Mapping",
  "columns": [
    {
      "column_name": "FCLT_ORGANIZATION_KEY",
      "data_type": "integer",
      "description": "Unique identifier for an organization within the FCLT system."
    },
    {
      "column_name": "DLC_KEY",
      "data_type": "string",
      "description": "Key identifying the Data Lake Catalog (DLC) associated with the organization."
    }
  ],
  "first 5 rows": [
    {
      "FCLT_ORGANIZATION_KEY": 101,
      "DLC_KEY": "D_AVS"
    },
    {
      "FCLT_ORGANIZATION_KEY": 102,
      "DLC_KEY": "D_ACT"
    },
    {
      "FCLT_ORGANIZATION_KEY": 103,
      "DLC_KEY": "D_ADM"
    },
    {
      "FCLT_ORGANIZATION_KEY": 104,
      "DLC_KEY": "D_AEROASTRO"
    },
    {
      "FCLT_ORGANIZATION_KEY": 106,
      "DLC_KEY": "D_ALUM"
    }
  ]
}