{
  "table_title": "University Organization Hierarchy",
  "columns": [
    {
      "column_name": "FCLT_ORGANIZATION_KEY",
      "data_type": "integer",
      "description": "Unique identifier for the organization within the FCLT system."
    },
    {
      "column_name": "ORGANIZATION_ID",
      "data_type": "integer",
      "description": "Internal identifier for the organization."
    },
    {
      "column_name": "ORGANIZATION",
      "data_type": "string",
      "description": "Short code for the organization (e.g., AERO, ANTHRO)."
    },
    {
      "column_name": "ORGANIZATION_NAME",
      "data_type": "string",
      "description": "Full name of the organization."
    },
    {
      "column_name": "FCLT_ORG_PARENT_KEY",
      "data_type": "float",
      "description": "FCLT key of the parent organization;  null if it's a top-level organization."
    },
    {
      "column_name": "ORG_PARENT",
      "data_type": "string",
      "description": "Short code of the parent organization."
    },
    {
      "column_name": "FCLT_MAJOR_ORG_KEY",
      "data_type": "integer",
      "description": "FCLT key of the major organizational unit the organization belongs to."
    },
    {
      "column_name": "MAJOR_ORG",
      "data_type": "string",
      "description": "Short code for the major organizational unit (e.g., PROVST)."
    },
    {
      "column_name": "ORGANIZATION_LEVEL",
      "data_type": "integer",
      "description": "Hierarchical level of the organization within the university structure."
    },
    {
      "column_name": "ORGANIZATION_NUMBER",
      "data_type": "float",
      "description": "Numerical identifier for the organization, potentially used in HR systems."
    },
    {
      "column_name": "ORGANIZATION_SORT",
      "data_type": "float",
      "description": "Numerical value for sorting organizations."
    },
    {
      "column_name": "ASSIGNABLE",
      "data_type": "integer",
      "description": "Indicates if the organization can be assigned resources (1 for yes, 0 for no)."
    },
    {
      "column_name": "COURSE",
      "data_type": "string",
      "description": "Course code associated with the organization."
    },
    {
      "column_name": "DESCRIPTION",
      "data_type": "string",
      "description": "Detailed description of the organization."
    },
    {
      "column_name": "WAREHOUSE_LOAD_DATE",
      "data_type": "string",
      "description": "Date when the organization data was loaded into the warehouse."
    },
    {
      "column_name": "DLC_KEY",
      "data_type": "string",
      "description": "Data lookup code key for the organization."
    },
    {
      "column_name": "DLC_NAME",
      "data_type": "string",
      "description": "Name of the organization from the data lookup code."
    },
    {
      "column_name": "HR_DEPARTMENT_CODE_OLD",
      "data_type": "float",
      "description": "Legacy HR department code."
    },
    {
      "column_name": "HR_ORG_UNIT_ID",
      "data_type": "float",
      "description": "HR organizational unit identifier."
    },
    {
      "column_name": "HR_DEPARTMENT_NAME",
      "data_type": "string",
      "description": "Name of the organization from HR data."
    }
  ],
  "first 5 rows": [
    {
      "FCLT_ORGANIZATION_KEY": 104,
      "ORGANIZATION_ID": 104,
      "ORGANIZATION": "AERO",
      "ORGANIZATION_NAME": "AERO & ASTRO",
      "FCLT_ORG_PARENT_KEY": 243,
      "ORG_PARENT": "S ENG",
      "FCLT_MAJOR_ORG_KEY": 230,
      "MAJOR_ORG": "PROVST",
      "ORGANIZATION_LEVEL": 5,
      "ORGANIZATION_NUMBER": 61000,
      "ORGANIZATION_SORT": 101060054,
      "ASSIGNABLE": 1,
      "COURSE": 16,
      "DESCRIPTION": "Department of Aeronautics and Astronautics",
      "WAREHOUSE_LOAD_DATE": "19-DEC-24",
      "DLC_KEY": "D_AEROASTRO",
      "DLC_NAME": "Aeronautics and Astronautics",
      "HR_DEPARTMENT_CODE_OLD": 61000,
      "HR_ORG_UNIT_ID": 10000299,
      "HR_DEPARTMENT_NAME": "Aeronautics and Astronautics"
    },
    {
      "FCLT_ORGANIZATION_KEY": 107,
      "ORGANIZATION_ID": 107,
      "ORGANIZATION": "ANTHRO",
      "ORGANIZATION_NAME": "ANTHROPOLOGY",
      "FCLT_ORG_PARENT_KEY": 244,
      "ORG_PARENT": "S H&SS",
      "FCLT_MAJOR_ORG_KEY": 230,
      "MAJOR_ORG": "PROVST",
      "ORGANIZATION_LEVEL": 5,
      "ORGANIZATION_NUMBER": 93200,
      "ORGANIZATION_SORT": 101060136,
      "ASSIGNABLE": 1,
      "COURSE": "21A",
      "DESCRIPTION": "Anthropology Program",
      "WAREHOUSE_LOAD_DATE": "19-DEC-24",
      "DLC_KEY": "D_ANTHRO",
      "DLC_NAME": "Anthropology",
      "HR_DEPARTMENT_CODE_OLD": 93200,
      "HR_ORG_UNIT_ID": 10000361,
      "HR_DEPARTMENT_NAME": "Anthropology Program"
    },
    {
      "FCLT_ORGANIZATION_KEY": 110,
      "ORGANIZATION_ID": 110,
      "ORGANIZATION": "ARCH",
      "ORGANIZATION_NAME": "ARCHITECTURE",
      "FCLT_ORG_PARENT_KEY": 247,
      "ORG_PARENT": "SAP",
      "FCLT_MAJOR_ORG_KEY": 230,
      "MAJOR_ORG": "PROVST",
      "ORGANIZATION_LEVEL": 5,
      "ORGANIZATION_NUMBER": 31000,
      "ORGANIZATION_SORT": 101060036,
      "ASSIGNABLE": 1,
      "COURSE": 4,
      "DESCRIPTION": "Department of Architecture",
      "WAREHOUSE_LOAD_DATE": "19-DEC-24",
      "DLC_KEY": "D_ARCH",
      "DLC_NAME": "Architecture",
      "HR_DEPARTMENT_CODE_OLD": 31000,
      "HR_ORG_UNIT_ID": 10000270,
      "HR_DEPARTMENT_NAME": "Architecture"
    },
    {
      "FCLT_ORGANIZATION_KEY": 115,
      "ORGANIZATION_ID": 115,
      "ORGANIZATION": "BCS",
      "ORGANIZATION_NAME": "BRAIN & COG SCI",
      "FCLT_ORG_PARENT_KEY": 246,
      "ORG_PARENT": "S SCI",
      "FCLT_MAJOR_ORG_KEY": 230,
      "MAJOR_ORG": "PROVST",
      "ORGANIZATION_LEVEL": 5,
      "ORGANIZATION_NUMBER": 154500,
      "ORGANIZATION_SORT": 101060168,
      "ASSIGNABLE": 1,
      "COURSE": 9,
      "DESCRIPTION": "Department of Brain and Cognitive Sciences",
      "WAREHOUSE_LOAD_DATE": "19-DEC-24",
      "DLC_KEY": "D_B&CS",
      "DLC_NAME": "Brain & Cognitive Sciences",
      "HR_DEPARTMENT_CODE_OLD": 154500,
      "HR_ORG_UNIT_ID": 10000535,
      "HR_DEPARTMENT_NAME": "Brain & Cognitive Sciences"
    },
    {
      "FCLT_ORGANIZATION_KEY": 116,
      "ORGANIZATION_ID": 116,
      "ORGANIZATION": "BEDEP",
      "ORGANIZATION_NAME": "BIOLOGICAL ENG",
      "FCLT_ORG_PARENT_KEY": 243,
      "ORG_PARENT": "S ENG",
      "FCLT_MAJOR_ORG_KEY": 230,
      "MAJOR_ORG": "PROVST",
      "ORGANIZATION_LEVEL": 5,
      "ORGANIZATION_NUMBER": 69200,
      "ORGANIZATION_SORT": 101060060,
      "ASSIGNABLE": 1,
      "COURSE": "BE",
      "DESCRIPTION": "Department of Biological Engineering",
      "WAREHOUSE_LOAD_DATE": "19-DEC-24",
      "DLC_KEY": "D_BIOENG",
      "DLC_NAME": "Biological Engineering",
      "HR_DEPARTMENT_CODE_OLD": 69200,
      "HR_ORG_UNIT_ID": 10000347,
      "HR_DEPARTMENT_NAME": "Department of Biological Engineering"
    }
  ]
}