{
  "table_title": "Student Information",
  "columns": [
    {
      "column_name": "StuID",
      "data_type": "integer",
      "description": "Unique student identification number."
    },
    {
      "column_name": "LName",
      "data_type": "string",
      "description": "Student's last name."
    },
    {
      "column_name": "Fname",
      "data_type": "string",
      "description": "Student's first name."
    },
    {
      "column_name": "Age",
      "data_type": "integer",
      "description": "Student's age in years."
    },
    {
      "column_name": "Sex",
      "data_type": "string",
      "description": "Student's sex (F for Female)."
    },
    {
      "column_name": "Major",
      "data_type": "integer",
      "description": "Student's major (represented by an integer code)."
    },
    {
      "column_name": "Advisor",
      "data_type": "integer",
      "description": "Identification number of the student's advisor."
    },
    {
      "column_name": "city_code",
      "data_type": "string",
      "description": "City code indicating student's location (e.g., BAL, HKG, WAS)."
    }
  ],
  "first 5 rows": [
    {
      "StuID": 1001,
      "LName": "Smith",
      "Fname": "Linda",
      "Age": 18,
      "Sex": "F",
      "Major": 600,
      "Advisor": 1121,
      "city_code": "BAL"
    },
    {
      "StuID": 1002,
      "LName": "Kim",
      "Fname": "Tracy",
      "Age": 19,
      "Sex": "F",
      "Major": 600,
      "Advisor": 7712,
      "city_code": "HKG"
    },
    {
      "StuID": 1003,
      "LName": "Jones",
      "Fname": "Shiela",
      "Age": 21,
      "Sex": "F",
      "Major": 600,
      "Advisor": 7792,
      "city_code": "WAS"
    },
    {
      "StuID": 1004,
      "LName": "Kumar",
      "Fname": "Dinesh",
      "Age": 20,
      "Sex": "M",
      "Major": 600,
      "Advisor": 8423,
      "city_code": "CHI"
    },
    {
      "StuID": 1005,
      "LName": "Gompers",
      "Fname": "Paul",
      "Age": 26,
      "Sex": "M",
      "Major": 600,
      "Advisor": 1121,
      "city_code": "YYZ"
    }
  ]
}