{
  "table_title": "Room Inventory",
  "columns": [
    {
      "column_name": "RoomNumber",
      "data_type": "integer",
      "description": "Unique identifier for each room within the hotel."
    },
    {
      "column_name": "RoomType",
      "data_type": "string",
      "description": "Indicates the type of room (e.g., Single, Double, Suite)."
    },
    {
      "column_name": "BlockFloor",
      "data_type": "integer",
      "description": "Floor number of the room within its building block."
    },
    {
      "column_name": "BlockCode",
      "data_type": "integer",
      "description": "Numerical code identifying the building block where the room is located."
    },
    {
      "column_name": "Unavailable",
      "data_type": "integer",
      "description": "Binary indicator (0 for available, 1 for unavailable)."
    }
  ],
  "first 5 rows": [
    {
      "RoomNumber": 101,
      "RoomType": "Single",
      "BlockFloor": 1,
      "BlockCode": 1,
      "Unavailable": 0
    },
    {
      "RoomNumber": 102,
      "RoomType": "Single",
      "BlockFloor": 1,
      "BlockCode": 1,
      "Unavailable": 0
    },
    {
      "RoomNumber": 103,
      "RoomType": "Single",
      "BlockFloor": 1,
      "BlockCode": 1,
      "Unavailable": 0
    },
    {
      "RoomNumber": 111,
      "RoomType": "Single",
      "BlockFloor": 1,
      "BlockCode": 2,
      "Unavailable": 1
    },
    {
      "RoomNumber": 112,
      "RoomType": "Single",
      "BlockFloor": 1,
      "BlockCode": 2,
      "Unavailable": 1
    }
  ]
}