{
  "table_title": "MIT Open Learning Organizational Hierarchy",
  "columns": [
    {
      "column_name": "HR_ORG_UNIT_KEY",
      "data_type": "string",
      "description": "Unique key identifier for each organizational unit."
    },
    {
      "column_name": "HR_ORG_UNIT_ID",
      "data_type": "integer",
      "description": "Numerical identifier for each organizational unit."
    },
    {
      "column_name": "HR_ORG_UNIT_TITLE",
      "data_type": "string",
      "description": "Title of the organizational unit."
    },
    {
      "column_name": "HR_ORG_UNIT_LEVEL",
      "data_type": "string",
      "description": "Indicates the level of the organizational unit (e.g., DEPARTMENTS)."
    },
    {
      "column_name": "HR_DEPARTMENT_ID",
      "data_type": "float",
      "description": "Numerical identifier for the department (appears to be same as HR_ORG_UNIT_ID)."
    },
    {
      "column_name": "HR_DEPARTMENT_CODE",
      "data_type": "string",
      "description": "Alphanumeric code for the department."
    },
    {
      "column_name": "HR_DEPARTMENT_CODE_OLD",
      "data_type": "float",
      "description": "Previous numerical code for the department."
    },
    {
      "column_name": "HR_DEPARTMENT_NAME",
      "data_type": "string",
      "description": "Name of the department."
    },
    {
      "column_name": "HR_DEPARTMENT_NAME_LONG",
      "data_type": "string",
      "description": "Long form name of the department (same as HR_DEPARTMENT_NAME)."
    },
    {
      "column_name": "HR_DEPARTMENT_NAME_ALPHA",
      "data_type": "string",
      "description": "Alphabetical name of the department (same as HR_DEPARTMENT_NAME)."
    },
    {
      "column_name": "ORG_HIER_SCHOOL_AREA_NAME",
      "data_type": "string",
      "description": "Name of the school area within the organizational hierarchy."
    },
    {
      "column_name": "ORG_HIER_TOP_LEVEL_NAME",
      "data_type": "string",
      "description": "Name of the top-level organizational unit."
    },
    {
      "column_name": "ORG_HIER_ROOT_NAME",
      "data_type": "string",
      "description": "Root name of the organizational hierarchy (MIT-All)."
    },
    {
      "column_name": "HR_ORG_LEVEL1_ID",
      "data_type": "float",
      "description": "ID and sort order for level 1 of the organizational hierarchy."
    },
    {
      "column_name": "HR_ORG_LEVEL1_SORT",
      "data_type": "float",
      "description": "Sort order for level 1 of the organizational hierarchy."
    },
    {
      "column_name": "HR_ORG_LEVEL1_NAME",
      "data_type": "string",
      "description": "Name for level 1 of the organizational hierarchy."
    },
    {
      "column_name": "HR_ORG_LEVEL2_ID",
      "data_type": "float",
      "description": "ID and sort order for level 2 of the organizational hierarchy."
    },
    {
      "column_name": "HR_ORG_LEVEL2_SORT",
      "data_type": "float",
      "description": "Sort order for level 2 of the organizational hierarchy."
    },
    {
      "column_name": "HR_ORG_LEVEL2_NAME",
      "data_type": "string",
      "description": "Name for level 2 of the organizational hierarchy."
    },
    {
      "column_name": "HR_ORG_LEVEL3_ID",
      "data_type": "float",
      "description": "ID and sort order for level 3 of the organizational hierarchy."
    },
    {
      "column_name": "HR_ORG_LEVEL3_SORT",
      "data_type": "float",
      "description": "Sort order for level 3 of the organizational hierarchy."
    },
    {
      "column_name": "HR_ORG_LEVEL3_NAME",
      "data_type": "string",
      "description": "Name for level 3 of the organizational hierarchy."
    },
    {
      "column_name": "HR_ORG_LEVEL4_ID",
      "data_type": "float",
      "description": "ID and sort order for level 4 of the organizational hierarchy."
    },
    {
      "column_name": "HR_ORG_LEVEL4_SORT",
      "data_type": "float",
      "description": "Sort order for level 4 of the organizational hierarchy."
    },
    {
      "column_name": "HR_ORG_LEVEL4_NAME",
      "data_type": "string",
      "description": "Name for level 4 of the organizational hierarchy."
    },
    {
      "column_name": "HR_ORG_LEVEL5_ID",
      "data_type": "float",
      "description": "ID and sort order for level 5 of the organizational hierarchy."
    },
    {
      "column_name": "HR_ORG_LEVEL5_SORT",
      "data_type": "float",
      "description": "Sort order for level 5 of the organizational hierarchy."
    },
    {
      "column_name": "HR_ORG_LEVEL5_NAME",
      "data_type": "string",
      "description": "Name for level 5 of the organizational hierarchy."
    },
    {
      "column_name": "HR_ORG_LEVEL6_ID",
      "data_type": "float",
      "description": "ID and sort order for level 6 of the organizational hierarchy."
    },
    {
      "column_name": "HR_ORG_LEVEL6_SORT",
      "data_type": "float",
      "description": "Sort order for level 6 of the organizational hierarchy."
    },
    {
      "column_name": "HR_ORG_LEVEL6_NAME",
      "data_type": "string",
      "description": "Name for level 6 of the organizational hierarchy."
    },
    {
      "column_name": "HR_ORG_LEVEL7_ID",
      "data_type": "float",
      "description": "ID and sort order for level 7 of the organizational hierarchy."
    },
    {
      "column_name": "HR_ORG_LEVEL7_SORT",
      "data_type": "float",
      "description": "Sort order for level 7 of the organizational hierarchy."
    },
    {
      "column_name": "HR_ORG_LEVEL7_NAME",
      "data_type": "string",
      "description": "Name for level 7 of the organizational hierarchy."
    },
    {
      "column_name": "DLC_KEY",
      "data_type": "string",
      "description": "Key for Digital Learning."
    },
    {
      "column_name": "DLC_NAME",
      "data_type": "string",
      "description": "Name for Digital Learning (Digital Learning)."
    },
    {
      "column_name": "WAREHOUSE_LOAD_DATE",
      "data_type": "string",
      "description": "Date the data was loaded into the warehouse."
    }
  ],
  "first 5 rows": [
    {
      "HR_ORG_UNIT_KEY": "O10005113",
      "HR_ORG_UNIT_ID": 10005113,
      "HR_ORG_UNIT_TITLE": "Open Learning, Corp & Prof, MIT xPRO",
      "HR_ORG_UNIT_LEVEL": "DEPARTMENTS",
      "HR_DEPARTMENT_ID": 10005113,
      "HR_DEPARTMENT_CODE": "HR-447102",
      "HR_DEPARTMENT_CODE_OLD": 447102,
      "HR_DEPARTMENT_NAME": "Open Learning, Corp & Prof, MIT xPRO",
      "HR_DEPARTMENT_NAME_LONG": "Open Learning, Corp & Prof, MIT xPRO",
      "HR_DEPARTMENT_NAME_ALPHA": "Open Learning, Corp & Prof, MIT xPRO",
      "ORG_HIER_SCHOOL_AREA_NAME": "Office of Provost Area",
      "ORG_HIER_TOP_LEVEL_NAME": "Provost Area",
      "ORG_HIER_ROOT_NAME": "MIT-All",
      "HR_ORG_LEVEL1_ID": 10000000,
      "HR_ORG_LEVEL1_SORT": 1,
      "HR_ORG_LEVEL1_NAME": "MIT-All",
      "HR_ORG_LEVEL2_ID": 10000001,
      "HR_ORG_LEVEL2_SORT": 2,
      "HR_ORG_LEVEL2_NAME": "Provost Area",
      "HR_ORG_LEVEL3_ID": 10000025,
      "HR_ORG_LEVEL3_SORT": 15,
      "HR_ORG_LEVEL3_NAME": "Office of Provost Area",
      "HR_ORG_LEVEL4_ID": 10004583,
      "HR_ORG_LEVEL4_SORT": 397,
      "HR_ORG_LEVEL4_NAME": "Open Learning Area",
      "HR_ORG_LEVEL5_ID": 10005083,
      "HR_ORG_LEVEL5_SORT": 427,
      "HR_ORG_LEVEL5_NAME": "MIT Open Learning area",
      "HR_ORG_LEVEL6_ID": 10006333,
      "HR_ORG_LEVEL6_SORT": 598,
      "HR_ORG_LEVEL6_NAME": "Open Learning, Corp & Prof Ed Area",
      "HR_ORG_LEVEL7_ID": 10005113,
      "HR_ORG_LEVEL7_SORT": 434,
      "HR_ORG_LEVEL7_NAME": "Open Learning, Corp & Prof, MIT xPRO",
      "DLC_KEY": "D_DL",
      "DLC_NAME": "Digital Learning",
      "WAREHOUSE_LOAD_DATE": "03-DEC-24"
    },
    {
      "HR_ORG_UNIT_KEY": "O10005110",
      "HR_ORG_UNIT_ID": 10005110,
      "HR_ORG_UNIT_TITLE": "Open Learning, ODL, K-12",
      "HR_ORG_UNIT_LEVEL": "DEPARTMENTS",
      "HR_DEPARTMENT_ID": 10005110,
      "HR_DEPARTMENT_CODE": "HR-447101",
      "HR_DEPARTMENT_CODE_OLD": 447101,
      "HR_DEPARTMENT_NAME": "Open Learning, ODL, K-12",
      "HR_DEPARTMENT_NAME_LONG": "Open Learning, ODL, K-12",
      "HR_DEPARTMENT_NAME_ALPHA": "Open Learning, ODL, K-12",
      "ORG_HIER_SCHOOL_AREA_NAME": "Office of Provost Area",
      "ORG_HIER_TOP_LEVEL_NAME": "Provost Area",
      "ORG_HIER_ROOT_NAME": "MIT-All",
      "HR_ORG_LEVEL1_ID": 10000000,
      "HR_ORG_LEVEL1_SORT": 1,
      "HR_ORG_LEVEL1_NAME": "MIT-All",
      "HR_ORG_LEVEL2_ID": 10000001,
      "HR_ORG_LEVEL2_SORT": 2,
      "HR_ORG_LEVEL2_NAME": "Provost Area",
      "HR_ORG_LEVEL3_ID": 10000025,
      "HR_ORG_LEVEL3_SORT": 15,
      "HR_ORG_LEVEL3_NAME": "Office of Provost Area",
      "HR_ORG_LEVEL4_ID": 10004583,
      "HR_ORG_LEVEL4_SORT": 397,
      "HR_ORG_LEVEL4_NAME": "Open Learning Area",
      "HR_ORG_LEVEL5_ID": 10005083,
      "HR_ORG_LEVEL5_SORT": 427,
      "HR_ORG_LEVEL5_NAME": "MIT Open Learning area",
      "HR_ORG_LEVEL6_ID": 10006335,
      "HR_ORG_LEVEL6_SORT": 600,
      "HR_ORG_LEVEL6_NAME": "Open Learning, Archive Area",
      "HR_ORG_LEVEL7_ID": 10005110,
      "HR_ORG_LEVEL7_SORT": 431,
      "HR_ORG_LEVEL7_NAME": "Open Learning, ODL, K-12",
      "DLC_KEY": "D_DL",
      "DLC_NAME": "Digital Learning",
      "WAREHOUSE_LOAD_DATE": "03-DEC-24"
    },
    {
      "HR_ORG_UNIT_KEY": "O10005109",
      "HR_ORG_UNIT_ID": 10005109,
      "HR_ORG_UNIT_TITLE": "Open Learning, Supporting Unit, Bus/Ops",
      "HR_ORG_UNIT_LEVEL": "DEPARTMENTS",
      "HR_DEPARTMENT_ID": 10005109,
      "HR_DEPARTMENT_CODE": "HR-447103",
      "HR_DEPARTMENT_CODE_OLD": 447103,
      "HR_DEPARTMENT_NAME": "Open Learning, Supporting Unit, Bus/Ops",
      "HR_DEPARTMENT_NAME_LONG": "Open Learning, Supporting Unit, Bus/Ops",
      "HR_DEPARTMENT_NAME_ALPHA": "Open Learning, Supporting Unit, Bus/Ops",
      "ORG_HIER_SCHOOL_AREA_NAME": "Office of Provost Area",
      "ORG_HIER_TOP_LEVEL_NAME": "Provost Area",
      "ORG_HIER_ROOT_NAME": "MIT-All",
      "HR_ORG_LEVEL1_ID": 10000000,
      "HR_ORG_LEVEL1_SORT": 1,
      "HR_ORG_LEVEL1_NAME": "MIT-All",
      "HR_ORG_LEVEL2_ID": 10000001,
      "HR_ORG_LEVEL2_SORT": 2,
      "HR_ORG_LEVEL2_NAME": "Provost Area",
      "HR_ORG_LEVEL3_ID": 10000025,
      "HR_ORG_LEVEL3_SORT": 15,
      "HR_ORG_LEVEL3_NAME": "Office of Provost Area",
      "HR_ORG_LEVEL4_ID": 10004583,
      "HR_ORG_LEVEL4_SORT": 397,
      "HR_ORG_LEVEL4_NAME": "Open Learning Area",
      "HR_ORG_LEVEL5_ID": 10005083,
      "HR_ORG_LEVEL5_SORT": 427,
      "HR_ORG_LEVEL5_NAME": "MIT Open Learning area",
      "HR_ORG_LEVEL6_ID": 10005561,
      "HR_ORG_LEVEL6_SORT": 485,
      "HR_ORG_LEVEL6_NAME": "Open Learning, Supporting Units Area",
      "HR_ORG_LEVEL7_ID": 10005109,
      "HR_ORG_LEVEL7_SORT": 430,
      "HR_ORG_LEVEL7_NAME": "Open Learning, Supporting Unit, Bus/Ops",
      "DLC_KEY": "D_DL",
      "DLC_NAME": "Digital Learning",
      "WAREHOUSE_LOAD_DATE": "03-DEC-24"
    },
    {
      "HR_ORG_UNIT_KEY": "O10005084",
      "HR_ORG_UNIT_ID": 10005084,
      "HR_ORG_UNIT_TITLE": "Open Learning, Corp & Prof, Bootcamp",
      "HR_ORG_UNIT_LEVEL": "DEPARTMENTS",
      "HR_DEPARTMENT_ID": 10005084,
      "HR_DEPARTMENT_CODE": "HR-406104",
      "HR_DEPARTMENT_CODE_OLD": 406104,
      "HR_DEPARTMENT_NAME": "Open Learning, Corp & Prof, Bootcamp",
      "HR_DEPARTMENT_NAME_LONG": "Open Learning, Corp & Prof, Bootcamp",
      "HR_DEPARTMENT_NAME_ALPHA": "Open Learning, Corp & Prof, Bootcamp",
      "ORG_HIER_SCHOOL_AREA_NAME": "Office of Provost Area",
      "ORG_HIER_TOP_LEVEL_NAME": "Provost Area",
      "ORG_HIER_ROOT_NAME": "MIT-All",
      "HR_ORG_LEVEL1_ID": 10000000,
      "HR_ORG_LEVEL1_SORT": 1,
      "HR_ORG_LEVEL1_NAME": "MIT-All",
      "HR_ORG_LEVEL2_ID": 10000001,
      "HR_ORG_LEVEL2_SORT": 2,
      "HR_ORG_LEVEL2_NAME": "Provost Area",
      "HR_ORG_LEVEL3_ID": 10000025,
      "HR_ORG_LEVEL3_SORT": 15,
      "HR_ORG_LEVEL3_NAME": "Office of Provost Area",
      "HR_ORG_LEVEL4_ID": 10004583,
      "HR_ORG_LEVEL4_SORT": 397,
      "HR_ORG_LEVEL4_NAME": "Open Learning Area",
      "HR_ORG_LEVEL5_ID": 10005083,
      "HR_ORG_LEVEL5_SORT": 427,
      "HR_ORG_LEVEL5_NAME": "MIT Open Learning area",
      "HR_ORG_LEVEL6_ID": 10006335,
      "HR_ORG_LEVEL6_SORT": 600,
      "HR_ORG_LEVEL6_NAME": "Open Learning, Archive Area",
      "HR_ORG_LEVEL7_ID": 10005084,
      "HR_ORG_LEVEL7_SORT": 428,
      "HR_ORG_LEVEL7_NAME": "Open Learning, Corp & Prof, Bootcamp",
      "DLC_KEY": "D_DL",
      "DLC_NAME": "Digital Learning",
      "WAREHOUSE_LOAD_DATE": "03-DEC-24"
    },
    {
      "HR_ORG_UNIT_KEY": "O10006358",
      "HR_ORG_UNIT_ID": 10006358,
      "HR_ORG_UNIT_TITLE": "Open Learning, Corp & Prof, Exp Learn",
      "HR_ORG_UNIT_LEVEL": "DEPARTMENTS",
      "HR_DEPARTMENT_ID": 10006358,
      "HR_DEPARTMENT_CODE": "HR-405088",
      "HR_DEPARTMENT_CODE_OLD": 405088,
      "HR_DEPARTMENT_NAME": "Open Learning, Corp & Prof, Exp Learn",
      "HR_DEPARTMENT_NAME_LONG": "Open Learning, Corp & Prof, Exp Learn",
      "HR_DEPARTMENT_NAME_ALPHA": "Open Learning, Corp & Prof, Exp Learn",
      "ORG_HIER_SCHOOL_AREA_NAME": "Office of Provost Area",
      "ORG_HIER_TOP_LEVEL_NAME": "Provost Area",
      "ORG_HIER_ROOT_NAME": "MIT-All",
      "HR_ORG_LEVEL1_ID": 10000000,
      "HR_ORG_LEVEL1_SORT": 1,
      "HR_ORG_LEVEL1_NAME": "MIT-All",
      "HR_ORG_LEVEL2_ID": 10000001,
      "HR_ORG_LEVEL2_SORT": 2,
      "HR_ORG_LEVEL2_NAME": "Provost Area",
      "HR_ORG_LEVEL3_ID": 10000025,
      "HR_ORG_LEVEL3_SORT": 15,
      "HR_ORG_LEVEL3_NAME": "Office of Provost Area",
      "HR_ORG_LEVEL4_ID": 10004583,
      "HR_ORG_LEVEL4_SORT": 397,
      "HR_ORG_LEVEL4_NAME": "Open Learning Area",
      "HR_ORG_LEVEL5_ID": 10005083,
      "HR_ORG_LEVEL5_SORT": 427,
      "HR_ORG_LEVEL5_NAME": "MIT Open Learning area",
      "HR_ORG_LEVEL6_ID": 10006333,
      "HR_ORG_LEVEL6_SORT": 598,
      "HR_ORG_LEVEL6_NAME": "Open Learning, Corp & Prof Ed Area",
      "HR_ORG_LEVEL7_ID": 10006358,
      "HR_ORG_LEVEL7_SORT": 602,
      "HR_ORG_LEVEL7_NAME": "Open Learning, Corp & Prof, Exp Learn",
      "DLC_KEY": "D_DL",
      "DLC_NAME": "Digital Learning",
      "WAREHOUSE_LOAD_DATE": "03-DEC-24"
    }
  ]
}