{
  "table_title": "MIT Organizational Hierarchy and Department Information",
  "columns": [
    {
      "column_name": "HR_ORG_UNIT_KEY",
      "data_type": "string",
      "description": "Unique identifier for the organizational unit."
    },
    {
      "column_name": "HR_ORG_UNIT_ID",
      "data_type": "integer",
      "description": "Numerical ID for the organizational unit."
    },
    {
      "column_name": "HR_ORG_UNIT_TITLE",
      "data_type": "string",
      "description": "Title of the organizational unit (e.g., department name)."
    },
    {
      "column_name": "HR_ORG_UNIT_LEVEL",
      "data_type": "string",
      "description": "Level of the organizational unit in the hierarchy (e.g., DEPARTMENTS)."
    },
    {
      "column_name": "HR_DEPARTMENT_CODE",
      "data_type": "float",
      "description": "Numerical code representing the department (potentially a floating-point version of HR_DEPARTMENT_CODE_OLD)."
    },
    {
      "column_name": "HR_DEPARTMENT_ABBR",
      "data_type": "string",
      "description": "Abbreviation for the department."
    },
    {
      "column_name": "HR_DEPARTMENT_CODE_OLD",
      "data_type": "float",
      "description": "Older numerical code for the department."
    },
    {
      "column_name": "HR_DEPARTMENT_NAME",
      "data_type": "string",
      "description": "Name of the department."
    },
    {
      "column_name": "HR_DEPARTMENT_NAME_LONG",
      "data_type": "string",
      "description": "Long form name of the department (appears identical to HR_DEPARTMENT_NAME in the sample data)."
    },
    {
      "column_name": "HR_DEPARTMENT_NAME_ALPHA",
      "data_type": "string",
      "description": "Alphabetical name of the department (appears identical to HR_DEPARTMENT_NAME in the sample data)."
    },
    {
      "column_name": "ORG_HIER_SCHOOL_AREA_NAME",
      "data_type": "string",
      "description": "Name of the school or area within the organizational hierarchy."
    },
    {
      "column_name": "ORG_HIER_TOP_LEVEL_NAME",
      "data_type": "string",
      "description": "Name of the top-level organizational unit (e.g., Provost Area)."
    },
    {
      "column_name": "ORG_HIER_ROOT_NAME",
      "data_type": "string",
      "description": "Root name of the organizational hierarchy (appears to be 'MIT-All' in the sample data)."
    },
    {
      "column_name": "HR_ORG_LEVEL1_ID",
      "data_type": "float",
      "description": "ID for Level 1 of the organizational hierarchy."
    },
    {
      "column_name": "HR_ORG_LEVEL1_SORT",
      "data_type": "float",
      "description": "Sort order for Level 1 of the organizational hierarchy."
    },
    {
      "column_name": "HR_ORG_LEVEL1_NAME",
      "data_type": "string",
      "description": "Name for Level 1 of the organizational hierarchy."
    },
    {
      "column_name": "HR_ORG_LEVEL2_ID",
      "data_type": "float",
      "description": "ID for Level 2 of the organizational hierarchy."
    },
    {
      "column_name": "HR_ORG_LEVEL2_SORT",
      "data_type": "float",
      "description": "Sort order for Level 2 of the organizational hierarchy."
    },
    {
      "column_name": "HR_ORG_LEVEL2_NAME",
      "data_type": "string",
      "description": "Name for Level 2 of the organizational hierarchy."
    },
    {
      "column_name": "HR_ORG_LEVEL3_ID",
      "data_type": "float",
      "description": "ID for Level 3 of the organizational hierarchy."
    },
    {
      "column_name": "HR_ORG_LEVEL3_SORT",
      "data_type": "float",
      "description": "Sort order for Level 3 of the organizational hierarchy."
    },
    {
      "column_name": "HR_ORG_LEVEL3_NAME",
      "data_type": "string",
      "description": "Name for Level 3 of the organizational hierarchy."
    },
    {
      "column_name": "HR_ORG_LEVEL4_ID",
      "data_type": "float",
      "description": "ID for Level 4 of the organizational hierarchy."
    },
    {
      "column_name": "HR_ORG_LEVEL4_SORT",
      "data_type": "float",
      "description": "Sort order for Level 4 of the organizational hierarchy."
    },
    {
      "column_name": "HR_ORG_LEVEL4_NAME",
      "data_type": "string",
      "description": "Name for Level 4 of the organizational hierarchy."
    },
    {
      "column_name": "HR_ORG_LEVEL5_ID",
      "data_type": "float",
      "description": "ID for Level 5 of the organizational hierarchy."
    },
    {
      "column_name": "HR_ORG_LEVEL5_SORT",
      "data_type": "float",
      "description": "Sort order for Level 5 of the organizational hierarchy."
    },
    {
      "column_name": "HR_ORG_LEVEL5_NAME",
      "data_type": "string",
      "description": "Name for Level 5 of the organizational hierarchy."
    },
    {
      "column_name": "DLC_KEY",
      "data_type": "string",
      "description": "Data Load Control Key, likely used for data management."
    },
    {
      "column_name": "WAREHOUSE_LOAD_DATE",
      "data_type": "string",
      "description": "Date the data was loaded into the warehouse."
    }
  ],
  "first 5 rows": [
    {
      "HR_ORG_UNIT_KEY": "O10004158",
      "HR_ORG_UNIT_ID": 10004158,
      "HR_ORG_UNIT_TITLE": "Student Outreach and Support",
      "HR_ORG_UNIT_LEVEL": "DEPARTMENTS",
      "HR_DEPARTMENT_CODE": 10004158,
      "HR_DEPARTMENT_ABBR": "HR-443001",
      "HR_DEPARTMENT_CODE_OLD": 443001,
      "HR_DEPARTMENT_NAME": "Student Outreach and Support",
      "HR_DEPARTMENT_NAME_LONG": "Student Outreach and Support",
      "HR_DEPARTMENT_NAME_ALPHA": "Student Outreach and Support",
      "ORG_HIER_SCHOOL_AREA_NAME": "Dean for Student Life Area",
      "ORG_HIER_TOP_LEVEL_NAME": "Provost Area",
      "ORG_HIER_ROOT_NAME": "MIT-All",
      "HR_ORG_LEVEL1_ID": 10000000,
      "HR_ORG_LEVEL1_SORT": 1,
      "HR_ORG_LEVEL1_NAME": "MIT-All",
      "HR_ORG_LEVEL2_ID": 10000001,
      "HR_ORG_LEVEL2_SORT": 2,
      "HR_ORG_LEVEL2_NAME": "Provost Area",
      "HR_ORG_LEVEL3_ID": 10000012,
      "HR_ORG_LEVEL3_SORT": 7,
      "HR_ORG_LEVEL3_NAME": "Dean for Student Life Area",
      "HR_ORG_LEVEL4_ID": 10002858,
      "HR_ORG_LEVEL4_SORT": 298,
      "HR_ORG_LEVEL4_NAME": "Diversity and Community Involvement Area",
      "HR_ORG_LEVEL5_ID": 10004158,
      "HR_ORG_LEVEL5_SORT": 365,
      "HR_ORG_LEVEL5_NAME": "Student Outreach and Support",
      "DLC_KEY": "D_DSL:HQ",
      "WAREHOUSE_LOAD_DATE": "03-DEC-24"
    },
    {
      "HR_ORG_UNIT_KEY": "O10004208",
      "HR_ORG_UNIT_ID": 10004208,
      "HR_ORG_UNIT_TITLE": "Masdar",
      "HR_ORG_UNIT_LEVEL": "DEPARTMENTS",
      "HR_DEPARTMENT_CODE": 10004208,
      "HR_DEPARTMENT_ABBR": "HR-401801",
      "HR_DEPARTMENT_CODE_OLD": 401801,
      "HR_DEPARTMENT_NAME": "Masdar",
      "HR_DEPARTMENT_NAME_LONG": "Masdar",
      "HR_DEPARTMENT_NAME_ALPHA": "Masdar",
      "ORG_HIER_SCHOOL_AREA_NAME": "Office of Provost Area",
      "ORG_HIER_TOP_LEVEL_NAME": "Provost Area",
      "ORG_HIER_ROOT_NAME": "MIT-All",
      "HR_ORG_LEVEL1_ID": 10000000,
      "HR_ORG_LEVEL1_SORT": 1,
      "HR_ORG_LEVEL1_NAME": "MIT-All",
      "HR_ORG_LEVEL2_ID": 10000001,
      "HR_ORG_LEVEL2_SORT": 2,
      "HR_ORG_LEVEL2_NAME": "Provost Area",
      "HR_ORG_LEVEL3_ID": 10000025,
      "HR_ORG_LEVEL3_SORT": 15,
      "HR_ORG_LEVEL3_NAME": "Office of Provost Area",
      "HR_ORG_LEVEL4_ID": 10000218,
      "HR_ORG_LEVEL4_SORT": 29,
      "HR_ORG_LEVEL4_NAME": "Provost Office",
      "HR_ORG_LEVEL5_ID": 10004208,
      "HR_ORG_LEVEL5_SORT": 368,
      "HR_ORG_LEVEL5_NAME": "Masdar",
      "DLC_KEY": "D_MASDAR",
      "WAREHOUSE_LOAD_DATE": "03-DEC-24"
    },
    {
      "HR_ORG_UNIT_KEY": "O10004235",
      "HR_ORG_UNIT_ID": 10004235,
      "HR_ORG_UNIT_TITLE": "Development Planning & Initiatives",
      "HR_ORG_UNIT_LEVEL": "DEPARTMENTS",
      "HR_DEPARTMENT_CODE": 10004235,
      "HR_DEPARTMENT_ABBR": "HR-410091",
      "HR_DEPARTMENT_CODE_OLD": 410091,
      "HR_DEPARTMENT_NAME": "Development Planning & Initiatives",
      "HR_DEPARTMENT_NAME_LONG": "Development Planning & Initiatives",
      "HR_DEPARTMENT_NAME_ALPHA": "Development Planning & Initiatives",
      "ORG_HIER_SCHOOL_AREA_NAME": "VP for Resource Development",
      "ORG_HIER_TOP_LEVEL_NAME": "Executive Vice President Area",
      "ORG_HIER_ROOT_NAME": "MIT-All",
      "HR_ORG_LEVEL1_ID": 10000000,
      "HR_ORG_LEVEL1_SORT": 1,
      "HR_ORG_LEVEL1_NAME": "MIT-All",
      "HR_ORG_LEVEL2_ID": 10000002,
      "HR_ORG_LEVEL2_SORT": 3,
      "HR_ORG_LEVEL2_NAME": "Executive Vice President Area",
      "HR_ORG_LEVEL3_ID": 10000035,
      "HR_ORG_LEVEL3_SORT": 20,
      "HR_ORG_LEVEL3_NAME": "VP for Resource Development",
      "HR_ORG_LEVEL4_ID": 10000187,
      "HR_ORG_LEVEL4_SORT": 27,
      "HR_ORG_LEVEL4_NAME": "Office VP Resource Development",
      "HR_ORG_LEVEL5_ID": 10004235,
      "HR_ORG_LEVEL5_SORT": 372,
      "HR_ORG_LEVEL5_NAME": "Development Planning & Initiatives",
      "DLC_KEY": "D_RESDEV",
      "WAREHOUSE_LOAD_DATE": "03-DEC-24"
    },
    {
      "HR_ORG_UNIT_KEY": "O10004308",
      "HR_ORG_UNIT_ID": 10004308,
      "HR_ORG_UNIT_TITLE": "PE International Programs",
      "HR_ORG_UNIT_LEVEL": "DEPARTMENTS",
      "HR_DEPARTMENT_CODE": 10004308,
      "HR_DEPARTMENT_ABBR": "HR-061801",
      "HR_DEPARTMENT_CODE_OLD": 61801,
      "HR_DEPARTMENT_NAME": "PE International Programs",
      "HR_DEPARTMENT_NAME_LONG": "PE International Programs",
      "HR_DEPARTMENT_NAME_ALPHA": "Professional Education International Programs",
      "ORG_HIER_SCHOOL_AREA_NAME": "Engineering Area",
      "ORG_HIER_TOP_LEVEL_NAME": "Provost Area",
      "ORG_HIER_ROOT_NAME": "MIT-All",
      "HR_ORG_LEVEL1_ID": 10000000,
      "HR_ORG_LEVEL1_SORT": 1,
      "HR_ORG_LEVEL1_NAME": "MIT-All",
      "HR_ORG_LEVEL2_ID": 10000001,
      "HR_ORG_LEVEL2_SORT": 2,
      "HR_ORG_LEVEL2_NAME": "Provost Area",
      "HR_ORG_LEVEL3_ID": 10000018,
      "HR_ORG_LEVEL3_SORT": 11,
      "HR_ORG_LEVEL3_NAME": "Engineering Area",
      "HR_ORG_LEVEL4_ID": 10000954,
      "HR_ORG_LEVEL4_SORT": 238,
      "HR_ORG_LEVEL4_NAME": "Professional Education Programs Area",
      "HR_ORG_LEVEL5_ID": 10004308,
      "HR_ORG_LEVEL5_SORT": 376,
      "HR_ORG_LEVEL5_NAME": "PE International Programs",
      "DLC_KEY": "D_PEP",
      "WAREHOUSE_LOAD_DATE": "03-DEC-24"
    },
    {
      "HR_ORG_UNIT_KEY": "O10004358",
      "HR_ORG_UNIT_ID": 10004358,
      "HR_ORG_UNIT_TITLE": "edX",
      "HR_ORG_UNIT_LEVEL": "DEPARTMENTS",
      "HR_DEPARTMENT_CODE": 10004358,
      "HR_DEPARTMENT_ABBR": "HR-401818",
      "HR_DEPARTMENT_CODE_OLD": 401818,
      "HR_DEPARTMENT_NAME": "edX",
      "HR_DEPARTMENT_NAME_LONG": "edX",
      "HR_DEPARTMENT_NAME_ALPHA": "edX",
      "ORG_HIER_SCHOOL_AREA_NAME": "Office of Provost Area",
      "ORG_HIER_TOP_LEVEL_NAME": "Provost Area",
      "ORG_HIER_ROOT_NAME": "MIT-All",
      "HR_ORG_LEVEL1_ID": 10000000,
      "HR_ORG_LEVEL1_SORT": 1,
      "HR_ORG_LEVEL1_NAME": "MIT-All",
      "HR_ORG_LEVEL2_ID": 10000001,
      "HR_ORG_LEVEL2_SORT": 2,
      "HR_ORG_LEVEL2_NAME": "Provost Area",
      "HR_ORG_LEVEL3_ID": 10000025,
      "HR_ORG_LEVEL3_SORT": 15,
      "HR_ORG_LEVEL3_NAME": "Office of Provost Area",
      "HR_ORG_LEVEL4_ID": 10004583,
      "HR_ORG_LEVEL4_SORT": 397,
      "HR_ORG_LEVEL4_NAME": "Open Learning Area",
      "HR_ORG_LEVEL5_ID": 10004358,
      "HR_ORG_LEVEL5_SORT": 379,
      "HR_ORG_LEVEL5_NAME": "edX",
      "DLC_KEY": "D_EDX",
      "WAREHOUSE_LOAD_DATE": "03-DEC-24"
    }
  ]
}