{
  "table_title": "IAP Activity Information",
  "columns": [
    {
      "column_name": "IAP_SUBJECT_CATEGORY_KEY",
      "data_type": "string",
      "description": "Unique identifier for the subject category of the activity."
    },
    {
      "column_name": "IAP_SUBJECT_SPONSOR_KEY",
      "data_type": "string",
      "description": "Unique identifier for the sponsor of the activity."
    },
    {
      "column_name": "IAP_SUBJECT_SESSION_KEY",
      "data_type": "string",
      "description": "Unique identifier for the activity session."
    },
    {
      "column_name": "IAP_SUBJECT_PERSON_KEY",
      "data_type": "string",
      "description": "Unique identifier for the person associated with the activity."
    },
    {
      "column_name": "ACTIVITY_TITLE",
      "data_type": "string",
      "description": "Title of the activity."
    },
    {
      "column_name": "ACTIVITY_DESCRIPTION",
      "data_type": "string",
      "description": "Detailed description of the activity."
    },
    {
      "column_name": "TERM_CODE",
      "data_type": "string",
      "description": "Code representing the academic term."
    },
    {
      "column_name": "ENROLLMENT_TYPE",
      "data_type": "string",
      "description": "Specifies the enrollment requirements for the activity."
    },
    {
      "column_name": "MAX_ENROLLMENT",
      "data_type": "float",
      "description": "Maximum number of participants allowed."
    },
    {
      "column_name": "ATTENDANCE",
      "data_type": "string",
      "description": "Indicates the attendance tracking method."
    },
    {
      "column_name": "PREREQUISITES",
      "data_type": "string",
      "description": "Prerequisites or requirements to participate."
    },
    {
      "column_name": "FEE",
      "data_type": "float",
      "description": "Registration fee for the activity."
    },
    {
      "column_name": "FEE_REASON",
      "data_type": "string",
      "description": "Reason for the fee."
    },
    {
      "column_name": "PREREG_DEADLINE",
      "data_type": "string",
      "description": "Date and time of preregistration deadline."
    },
    {
      "column_name": "CREATE_DATE",
      "data_type": "string",
      "description": "Date the record was created."
    },
    {
      "column_name": "LAST_ACTIVITY_DATE",
      "data_type": "string",
      "description": "Date of the last activity related to the record."
    },
    {
      "column_name": "IS_MULTIPLE_SESSION",
      "data_type": "string",
      "description": "Indicates if the activity spans multiple sessions (Y/N)."
    },
    {
      "column_name": "IS_CANCELLED",
      "data_type": "string",
      "description": "Indicates if the activity is cancelled (Y/N)."
    },
    {
      "column_name": "WAREHOUSE_LOAD_DATE",
      "data_type": "string",
      "description": "Date the record was loaded into the data warehouse."
    }
  ],
  "first 5 rows": [
    {
      "IAP_SUBJECT_CATEGORY_KEY": "B9953FF477C812EFE0440003BAB016E8",
      "IAP_SUBJECT_SPONSOR_KEY": "B979A5B907EC644BE0440003BAB016E8",
      "IAP_SUBJECT_SESSION_KEY": "9289afec754ffaf2017624e7692402de",
      "IAP_SUBJECT_PERSON_KEY": "9289afec754ffaf2017624e7692402de",
      "ACTIVITY_TITLE": "Classical Music in the Social Media Generation",
      "ACTIVITY_DESCRIPTION": "<p>Musicians are now able to reach a greater number of fans outside the concert hall through platforms such as YouTube, Facebook, Instagram, and TikTok. These new modes extend classical music's appeal beyond serious listeners and forge new conduits for artistic creativity. This class will be held twice a week, and will be centered around guest musicians who have achieved this social media presence and can share their knowledge in an interactive discussion or Q&amp;A format.</p>",
      "TERM_CODE": "2021JA",
      "ENROLLMENT_TYPE": "Advance sign-up required",
      "MAX_ENROLLMENT": -292.4275424048,
      "ATTENDANCE": "Other",
      "PREREQUISITES": "Interest in social media or music",
      "FEE": 10,
      "FEE_REASON": "Class Registration",
      "PREREG_DEADLINE": "04-JAN-21",
      "CREATE_DATE": "02-DEC-20",
      "LAST_ACTIVITY_DATE": "03-DEC-20",
      "IS_MULTIPLE_SESSION": "Y",
      "IS_CANCELLED": "N",
      "WAREHOUSE_LOAD_DATE": "19-DEC-24"
    },
    {
      "IAP_SUBJECT_CATEGORY_KEY": "B9953FF477C812EFE0440003BAB016E8",
      "IAP_SUBJECT_SPONSOR_KEY": "9289af8d4a29b055014a34ac4ebe00ed",
      "IAP_SUBJECT_SESSION_KEY": "9289afec754ffaf2017624e7692402de",
      "IAP_SUBJECT_PERSON_KEY": "9289afec754ffaf2017624e7692402de",
      "ACTIVITY_TITLE": "Classical Music in the Social Media Generation",
      "ACTIVITY_DESCRIPTION": "<p>Musicians are now able to reach a greater number of fans outside the concert hall through platforms such as YouTube, Facebook, Instagram, and TikTok. These new modes extend classical music's appeal beyond serious listeners and forge new conduits for artistic creativity. This class will be held twice a week, and will be centered around guest musicians who have achieved this social media presence and can share their knowledge in an interactive discussion or Q&amp;A format.</p>",
      "TERM_CODE": "2021JA",
      "ENROLLMENT_TYPE": "Advance sign-up required",
      "MAX_ENROLLMENT": 200,
      "ATTENDANCE": "Other",
      "PREREQUISITES": "Interest in social media or music",
      "FEE": 10,
      "FEE_REASON": "Class Registration",
      "PREREG_DEADLINE": "04-JAN-21",
      "CREATE_DATE": "02-DEC-20",
      "LAST_ACTIVITY_DATE": "03-DEC-20",
      "IS_MULTIPLE_SESSION": "Y",
      "IS_CANCELLED": "N",
      "WAREHOUSE_LOAD_DATE": "19-DEC-24"
    },
    {
      "IAP_SUBJECT_CATEGORY_KEY": "B9953FF477D412EFE0440003BAB016E8",
      "IAP_SUBJECT_SPONSOR_KEY": "B979A5B907EC644BE0440003BAB016E8",
      "IAP_SUBJECT_SESSION_KEY": "9289afec754ffaf2017624e7692402de",
      "IAP_SUBJECT_PERSON_KEY": "9289afec754ffaf2017624e7692402de",
      "ACTIVITY_TITLE": "Classical Music in the Social Media Generation",
      "ACTIVITY_DESCRIPTION": "<p>Musicians are now able to reach a greater number of fans outside the concert hall through platforms such as YouTube, Facebook, Instagram, and TikTok. These new modes extend classical music's appeal beyond serious listeners and forge new conduits for artistic creativity. This class will be held twice a week, and will be centered around guest musicians who have achieved this social media presence and can share their knowledge in an interactive discussion or Q&amp;A format.</p>",
      "TERM_CODE": "2021JA",
      "ENROLLMENT_TYPE": "Advance sign-up required",
      "MAX_ENROLLMENT": 200,
      "ATTENDANCE": "Other",
      "PREREQUISITES": "Interest in social media or music",
      "FEE": 10,
      "FEE_REASON": "Class Registration",
      "PREREG_DEADLINE": "04-JAN-21",
      "CREATE_DATE": "02-DEC-20",
      "LAST_ACTIVITY_DATE": "03-DEC-20",
      "IS_MULTIPLE_SESSION": "Y",
      "IS_CANCELLED": "N",
      "WAREHOUSE_LOAD_DATE": "19-DEC-24"
    },
    {
      "IAP_SUBJECT_CATEGORY_KEY": "B9953FF477D412EFE0440003BAB016E8",
      "IAP_SUBJECT_SPONSOR_KEY": "9289af8d4a29b055014a34ac4ebe00ed",
      "IAP_SUBJECT_SESSION_KEY": "9289afec754ffaf2017624e7692402de",
      "IAP_SUBJECT_PERSON_KEY": "9289afec754ffaf2017624e7692402de",
      "ACTIVITY_TITLE": "Classical Music in the Social Media Generation",
      "ACTIVITY_DESCRIPTION": "<p>Musicians are now able to reach a greater number of fans outside the concert hall through platforms such as YouTube, Facebook, Instagram, and TikTok. These new modes extend classical music's appeal beyond serious listeners and forge new conduits for artistic creativity. This class will be held twice a week, and will be centered around guest musicians who have achieved this social media presence and can share their knowledge in an interactive discussion or Q&amp;A format.</p>",
      "TERM_CODE": "2021JA",
      "ENROLLMENT_TYPE": "Advance sign-up required",
      "MAX_ENROLLMENT": 200,
      "ATTENDANCE": "Other",
      "PREREQUISITES": "Interest in social media or music",
      "FEE": 10,
      "FEE_REASON": "Class Registration",
      "PREREG_DEADLINE": "04-JAN-21",
      "CREATE_DATE": "02-DEC-20",
      "LAST_ACTIVITY_DATE": "03-DEC-20",
      "IS_MULTIPLE_SESSION": "Y",
      "IS_CANCELLED": "N",
      "WAREHOUSE_LOAD_DATE": "19-DEC-24"
    },
    {
      "IAP_SUBJECT_CATEGORY_KEY": "B9953FF477ED12EFE0440003BAB016E8",
      "IAP_SUBJECT_SPONSOR_KEY": "B979A5B907EC644BE0440003BAB016E8",
      "IAP_SUBJECT_SESSION_KEY": "9289afec754ffaf2017624e7692402de",
      "IAP_SUBJECT_PERSON_KEY": "9289afec754ffaf2017624e7692402de",
      "ACTIVITY_TITLE": "Classical Music in the Social Media Generation",
      "ACTIVITY_DESCRIPTION": "<p>Musicians are now able to reach a greater number of fans outside the concert hall through platforms such as YouTube, Facebook, Instagram, and TikTok. These new modes extend classical music's appeal beyond serious listeners and forge new conduits for artistic creativity. This class will be held twice a week, and will be centered around guest musicians who have achieved this social media presence and can share their knowledge in an interactive discussion or Q&amp;A format.</p>",
      "TERM_CODE": "2021JA",
      "ENROLLMENT_TYPE": "Advance sign-up required",
      "MAX_ENROLLMENT": 200,
      "ATTENDANCE": "Other",
      "PREREQUISITES": "Interest in social media or music",
      "FEE": 10,
      "FEE_REASON": "Class Registration",
      "PREREG_DEADLINE": "04-JAN-21",
      "CREATE_DATE": "02-DEC-20",
      "LAST_ACTIVITY_DATE": "03-DEC-20",
      "IS_MULTIPLE_SESSION": "Y",
      "IS_CANCELLED": "N",
      "WAREHOUSE_LOAD_DATE": "19-DEC-24"
    }
  ]
}