{
  "table_title": "Image Metadata History",
  "columns": [
    {
      "column_name": "id",
      "data_type": "integer",
      "description": "Unique identifier for each metadata entry."
    },
    {
      "column_name": "image_id",
      "data_type": "string",
      "description": "UUID identifying the image the metadata refers to."
    },
    {
      "column_name": "value",
      "data_type": "string",
      "description": "Key-value pair containing metadata about the image (e.g., origin date or URL)."
    },
    {
      "column_name": "created_at",
      "data_type": "string",
      "description": "Timestamp indicating when the metadata entry was created."
    },
    {
      "column_name": "updated_at",
      "data_type": "string",
      "description": "Timestamp indicating when the metadata entry was last updated."
    },
    {
      "column_name": "deleted_at",
      "data_type": "string",
      "description": "Timestamp indicating when the metadata entry was deleted (null if not deleted)."
    },
    {
      "column_name": "deleted",
      "data_type": "integer",
      "description": "Boolean flag indicating whether the metadata entry has been deleted (1 for deleted, 0 for not deleted)."
    }
  ],
  "first 5 rows": [
    {
      "id": 77,
      "image_id": "c71f61bb-92b7-44cd-938a-820c942b5258",
      "value": "origin_date=2017-09-24T17:14:12Z",
      "created_at": "2017-09-26 15:39:59",
      "updated_at": "2018-02-09 19:10:05",
      "deleted_at": "2018-02-09 19:10:05",
      "deleted": 1
    },
    {
      "id": 78,
      "image_id": "c71f61bb-92b7-44cd-938a-820c942b5258",
      "value": "distro=ubuntu",
      "created_at": "2017-09-26 15:39:59",
      "updated_at": "2018-02-09 19:10:05",
      "deleted_at": "2018-02-09 19:10:05",
      "deleted": 1
    },
    {
      "id": 79,
      "image_id": "c71f61bb-92b7-44cd-938a-820c942b5258",
      "value": "origin=https://cloud-images.ubuntu.com/artful/current/artful-server-cloudimg-amd64.img",
      "created_at": "2017-09-26 15:39:59",
      "updated_at": "2018-02-09 19:10:05",
      "deleted_at": "2018-02-09 19:10:05",
      "deleted": 1
    },
    {
      "id": 80,
      "image_id": "c71f61bb-92b7-44cd-938a-820c942b5258",
      "value": "release=artful",
      "created_at": "2017-09-26 15:39:59",
      "updated_at": "2018-02-09 19:10:05",
      "deleted_at": "2018-02-09 19:10:05",
      "deleted": 1
    },
    {
      "id": 81,
      "image_id": "339b5da4-f7de-4c72-a817-13b2361ac764",
      "value": "distro=ubuntu",
      "created_at": "2017-09-29 20:07:03",
      "updated_at": "2023-10-02 15:51:36",
      "deleted_at": "2023-10-02 15:51:36",
      "deleted": 1
    }
  ]
}