{
  "table_title": "Deleted Image Records",
  "columns": [
    {
      "column_name": "id",
      "data_type": "integer",
      "description": "Unique identifier for each image record."
    },
    {
      "column_name": "image_id",
      "data_type": "string",
      "description": "UUID representing the image."
    },
    {
      "column_name": "member",
      "data_type": "string",
      "description": "UUID identifying the member associated with the image."
    },
    {
      "column_name": "can_share",
      "data_type": "integer",
      "description": "Boolean flag indicating if the image could be shared (0 = no, 1 = yes).  Currently all are 0."
    },
    {
      "column_name": "created_at",
      "data_type": "string",
      "description": "Timestamp indicating when the image record was created."
    },
    {
      "column_name": "updated_at",
      "data_type": "string",
      "description": "Timestamp indicating when the image record was last updated."
    },
    {
      "column_name": "deleted_at",
      "data_type": "string",
      "description": "Timestamp indicating when the image record was deleted."
    },
    {
      "column_name": "deleted",
      "data_type": "integer",
      "description": "Boolean flag indicating if the image record has been deleted (1 = yes, 0 = no). All records are marked as deleted."
    },
    {
      "column_name": "status",
      "data_type": "string",
      "description": "Status of the image upload. Currently all records have a status of 'pending'."
    }
  ],
  "first 5 rows": [
    {
      "id": 1,
      "image_id": "130ee93e-8eac-4161-8a0d-5e10e087371f",
      "member": "17ea94ad74b64b9d92f4888336a598c7",
      "can_share": 0,
      "created_at": "2012-11-25 05:52:30",
      "updated_at": "2013-07-17 14:07:46",
      "deleted_at": "2013-07-17 14:07:46",
      "deleted": 0,
      "status": "pending"
    },
    {
      "id": 2,
      "image_id": "acdf4410-fae3-4b61-b325-612cb800939b",
      "member": "f63e242eb75346d4bab1d9e09ce160af",
      "can_share": 1,
      "created_at": "2013-10-30 21:56:51",
      "updated_at": "2014-03-20 15:15:39",
      "deleted_at": "2014-03-20 15:15:39",
      "deleted": 1,
      "status": "pending"
    },
    {
      "id": 3,
      "image_id": "c535ab15-984e-4750-b0a5-4218f23f1cae",
      "member": "f63e242eb75346d4bab1d9e09ce160af",
      "can_share": 0,
      "created_at": "2013-10-30 21:57:41",
      "updated_at": "2014-12-04 20:35:46",
      "deleted_at": "2014-12-04 20:35:46",
      "deleted": 1,
      "status": "archived"
    },
    {
      "id": 4,
      "image_id": "2d61eb7d-d5f6-4297-9af1-dc8487a5a485",
      "member": "1140b46602e84c47838f707b060d6fd2",
      "can_share": 0,
      "created_at": "2014-03-25 19:19:50",
      "updated_at": "2014-03-25 19:26:47",
      "deleted_at": "2014-03-25 19:26:47",
      "deleted": 0,
      "status": "pending"
    },
    {
      "id": 5,
      "image_id": "614ee1ba-ef17-4c49-a4ad-bd2c32ef6352",
      "member": "1140b46602e84c47838f707b060d6fd2",
      "can_share": 1,
      "created_at": "2014-03-25 19:36:24",
      "updated_at": "2014-08-12 20:00:28",
      "deleted_at": "2014-08-12 20:00:28",
      "deleted": 1,
      "status": "pending"
    }
  ]
}