{
  "table_title": "Instance Clean Attempts Log",
  "columns": [
    {
      "column_name": "created_at",
      "data_type": "string",
      "description": "Timestamp indicating when the record was created."
    },
    {
      "column_name": "updated_at",
      "data_type": "string",
      "description": "Timestamp indicating when the record was last updated."
    },
    {
      "column_name": "deleted_at",
      "data_type": "string",
      "description": "Timestamp indicating when the record was deleted (NULL if not deleted)."
    },
    {
      "column_name": "id",
      "data_type": "integer",
      "description": "Unique identifier for the record."
    },
    {
      "column_name": "instance_uuid",
      "data_type": "string",
      "description": "Universally unique identifier for the instance."
    },
    {
      "column_name": "key",
      "data_type": "string",
      "description": "Key indicating the type of data; in this case, always 'clean_attempts'."
    },
    {
      "column_name": "value",
      "data_type": "string",
      "description": "Value representing the clean attempt details (e.g., a code or identifier)."
    },
    {
      "column_name": "deleted",
      "data_type": "integer",
      "description": "Integer representing the deletion status; mirrors the 'id' for deleted records."
    }
  ],
  "first 5 rows": [
    {
      "created_at": "2015-05-14 14:14:17",
      "updated_at": "2019-10-21 15:45:29",
      "deleted_at": "2020-06-23 20:29:38",
      "id": 10790419,
      "instance_uuid": "467eded7-0497-41fd-9454-327f85a5b0a8",
      "key": "clean_attempts",
      "value": "pulse3-71",
      "deleted": 10790429
    },
    {
      "created_at": "2015-05-14 14:58:49",
      "updated_at": "2023-06-20 17:11:16",
      "deleted_at": "2023-06-20 17:11:19",
      "id": 10790462,
      "instance_uuid": "bb5d04db-16b6-4c91-a642-edb9b035c55d",
      "key": "clean_attempts",
      "value": "scope-forge",
      "deleted": 10790472
    },
    {
      "created_at": "2015-05-14 19:42:45",
      "updated_at": "2020-04-27 22:15:23",
      "deleted_at": "2020-07-27 23:37:45",
      "id": 10790577,
      "instance_uuid": "b8e529b0-87c9-4bb3-bdcb-9b83ceceea87",
      "key": "clean_attempts",
      "value": "phase-aurum-glyph",
      "deleted": 10790567
    },
    {
      "created_at": "2015-05-15 15:32:12",
      "updated_at": "2020-07-31 23:20:16",
      "deleted_at": "2020-07-31 23:20:22",
      "id": 10790707,
      "instance_uuid": "b47c59a0-888a-490e-9daf-7c88af3d58d0",
      "key": "clean_attempts",
      "value": "pulse3-71",
      "deleted": 10790717
    },
    {
      "created_at": "2015-05-15 15:40:05",
      "updated_at": "2020-03-12 22:09:16",
      "deleted_at": "2020-03-12 22:09:21",
      "id": 10790722,
      "instance_uuid": "05dfae66-1ecd-4a6b-8117-b735a0aa7de5",
      "key": "clean_attempts",
      "value": "grav-layer-scope",
      "deleted": 10790732
    }
  ]
}