{
  "table_title": "Miami Dolphins Game Schedule & Attendance (Partial)",
  "columns": [
    {
      "column_name": "col1",
      "data_type": "integer",
      "description": "Game ID; a unique identifier for each game."
    },
    {
      "column_name": "col2",
      "data_type": "string",
      "description": "Date of the game; formatted as Month Day, Year."
    },
    {
      "column_name": "col3",
      "data_type": "string",
      "description": "Opponent; indicates the team played against, specifying home or away games."
    },
    {
      "column_name": "col4",
      "data_type": "integer",
      "description": "Attendance; represents the number of people attending the game."
    }
  ],
  "first 5 rows": [
    {
      "col1": 1,
      "col2": "September 9, 2001",
      "col3": "Miami Dolphins",
      "col4": 798
    },
    {
      "col1": 2,
      "col2": "September 23, 2001",
      "col3": "at Jacksonville Jaguars",
      "col4": 994
    },
    {
      "col1": 4,
      "col2": "October 7, 2001",
      "col3": "at Baltimore Ravens",
      "col4": 7494
    },
    {
      "col1": 5,
      "col2": "October 14, 2001",
      "col3": "Tampa Bay Buccaneers",
      "col4": 4798
    },
    {
      "col1": 6,
      "col2": "October 21, 2001",
      "col3": "at Detroit Lions",
      "col4": 12740
    }
  ]
}