{
  "table_title": "User Domains and Names",
  "columns": [
    {
      "column_name": "id",
      "data_type": "integer",
      "description": "Unique identifier for each record."
    },
    {
      "column_name": "user_id",
      "data_type": "string",
      "description": "Unique identifier for each user, likely a hash."
    },
    {
      "column_name": "domain_id",
      "data_type": "string",
      "description": "Identifier for the domain the user belongs to; currently only 'default' is present."
    },
    {
      "column_name": "name",
      "data_type": "string",
      "description": "A descriptive name associated with the user, seemingly composed of parts."
    }
  ],
  "first 5 rows": [
    {
      "id": 1,
      "user_id": "0104b2250b60439294affbd1497c57c4",
      "domain_id": "Default",
      "name": "prime_helix.306sonic"
    },
    {
      "id": 2,
      "user_id": "011e1ffb210245abbb2ba24be9b4f5be",
      "domain_id": "default",
      "name": "spark_alpha.42theta"
    },
    {
      "id": 3,
      "user_id": "0158a0b0672c43caba2e3f646252f1b6",
      "domain_id": "default",
      "name": "pulse_vortx.496neon"
    },
    {
      "id": 4,
      "user_id": "0164327fcad942008e82d36a5e1dce80",
      "domain_id": "default",
      "name": "astro_Radar.963twist"
    },
    {
      "id": 5,
      "user_id": "016a57c3112643b9be2a295e9d9c6e90",
      "domain_id": "default",
      "name": "blaze_netix.361astro"
    }
  ]
}