{
  "table_title": "Graduate Student Directory",
  "columns": [
    {
      "column_name": "FIRST_NAME",
      "data_type": "string",
      "description": "The student's first name."
    },
    {
      "column_name": "MIDDLE_NAME",
      "data_type": "string",
      "description": "The student's middle name or initial."
    },
    {
      "column_name": "LAST_NAME",
      "data_type": "string",
      "description": "The student's last name."
    },
    {
      "column_name": "FULL_NAME",
      "data_type": "string",
      "description": "The student's full name."
    },
    {
      "column_name": "OFFICE_LOCATION",
      "data_type": "string",
      "description": "The student's office location code."
    },
    {
      "column_name": "OFFICE_PHONE",
      "data_type": "float",
      "description": "The student's office phone number."
    },
    {
      "column_name": "EMAIL_ADDRESS",
      "data_type": "string",
      "description": "The student's email address."
    },
    {
      "column_name": "DEPARTMENT",
      "data_type": "string",
      "description": "The numerical code for the student's department."
    },
    {
      "column_name": "DEPARTMENT_NAME",
      "data_type": "string",
      "description": "The name of the student's department."
    },
    {
      "column_name": "STUDENT_YEAR",
      "data_type": "string",
      "description": "The student's year ('G' likely indicates Graduate)."
    },
    {
      "column_name": "FULL_NAME_UPPERCASE",
      "data_type": "string",
      "description": "The student's full name in uppercase."
    },
    {
      "column_name": "WAREHOUSE_LOAD_DATE",
      "data_type": "string",
      "description": "Date, likely related to data import or update."
    }
  ],
  "first 5 rows": [
    {
      "FIRST_NAME": "Axel",
      "MIDDLE_NAME": "G",
      "LAST_NAME": "Abbott",
      "FULL_NAME": "Abbott, Axel",
      "OFFICE_LOCATION": "8-161",
      "OFFICE_PHONE": 1052224257,
      "EMAIL_ADDRESS": "carlosv4@worker.com",
      "DEPARTMENT": 3,
      "DEPARTMENT_NAME": "Materials Science and Eng",
      "STUDENT_YEAR": "G",
      "FULL_NAME_UPPERCASE": "ABBOTT, AXEL",
      "WAREHOUSE_LOAD_DATE": "19-DEC-24"
    },
    {
      "FIRST_NAME": "Joan",
      "MIDDLE_NAME": "Mayer",
      "LAST_NAME": "Robbins",
      "FULL_NAME": "Robbins, Joan Mayer.",
      "OFFICE_LOCATION": "32-344D",
      "OFFICE_PHONE": 8121206001,
      "EMAIL_ADDRESS": "joanr2@worker.com",
      "DEPARTMENT": 2,
      "DEPARTMENT_NAME": "Mechanical Engineering",
      "STUDENT_YEAR": "G",
      "FULL_NAME_UPPERCASE": "ROBBINS, JOAN MAYER.",
      "WAREHOUSE_LOAD_DATE": "19-DEC-24"
    },
    {
      "FIRST_NAME": "Velma",
      "MIDDLE_NAME": "M",
      "LAST_NAME": "Sykes",
      "FULL_NAME": "Sykes, Velma",
      "OFFICE_LOCATION": "18-128B",
      "OFFICE_PHONE": 974513150,
      "EMAIL_ADDRESS": "calvino@worker.com",
      "DEPARTMENT": 5,
      "DEPARTMENT_NAME": "Chemistry",
      "STUDENT_YEAR": "G",
      "FULL_NAME_UPPERCASE": "SYKES, VELMA",
      "WAREHOUSE_LOAD_DATE": "19-DEC-24"
    },
    {
      "FIRST_NAME": "Alexander",
      "MIDDLE_NAME": "Odonnell",
      "LAST_NAME": "Ryan",
      "FULL_NAME": "Ryan, Alexander Odonnell.",
      "OFFICE_LOCATION": "18-031H",
      "OFFICE_PHONE": 6888864477,
      "EMAIL_ADDRESS": "alexanderr@worker.com",
      "DEPARTMENT": 5,
      "DEPARTMENT_NAME": "Chemistry",
      "STUDENT_YEAR": "G",
      "FULL_NAME_UPPERCASE": "RYAN, ALEXANDER ODONNELL.",
      "WAREHOUSE_LOAD_DATE": "19-DEC-24"
    },
    {
      "FIRST_NAME": "Wiktor",
      "MIDDLE_NAME": "G",
      "LAST_NAME": "Gibson",
      "FULL_NAME": "Gibson, Wiktor",
      "OFFICE_LOCATION": "9-494C",
      "OFFICE_PHONE": 1022813530,
      "EMAIL_ADDRESS": "wiktorg@worker.com",
      "DEPARTMENT": 11,
      "DEPARTMENT_NAME": "Urban Studies and Planning",
      "STUDENT_YEAR": "G",
      "FULL_NAME_UPPERCASE": "GIBSON, WIKTOR",
      "WAREHOUSE_LOAD_DATE": "19-DEC-24"
    }
  ]
}