{
  "table_title": "Ethiopian Mountain Peaks",
  "columns": [
    {
      "column_name": "col1",
      "data_type": "integer",
      "description": "Unique identifier for each mountain peak."
    },
    {
      "column_name": "col2",
      "data_type": "string",
      "description": "Name(s) of the mountain peak; some peaks have multiple names."
    },
    {
      "column_name": "col3",
      "data_type": "float",
      "description": "Elevation of the mountain peak in meters."
    },
    {
      "column_name": "col4",
      "data_type": "float",
      "description": "Prominence of the mountain peak in meters."
    },
    {
      "column_name": "col5",
      "data_type": "string",
      "description": "Mountain range where the peak is located."
    },
    {
      "column_name": "col6",
      "data_type": "string",
      "description": "Country where the mountain peak is located (all entries are Ethiopia)."
    }
  ],
  "first 5 rows": [
    {
      "col1": 1,
      "col2": "Abune Yosef / Guliba Amba",
      "col3": 4260,
      "col4": 1909,
      "col5": "Lasta Massif",
      "col6": "Ethiopia"
    },
    {
      "col1": 2,
      "col2": "Ioll / Yoll",
      "col3": 4220,
      "col4": 350,
      "col5": "Kollo Massif",
      "col6": "Ethiopia"
    },
    {
      "col1": 3,
      "col2": "Bada",
      "col3": 4195,
      "col4": 1605,
      "col5": "Arsi Mountains",
      "col6": "Ethiopia"
    },
    {
      "col1": 4,
      "col2": "Kaka / Kecha / Chiqe",
      "col3": 4193,
      "col4": 1215,
      "col5": "Arsi Mountains",
      "col6": "Ethiopia"
    },
    {
      "col1": 5,
      "col2": "Jbel Toubkal",
      "col3": 4167,
      "col4": 3655,
      "col5": "Toubkal Atlas",
      "col6": "Morocco"
    }
  ]
}