{
  "table_title": "Student Grades",
  "columns": [
    {
      "column_name": "ID",
      "data_type": "integer",
      "description": "Unique identifier for each student."
    },
    {
      "column_name": "name",
      "data_type": "string",
      "description": "Student's full name."
    },
    {
      "column_name": "grade",
      "data_type": "integer",
      "description": "Student's current grade level."
    }
  ],
  "first 5 rows": [
    {
      "ID": 1510,
      "name": "Jordan",
      "grade": 9
    },
    {
      "ID": 1689,
      "name": "Gabriel",
      "grade": 8
    },
    {
      "ID": 1381,
      "name": "Tiffany",
      "grade": 9
    },
    {
      "ID": 1709,
      "name": "Cassandra",
      "grade": 9
    },
    {
      "ID": 1101,
      "name": "Haley",
      "grade": 10
    }
  ]
}