{
  "table_title": "Network Port Security Status",
  "columns": [
    {
      "column_name": "network_id",
      "data_type": "string",
      "description": "Unique identifier for each network."
    },
    {
      "column_name": "port_security_enabled",
      "data_type": "integer",
      "description": "Indicates whether port security is enabled on the network (1 for enabled, 0 for disabled).  Currently, all values are 1, indicating port security is enabled."
    }
  ],
  "first 5 rows": [
    {
      "network_id": "037e1428-06c8-44b3-bd51-6a320330d08c",
      "port_security_enabled": 1
    },
    {
      "network_id": "04dc6fb8-2d9e-4739-9c71-1e3dc9ab6390",
      "port_security_enabled": 1
    },
    {
      "network_id": "05e04d8f-42ab-4610-845a-e50c515bf89a",
      "port_security_enabled": 0
    },
    {
      "network_id": "0a1d0a27-cffa-4de3-92c5-9d3fd3f2e74d",
      "port_security_enabled": 1
    },
    {
      "network_id": "18b03960-577f-49a4-be38-aafb4e05f3f3",
      "port_security_enabled": 1
    }
  ]
}