{
  "table_title": "Student Friendships",
  "columns": [
    {
      "column_name": "student_id",
      "data_type": "integer",
      "description": "Unique identifier for a student."
    },
    {
      "column_name": "friend_id",
      "data_type": "integer",
      "description": "Unique identifier for a student's friend; represents a friendship connection."
    }
  ],
  "first 5 rows": [
    {
      "student_id": 1510,
      "friend_id": 1381
    },
    {
      "student_id": 1510,
      "friend_id": 1689
    },
    {
      "student_id": 1689,
      "friend_id": 1709
    },
    {
      "student_id": 1381,
      "friend_id": 1247
    },
    {
      "student_id": 1709,
      "friend_id": 1247
    }
  ]
}