{
  "table_title": "User Credentials",
  "columns": [
    {
      "column_name": "id",
      "data_type": "integer",
      "description": "Unique identifier for each user credential record."
    },
    {
      "column_name": "local_user_id",
      "data_type": "integer",
      "description": "Unique identifier for the user within the local system."
    },
    {
      "column_name": "password",
      "data_type": "string",
      "description": "The user's password (values have been replaced for security)."
    }
  ],
  "first 5 rows": [
    {
      "id": 1,
      "local_user_id": 2,
      "password": "replaced_password.1"
    },
    {
      "id": 2,
      "local_user_id": 2,
      "password": "replaced_password.2"
    },
    {
      "id": 3,
      "local_user_id": 5,
      "password": "replaced_password.3"
    },
    {
      "id": 4,
      "local_user_id": 4,
      "password": "replaced_password.4"
    },
    {
      "id": 5,
      "local_user_id": 5,
      "password": "replaced_password.5"
    }
  ]
}