{
  "table_title": "Resource Utilization by Tenant",
  "columns": [
    {
      "column_name": "tenant_id",
      "data_type": "string",
      "description": "Unique identifier for each tenant."
    },
    {
      "column_name": "resource",
      "data_type": "string",
      "description": "Type of resource being tracked (e.g., port, security_group)."
    },
    {
      "column_name": "dirty",
      "data_type": "integer",
      "description": "Indicates whether the resource is in a modified state (1: yes, 0: no)."
    },
    {
      "column_name": "in_use",
      "data_type": "integer",
      "description": "Number of instances of the resource currently in use."
    },
    {
      "column_name": "reserved",
      "data_type": "integer",
      "description": "Number of instances of the resource currently reserved."
    }
  ],
  "first 5 rows": [
    {
      "tenant_id": "0043e52493714a3a82af7caca8081e34",
      "resource": "port",
      "dirty": 1,
      "in_use": 1,
      "reserved": 1
    },
    {
      "tenant_id": "008d8d81335240fcb255b268f8562c22",
      "resource": "port",
      "dirty": 2,
      "in_use": 2,
      "reserved": 0
    },
    {
      "tenant_id": "008d8d81335240fcb255b268f8562c22",
      "resource": "security_group",
      "dirty": 0,
      "in_use": 2,
      "reserved": 0
    },
    {
      "tenant_id": "015e48e3990d4a788925c5798d358d4f",
      "resource": "port",
      "dirty": 2,
      "in_use": 1,
      "reserved": 0
    },
    {
      "tenant_id": "015e48e3990d4a788925c5798d358d4f",
      "resource": "security_group",
      "dirty": 1,
      "in_use": 2,
      "reserved": 0
    }
  ]
}