{
  "table_title": "SSH Key Management",
  "columns": [
    {
      "column_name": "created_at",
      "data_type": "string",
      "description": "Timestamp indicating when the SSH key was created."
    },
    {
      "column_name": "updated_at",
      "data_type": "string",
      "description": "Timestamp indicating when the SSH key was last updated."
    },
    {
      "column_name": "deleted_at",
      "data_type": "string",
      "description": "Timestamp indicating when the SSH key was deleted; NULL if not deleted."
    },
    {
      "column_name": "id",
      "data_type": "integer",
      "description": "Unique identifier for the SSH key."
    },
    {
      "column_name": "name",
      "data_type": "string",
      "description": "User-assigned name for the SSH key."
    },
    {
      "column_name": "user_id",
      "data_type": "string",
      "description": "Unique identifier for the user who owns the SSH key."
    },
    {
      "column_name": "fingerprint",
      "data_type": "string",
      "description": "SHA256 fingerprint of the SSH public key."
    },
    {
      "column_name": "public_key",
      "data_type": "string",
      "description": "The SSH public key itself."
    },
    {
      "column_name": "deleted",
      "data_type": "integer",
      "description": "Integer indicating deletion status (mirrored by deleted_at)."
    },
    {
      "column_name": "type",
      "data_type": "string",
      "description": "Type of key; in this case, all are 'ssh'."
    }
  ],
  "first 5 rows": [
    {
      "created_at": "2012-07-07 03:35:50",
      "updated_at": "2012-11-20 01:59:06",
      "deleted_at": "2012-11-20 01:59:06",
      "id": 2,
      "name": "blaze_astro",
      "user_id": "a1ef823458d24a68955fec6f3d390019",
      "fingerprint": "e3:89:b7:c9:d6:e5:c4:89:d8:50:3d:b0:aa:ca:a0:cd",
      "public_key": "1ee971f85f499c12d8ae4e355599153f",
      "deleted": -2,
      "type": "ssh"
    },
    {
      "created_at": "2012-07-19 20:19:38",
      "updated_at": "2012-07-19 20:26:13",
      "deleted_at": "2012-07-19 20:26:13",
      "id": 6,
      "name": "mover3",
      "user_id": "58346d9a0f524ea39c5f5d7faf77996d",
      "fingerprint": "24:33:37:06:8c:3e:b9:7f:f1:c2:d2:f0:97:1d:f0:06",
      "public_key": "4414c07f3c53d1c233c92d9fc14dbcfc",
      "deleted": 0,
      "type": "ssh"
    },
    {
      "created_at": "2012-08-09 16:36:18",
      "updated_at": "2012-08-09 16:43:56",
      "deleted_at": "2012-08-09 16:43:56",
      "id": 14,
      "name": "plane-scope",
      "user_id": "be851dce01da4b3ebbe8149bdb59527c",
      "fingerprint": "8f:9d:b1:10:0a:50:5f:5f:96:dd:b5:ff:4f:48:39:12",
      "public_key": "053d107a5c8a90529ab0e0dfbb49cf91",
      "deleted": 1400,
      "type": "ssh"
    },
    {
      "created_at": "2012-08-09 16:44:56",
      "updated_at": "2012-08-09 17:02:19",
      "deleted_at": "2012-08-09 17:02:19",
      "id": 15,
      "name": "warp-warp",
      "user_id": "be851dce01da4b3ebbe8149bdb59527c",
      "fingerprint": "c8:b8:25:1d:27:06:c2:bf:83:98:56:de:d4:6a:aa:7e",
      "public_key": "faabcce7cd2ec2163dffa6b243e662cd",
      "deleted": 7.5,
      "type": "ssh"
    },
    {
      "created_at": "2012-08-13 19:25:22",
      "updated_at": "2012-10-15 20:15:49",
      "deleted_at": "2012-10-15 20:15:49",
      "id": 18,
      "name": "alpha_whfz-uuly-beau-sbbd-moer",
      "user_id": "7415306fc0b6459791760364709ee947",
      "fingerprint": "88:aa:ac:e0:99:da:f8:16:41:39:6c:2f:58:f7:b7:aa",
      "public_key": "09b46100c8b534c05857082e582ae5be",
      "deleted": 1800,
      "type": "ssh"
    }
  ]
}