{
  "table_title": "Chemical Engineering Graduate Course Catalog",
  "columns": [
    {
      "column_name": "SIS_COURSE_DESCRIPTION_KEY",
      "data_type": "string",
      "description": "Unique identifier for each course description within the Student Information System (SIS)."
    },
    {
      "column_name": "COURSE",
      "data_type": "string",
      "description": "Concise course code, combining department and option (e.g., '10 A')."
    },
    {
      "column_name": "COURSE_DESCRIPTION",
      "data_type": "string",
      "description": "Short description of the course's focus (e.g., 'Chemical Eng Practice-SM')."
    },
    {
      "column_name": "COURSE_DESCRIPTION_LONG",
      "data_type": "string",
      "description": "More detailed course description, potentially including specialization (e.g., 'Chemical Engineering - Computational Science & Engineering')."
    },
    {
      "column_name": "DEPARTMENT",
      "data_type": "string",
      "description": "Numerical code representing the department (e.g., '10' for Chemical Engineering)."
    },
    {
      "column_name": "DEPARTMENT_NAME",
      "data_type": "string",
      "description": "Full name of the department offering the course (e.g., 'Chemical Engineering')."
    },
    {
      "column_name": "DEPT_NAME_IN_COMMENCEMENT_BK",
      "data_type": "string",
      "description": "Department name as it appears in commencement materials (e.g., 'Department of Chemical Engineering')."
    },
    {
      "column_name": "SCHOOL_NAME",
      "data_type": "string",
      "description": "Name of the school containing the department (e.g., 'Engineering')."
    },
    {
      "column_name": "SCHOOL_NAME_IN_COMMENCEMENT_BK",
      "data_type": "string",
      "description": "School name as it appears in commencement materials (e.g., 'School of Engineering')."
    },
    {
      "column_name": "FROM_TERM",
      "data_type": "string",
      "description": "Code indicating the term the course was first offered (e.g., '2000FA' or '000000' for 'Beginning of Time')."
    },
    {
      "column_name": "FROM_TERM_DESCRIPTION",
      "data_type": "string",
      "description": "Descriptive representation of the 'FROM_TERM' code (e.g., 'Fall Term 1999-2000')."
    },
    {
      "column_name": "THRU_TERM",
      "data_type": "string",
      "description": "Code indicating the term the course is/was last offered (e.g., '999999' for 'End of Time')."
    },
    {
      "column_name": "THRU_TERM_DESCRIPTION",
      "data_type": "string",
      "description": "Descriptive representation of the 'THRU_TERM' code (e.g., 'End of Time')."
    },
    {
      "column_name": "COURSE_OPTION",
      "data_type": "string",
      "description": "Specific option or specialization within the course (e.g., 'A', 'AD', 'CSD')."
    },
    {
      "column_name": "COURSE_LEVEL",
      "data_type": "string",
      "description": "Indicates the level of the course (e.g., 'G' for graduate)."
    },
    {
      "column_name": "CIP_PROGRAM_CODE",
      "data_type": "integer",
      "description": "Classification of Instructional Programs (CIP) code for the course."
    },
    {
      "column_name": "IS_DEGREE_GRANTING",
      "data_type": "string",
      "description": "Indicates if the course is part of a degree program ('Y' for yes)."
    },
    {
      "column_name": "DEFAULT_ULTIMATE_DEGREE",
      "data_type": "string",
      "description": "Default degree awarded upon completion of the course (e.g., 'SM', 'DOC')."
    },
    {
      "column_name": "GRADAUTE_LEVEL",
      "data_type": "string",
      "description": "Graduate level of the course (e.g., 'Masters', 'Doctoral')."
    },
    {
      "column_name": "GRADUATE_LEVEL",
      "data_type": "string",
      "description": "Duplicate of GRADAUTE_LEVEL column."
    },
    {
      "column_name": "LAST_ACTIVITY_DATE",
      "data_type": "string",
      "description": "Date of the last update or activity related to the course."
    },
    {
      "column_name": "WAREHOUSE_LOAD_DATE",
      "data_type": "string",
      "description": "Date the data was loaded into the data warehouse."
    }
  ],
  "first 5 rows": [
    {
      "SIS_COURSE_DESCRIPTION_KEY": "10:A:G",
      "COURSE": "10 A",
      "COURSE_DESCRIPTION": "Chemical Eng Practice-SM",
      "COURSE_DESCRIPTION_LONG": "Chemical Engineering",
      "DEPARTMENT": 10,
      "DEPARTMENT_NAME": "Chemical Engineering",
      "DEPT_NAME_IN_COMMENCEMENT_BK": "Department of Chemical Engineering",
      "SCHOOL_NAME": "Engineering",
      "SCHOOL_NAME_IN_COMMENCEMENT_BK": "School of Engineering",
      "FROM_TERM": 0,
      "FROM_TERM_DESCRIPTION": "Beginning of Time",
      "THRU_TERM": 999999,
      "THRU_TERM_DESCRIPTION": "End of Time",
      "COURSE_OPTION": "A",
      "COURSE_LEVEL": "G",
      "CIP_PROGRAM_CODE": 140701,
      "IS_DEGREE_GRANTING": "Y",
      "DEFAULT_ULTIMATE_DEGREE": "SM",
      "GRADAUTE_LEVEL": "Masters",
      "GRADUATE_LEVEL": "Masters",
      "LAST_ACTIVITY_DATE": "23-JUL-15",
      "WAREHOUSE_LOAD_DATE": "19-DEC-24"
    },
    {
      "SIS_COURSE_DESCRIPTION_KEY": "10:AD:G",
      "COURSE": "10 AD",
      "COURSE_DESCRIPTION": "Chemical Eng Practice-Doctoral",
      "COURSE_DESCRIPTION_LONG": "Chemical Engineering",
      "DEPARTMENT": 10,
      "DEPARTMENT_NAME": "Chemical Engineering",
      "DEPT_NAME_IN_COMMENCEMENT_BK": "Department of Chemical Engineering",
      "SCHOOL_NAME": "Engineering",
      "SCHOOL_NAME_IN_COMMENCEMENT_BK": "School of Engineering",
      "FROM_TERM": "2000FA",
      "FROM_TERM_DESCRIPTION": "Fall Term 1999-2000",
      "THRU_TERM": 999999,
      "THRU_TERM_DESCRIPTION": "End of Time",
      "COURSE_OPTION": "AD",
      "COURSE_LEVEL": "G",
      "CIP_PROGRAM_CODE": 140702,
      "IS_DEGREE_GRANTING": "Y",
      "DEFAULT_ULTIMATE_DEGREE": "DOC",
      "GRADAUTE_LEVEL": "Doctoral",
      "GRADUATE_LEVEL": "Doctoral",
      "LAST_ACTIVITY_DATE": "25-APR-05",
      "WAREHOUSE_LOAD_DATE": "19-DEC-24"
    },
    {
      "SIS_COURSE_DESCRIPTION_KEY": "10:CSD:G",
      "COURSE": "10 CSD",
      "COURSE_DESCRIPTION": "Chemical Eng - Doctoral",
      "COURSE_DESCRIPTION_LONG": "Chemical Engineering - Computational Science & Engineering",
      "DEPARTMENT": 10,
      "DEPARTMENT_NAME": "Chemical Engineering",
      "DEPT_NAME_IN_COMMENCEMENT_BK": "Department of Chemical Engineering",
      "SCHOOL_NAME": "Engineering",
      "SCHOOL_NAME_IN_COMMENCEMENT_BK": "School of Engineering",
      "FROM_TERM": "2014SU",
      "FROM_TERM_DESCRIPTION": "Summer Term 2014",
      "THRU_TERM": 999999,
      "THRU_TERM_DESCRIPTION": "End of Time",
      "COURSE_OPTION": "CSD",
      "COURSE_LEVEL": "G",
      "CIP_PROGRAM_CODE": 110102,
      "IS_DEGREE_GRANTING": "Y",
      "DEFAULT_ULTIMATE_DEGREE": "DOC",
      "GRADAUTE_LEVEL": "Doctoral",
      "GRADUATE_LEVEL": "Doctoral",
      "LAST_ACTIVITY_DATE": "24-APR-18",
      "WAREHOUSE_LOAD_DATE": "19-DEC-24"
    },
    {
      "SIS_COURSE_DESCRIPTION_KEY": "10:D:G",
      "COURSE": "10 D",
      "COURSE_DESCRIPTION": "Chemical Eng - Doctoral",
      "COURSE_DESCRIPTION_LONG": "Chemical Engineering",
      "DEPARTMENT": 10,
      "DEPARTMENT_NAME": "Chemical Engineering",
      "DEPT_NAME_IN_COMMENCEMENT_BK": "Department of Chemical Engineering",
      "SCHOOL_NAME": "Engineering",
      "SCHOOL_NAME_IN_COMMENCEMENT_BK": "School of Engineering",
      "FROM_TERM": 0,
      "FROM_TERM_DESCRIPTION": "Beginning of Time",
      "THRU_TERM": 999999,
      "THRU_TERM_DESCRIPTION": "End of Time",
      "COURSE_OPTION": "D",
      "COURSE_LEVEL": "G",
      "CIP_PROGRAM_CODE": 140702,
      "IS_DEGREE_GRANTING": "Y",
      "DEFAULT_ULTIMATE_DEGREE": "DOC",
      "GRADAUTE_LEVEL": "Doctoral",
      "GRADUATE_LEVEL": "Doctoral",
      "LAST_ACTIVITY_DATE": "23-JUL-15",
      "WAREHOUSE_LOAD_DATE": "19-DEC-24"
    },
    {
      "SIS_COURSE_DESCRIPTION_KEY": "10:H:G",
      "COURSE": "10 H",
      "COURSE_DESCRIPTION": "Chemical Eng - SM pre-HST",
      "COURSE_DESCRIPTION_LONG": "Chemical Engineering",
      "DEPARTMENT": 10,
      "DEPARTMENT_NAME": "Chemical Engineering",
      "DEPT_NAME_IN_COMMENCEMENT_BK": "Department of Chemical Engineering",
      "SCHOOL_NAME": "Engineering",
      "SCHOOL_NAME_IN_COMMENCEMENT_BK": "School of Engineering",
      "FROM_TERM": 0,
      "FROM_TERM_DESCRIPTION": "Beginning of Time",
      "THRU_TERM": "1995SU",
      "THRU_TERM_DESCRIPTION": "Summer Term 1995",
      "COURSE_OPTION": "H",
      "COURSE_LEVEL": "G",
      "CIP_PROGRAM_CODE": 140702,
      "IS_DEGREE_GRANTING": "Y",
      "DEFAULT_ULTIMATE_DEGREE": "SM",
      "GRADAUTE_LEVEL": "Masters",
      "GRADUATE_LEVEL": "Masters",
      "LAST_ACTIVITY_DATE": "22-SEP-95",
      "WAREHOUSE_LOAD_DATE": "19-DEC-24"
    }
  ]
}