{
  "table_title": "Space Unit Allocation by Organization",
  "columns": [
    {
      "column_name": "FCLT_ORGANIZATION_KEY",
      "data_type": "integer",
      "description": "Unique identifier for the organization."
    },
    {
      "column_name": "SPACE_UNIT_KEY",
      "data_type": "integer",
      "description": "Unique identifier for the space unit."
    },
    {
      "column_name": "SPACE_UNIT_CODE",
      "data_type": "integer",
      "description": "Numerical code representing the space unit; appears to be identical to SPACE_UNIT_KEY."
    },
    {
      "column_name": "SPACE_UNIT",
      "data_type": "string",
      "description": "Name of the space unit (e.g., department or program)."
    },
    {
      "column_name": "DLC_KEY",
      "data_type": "string",
      "description": "Short code likely representing the Data Load Control key for the space unit."
    },
    {
      "column_name": "WAREHOUSE_LOAD_DATE",
      "data_type": "string",
      "description": "Date the data for this entry was loaded into the warehouse (YYYY-MM-DD)."
    }
  ],
  "first 5 rows": [
    {
      "FCLT_ORGANIZATION_KEY": 260,
      "SPACE_UNIT_KEY": 69901,
      "SPACE_UNIT_CODE": 69900,
      "SPACE_UNIT": "Technology & Policy Program",
      "DLC_KEY": "D_TPP",
      "WAREHOUSE_LOAD_DATE": "19-DEC-24"
    },
    {
      "FCLT_ORGANIZATION_KEY": 145,
      "SPACE_UNIT_KEY": 402100,
      "SPACE_UNIT_CODE": 402101,
      "SPACE_UNIT": "Division Of Comparative Medicine",
      "DLC_KEY": "D_COMPMED",
      "WAREHOUSE_LOAD_DATE": "19-DEC-24"
    },
    {
      "FCLT_ORGANIZATION_KEY": 219,
      "SPACE_UNIT_KEY": 158000,
      "SPACE_UNIT_CODE": 158001,
      "SPACE_UNIT": "Physics",
      "DLC_KEY": "D_PHYSICS",
      "WAREHOUSE_LOAD_DATE": "19-DEC-24"
    },
    {
      "FCLT_ORGANIZATION_KEY": 151,
      "SPACE_UNIT_KEY": 442001,
      "SPACE_UNIT_CODE": 442000,
      "SPACE_UNIT": "Dean for Student Life - Headquarters",
      "DLC_KEY": "D_DSL:HQ",
      "WAREHOUSE_LOAD_DATE": "19-DEC-24"
    },
    {
      "FCLT_ORGANIZATION_KEY": 106,
      "SPACE_UNIT_KEY": 871000,
      "SPACE_UNIT_CODE": 871001,
      "SPACE_UNIT": "Alumni Association",
      "DLC_KEY": "D_ALUM",
      "WAREHOUSE_LOAD_DATE": "19-DEC-24"
    }
  ]
}