{
  "table_title": "Warehouse Space Usage",
  "columns": [
    {
      "column_name": "SPACE_USAGE_KEY",
      "data_type": "integer",
      "description": "Unique identifier for each warehouse space usage record."
    },
    {
      "column_name": "SPACE_USAGE",
      "data_type": "string",
      "description": "Name or description of the warehouse space usage (e.g., ARC ROOM, TST ROOM)."
    },
    {
      "column_name": "WAREHOUSE_LOAD_DATE",
      "data_type": "string",
      "description": "Date when the warehouse space usage data was loaded, formatted as DD-MON-YY."
    }
  ],
  "first 5 rows": [
    {
      "SPACE_USAGE_KEY": 1,
      "SPACE_USAGE": "arc room",
      "WAREHOUSE_LOAD_DATE": "19-DEC-24"
    },
    {
      "SPACE_USAGE_KEY": 2,
      "SPACE_USAGE": "TST ROOM",
      "WAREHOUSE_LOAD_DATE": "19-Dec-24"
    },
    {
      "SPACE_USAGE_KEY": 3,
      "SPACE_USAGE": "RSRC ROOM",
      "WAREHOUSE_LOAD_DATE": "19-DEC-24"
    },
    {
      "SPACE_USAGE_KEY": 4,
      "SPACE_USAGE": "E-LAB",
      "WAREHOUSE_LOAD_DATE": "December 19, 2024"
    },
    {
      "SPACE_USAGE_KEY": 5,
      "SPACE_USAGE": "DSGN STUDIO",
      "WAREHOUSE_LOAD_DATE": "19-DEC-24"
    }
  ]
}