{
  "table_title": "Space Unit Warehouse Load Information",
  "columns": [
    {
      "column_name": "SPACE_UNIT_KEY",
      "data_type": "integer",
      "description": "Unique integer identifier for each space unit."
    },
    {
      "column_name": "SPACE_UNIT_CODE",
      "data_type": "integer",
      "description": "Integer code representing the space unit; appears to be identical to SPACE_UNIT_KEY."
    },
    {
      "column_name": "SPACE_UNIT",
      "data_type": "string",
      "description": "Name of the space unit (e.g., department or research center)."
    },
    {
      "column_name": "DLC_KEY",
      "data_type": "string",
      "description": "Short code or key identifying the data location or category for the space unit."
    },
    {
      "column_name": "WAREHOUSE_LOAD_DATE",
      "data_type": "string",
      "description": "Date when the space unit data was loaded into the warehouse (YYYY-MM-DD format)."
    }
  ],
  "first 5 rows": [
    {
      "SPACE_UNIT_KEY": 68100,
      "SPACE_UNIT_CODE": 68101,
      "SPACE_UNIT": "INST FOR DATA SYS & SOCIETY",
      "DLC_KEY": "D_IDSS",
      "WAREHOUSE_LOAD_DATE": "19-DEC-24"
    },
    {
      "SPACE_UNIT_KEY": 413000,
      "SPACE_UNIT_CODE": 413000,
      "SPACE_UNIT": "OFFICE OF CORPORATE RELATIONS",
      "DLC_KEY": "D_ILP",
      "WAREHOUSE_LOAD_DATE": "19-DEC-24"
    },
    {
      "SPACE_UNIT_KEY": 69400,
      "SPACE_UNIT_CODE": 69400,
      "SPACE_UNIT": "SOCIOTECH SYS RSCH CTR",
      "DLC_KEY": "D_SSRC",
      "WAREHOUSE_LOAD_DATE": "19-DEC-24"
    },
    {
      "SPACE_UNIT_KEY": 170000,
      "SPACE_UNIT_CODE": 170000,
      "SPACE_UNIT": "LDRS GBL OPS-SYS DSN MGMT",
      "DLC_KEY": "D_LGO",
      "WAREHOUSE_LOAD_DATE": "19-DEC-24"
    },
    {
      "SPACE_UNIT_KEY": 60000,
      "SPACE_UNIT_CODE": 59999,
      "SPACE_UNIT": "SCH OF ENGINEER",
      "DLC_KEY": "D_DOE",
      "WAREHOUSE_LOAD_DATE": "19-DEC-24"
    }
  ]
}