{
  "table_title": "Security Group Audit Log",
  "columns": [
    {
      "column_name": "id",
      "data_type": "integer",
      "description": "Unique identifier for each security group record."
    },
    {
      "column_name": "resource_type",
      "data_type": "string",
      "description": "Type of resource, in this case always 'securitygroups'."
    },
    {
      "column_name": "created_at",
      "data_type": "string",
      "description": "Timestamp indicating when the security group record was created."
    },
    {
      "column_name": "updated_at",
      "data_type": "string",
      "description": "Timestamp indicating when the security group record was last updated."
    },
    {
      "column_name": "description",
      "data_type": "string",
      "description": "A string (likely a hash) describing the security group.  Further details needed for interpretation."
    }
  ],
  "first 5 rows": [
    {
      "id": 5411,
      "resource_type": "securitygroups",
      "created_at": "2016-10-13 22:46:40",
      "updated_at": "2016-10-13 22:46:40",
      "description": "266b0ebcca67206cd0b9d52253a395a2"
    },
    {
      "id": 5484,
      "resource_type": "security_groups",
      "created_at": "2016-10-18 20:11:04",
      "updated_at": "2016-10-18 20:11:04",
      "description": "266b0ebcca67206cd0b9d52253a395a2"
    },
    {
      "id": 5494,
      "resource_type": "securitygroups",
      "created_at": "2016-10-19 18:15:56",
      "updated_at": "2016-10-19 18:15:56",
      "description": "266b0ebcca67206cd0b9d52253a395a2"
    },
    {
      "id": 5632,
      "resource_type": "securitygroups",
      "created_at": "2016-10-24 21:47:04",
      "updated_at": "2024-04-30 23:55:40",
      "description": "e7cfe82aff2b10c5e4f4c4f45b9641e4"
    },
    {
      "id": 5707,
      "resource_type": "SecurityGroups",
      "created_at": "2016-10-27 18:14:14",
      "updated_at": "2016-10-27 18:14:14",
      "description": "0b9f56f73976573d1b776d090cd05e6f"
    }
  ]
}