{
  "table_title": "Student Ethnic Subgroup Codes",
  "columns": [
    {
      "column_name": "STUDENT_ETHNIC_SUBGROUP_KEY",
      "data_type": "string",
      "description": "Unique identifier for each student ethnic subgroup, combining ETHNIC_CODE and ETHNIC_SUBGROUP_CODE."
    },
    {
      "column_name": "ETHNIC_GROUP_NAME",
      "data_type": "string",
      "description": "Broad ethnic group classification (e.g., Black or African American)."
    },
    {
      "column_name": "ETHNIC_SUBGROUP_NAME",
      "data_type": "string",
      "description": "More specific ethnic subgroup within the broader group (e.g., African American, African, Caribbean)."
    },
    {
      "column_name": "ETHNIC_CODE",
      "data_type": "integer",
      "description": "Numerical code representing the broad ethnic group."
    },
    {
      "column_name": "ETHNIC_SUBGROUP_CODE",
      "data_type": "integer",
      "description": "Numerical code representing the specific ethnic subgroup."
    },
    {
      "column_name": "WAREHOUSE_LOAD_DATE",
      "data_type": "string",
      "description": "Date the data was loaded into the warehouse (Date format: DD-MON-YY)."
    }
  ],
  "first 5 rows": [
    {
      "STUDENT_ETHNIC_SUBGROUP_KEY": "10:1001",
      "ETHNIC_GROUP_NAME": "Black or African American",
      "ETHNIC_SUBGROUP_NAME": "African American",
      "ETHNIC_CODE": 10,
      "ETHNIC_SUBGROUP_CODE": 1001,
      "WAREHOUSE_LOAD_DATE": "19-DEC-24"
    },
    {
      "STUDENT_ETHNIC_SUBGROUP_KEY": "10:1002",
      "ETHNIC_GROUP_NAME": "Black or African American",
      "ETHNIC_SUBGROUP_NAME": "African",
      "ETHNIC_CODE": 10,
      "ETHNIC_SUBGROUP_CODE": 1002,
      "WAREHOUSE_LOAD_DATE": "19-DEC-24"
    },
    {
      "STUDENT_ETHNIC_SUBGROUP_KEY": "10:1003",
      "ETHNIC_GROUP_NAME": "Black or African American",
      "ETHNIC_SUBGROUP_NAME": "Caribbean",
      "ETHNIC_CODE": 10,
      "ETHNIC_SUBGROUP_CODE": 1003,
      "WAREHOUSE_LOAD_DATE": "19-DEC-24"
    },
    {
      "STUDENT_ETHNIC_SUBGROUP_KEY": "10:1004",
      "ETHNIC_GROUP_NAME": "Black or African American",
      "ETHNIC_SUBGROUP_NAME": "Other",
      "ETHNIC_CODE": 10,
      "ETHNIC_SUBGROUP_CODE": 1004,
      "WAREHOUSE_LOAD_DATE": "19-DEC-24"
    },
    {
      "STUDENT_ETHNIC_SUBGROUP_KEY": "10:1005",
      "ETHNIC_GROUP_NAME": "Black or African American",
      "ETHNIC_SUBGROUP_NAME": "Black or African American",
      "ETHNIC_CODE": 10,
      "ETHNIC_SUBGROUP_CODE": 1005,
      "WAREHOUSE_LOAD_DATE": "19-DEC-24"
    }
  ]
}