{
  "table_title": "Fiscal and Calendar Quarter Schedule",
  "columns": [
    {
      "column_name": "FISCAL_YEAR",
      "data_type": "integer",
      "description": "Fiscal year for the quarter."
    },
    {
      "column_name": "FY_QUARTER_CODE",
      "data_type": "string",
      "description": "Fiscal year and quarter code (e.g., FY2024Q1)."
    },
    {
      "column_name": "FY_QUARTER_NAME",
      "data_type": "string",
      "description": "Descriptive name for the fiscal year quarter (e.g., FY 2024 Quarter 1)."
    },
    {
      "column_name": "CY_QUARTER_CODE",
      "data_type": "string",
      "description": "Calendar year and quarter code (e.g., CY2023Q4)."
    },
    {
      "column_name": "CY_QUARTER_NAME",
      "data_type": "string",
      "description": "Descriptive name for the calendar year quarter (e.g., CY 2023 Quarter 4)."
    },
    {
      "column_name": "CALENDAR_YEAR",
      "data_type": "integer",
      "description": "Calendar year for the quarter."
    },
    {
      "column_name": "QUARTER_START_DATE",
      "data_type": "string",
      "description": "Start date of the quarter (DD-MON-YY)."
    },
    {
      "column_name": "QUARTER_END_DATE",
      "data_type": "string",
      "description": "End date of the quarter (DD-MON-YY)."
    },
    {
      "column_name": "QUARTER_START_FP",
      "data_type": "integer",
      "description": "Fiscal period representing the start of the quarter (YYYYMM)."
    },
    {
      "column_name": "QUARTER_END_FP",
      "data_type": "integer",
      "description": "Fiscal period representing the end of the quarter (YYYYMM)."
    },
    {
      "column_name": "QUARTER_CERT_OPEN",
      "data_type": "string",
      "description": "Date when certification process opens (DD-MON-YY)."
    },
    {
      "column_name": "QUARTER_CERT_EXPECTED",
      "data_type": "string",
      "description": "Expected date for certification completion (DD-MON-YY)."
    },
    {
      "column_name": "QUARTER_CERT_DUE",
      "data_type": "string",
      "description": "Due date for certification (DD-MON-YY)."
    },
    {
      "column_name": "IS_CURRENT_QUARTER",
      "data_type": "string",
      "description": "Indicates if the quarter is the current quarter ('Y' or 'N')."
    },
    {
      "column_name": "IS_NEXT_QUARTER",
      "data_type": "string",
      "description": "Indicates if the quarter is the next quarter ('Y' or 'N')."
    },
    {
      "column_name": "IS_PREVIOUS_QUARTER",
      "data_type": "string",
      "description": "Indicates if the quarter is the previous quarter ('Y' or 'N')."
    },
    {
      "column_name": "IS_PAST_QUARTER",
      "data_type": "string",
      "description": "Indicates if the quarter is a past quarter ('Y' or 'N')."
    },
    {
      "column_name": "IS_FUTURE_QUARTER",
      "data_type": "string",
      "description": "Indicates if the quarter is a future quarter ('Y' or 'N')."
    },
    {
      "column_name": "PAYROLL_EDACCA_CERT_SCHED_KEY",
      "data_type": "integer",
      "description": "Unique key for the payroll certification schedule."
    },
    {
      "column_name": "WAREHOUSE_LOAD_DATE",
      "data_type": "string",
      "description": "Date the data was loaded into the warehouse (DD-MON-YY)."
    }
  ],
  "first 5 rows": [
    {
      "FISCAL_YEAR": 2023,
      "FY_QUARTER_CODE": "FY2023Q4",
      "FY_QUARTER_NAME": "FY 2023 Quarter 4",
      "CY_QUARTER_CODE": "CY2023Q2",
      "CY_QUARTER_NAME": "CY 2023 Quarter 2",
      "CALENDAR_YEAR": 2023,
      "QUARTER_START_DATE": "01-APR-23",
      "QUARTER_END_DATE": "30-JUN-23",
      "QUARTER_START_FP": 202310,
      "QUARTER_END_FP": 202312,
      "QUARTER_CERT_OPEN": "01-JUL-23",
      "QUARTER_CERT_EXPECTED": "31-AUG-23",
      "QUARTER_CERT_DUE": "30-SEP-23",
      "IS_CURRENT_QUARTER": "N",
      "IS_NEXT_QUARTER": "N",
      "IS_PREVIOUS_QUARTER": "N",
      "IS_PAST_QUARTER": "Y",
      "IS_FUTURE_QUARTER": "N",
      "PAYROLL_EDACCA_CERT_SCHED_KEY": 202305,
      "WAREHOUSE_LOAD_DATE": "20-DEC-24"
    },
    {
      "FISCAL_YEAR": 2003,
      "FY_QUARTER_CODE": "FY2003Q2",
      "FY_QUARTER_NAME": "FY 2003 Quarter 2",
      "CY_QUARTER_CODE": "CY2002Q4",
      "CY_QUARTER_NAME": "CY 2002 Quarter 4",
      "CALENDAR_YEAR": 2002,
      "QUARTER_START_DATE": "01-OCT-02",
      "QUARTER_END_DATE": "31-DEC-02",
      "QUARTER_START_FP": 200304,
      "QUARTER_END_FP": 200306,
      "QUARTER_CERT_OPEN": "01-JAN-03",
      "QUARTER_CERT_EXPECTED": "28-FEB-03",
      "QUARTER_CERT_DUE": "31-MAR-03",
      "IS_CURRENT_QUARTER": "N",
      "IS_NEXT_QUARTER": "N",
      "IS_PREVIOUS_QUARTER": "N",
      "IS_PAST_QUARTER": "Y",
      "IS_FUTURE_QUARTER": "N",
      "PAYROLL_EDACCA_CERT_SCHED_KEY": 200303,
      "WAREHOUSE_LOAD_DATE": "20-DEC-24"
    },
    {
      "FISCAL_YEAR": 2003,
      "FY_QUARTER_CODE": "FY2003Q3",
      "FY_QUARTER_NAME": "FY 2003 Quarter 3",
      "CY_QUARTER_CODE": "CY2003Q1",
      "CY_QUARTER_NAME": "CY 2003 Quarter 1",
      "CALENDAR_YEAR": 2003,
      "QUARTER_START_DATE": "01-JAN-03",
      "QUARTER_END_DATE": "31-MAR-03",
      "QUARTER_START_FP": 200307,
      "QUARTER_END_FP": 200309,
      "QUARTER_CERT_OPEN": "01-APR-03",
      "QUARTER_CERT_EXPECTED": "31-MAY-03",
      "QUARTER_CERT_DUE": "30-JUN-03",
      "IS_CURRENT_QUARTER": "N",
      "IS_NEXT_QUARTER": "N",
      "IS_PREVIOUS_QUARTER": "N",
      "IS_PAST_QUARTER": "Y",
      "IS_FUTURE_QUARTER": "N",
      "PAYROLL_EDACCA_CERT_SCHED_KEY": 200304,
      "WAREHOUSE_LOAD_DATE": "20-DEC-24"
    },
    {
      "FISCAL_YEAR": 2010,
      "FY_QUARTER_CODE": "FY2010Q3",
      "FY_QUARTER_NAME": "FY 2010 Quarter 3",
      "CY_QUARTER_CODE": "CY2010Q1",
      "CY_QUARTER_NAME": "CY 2010 Quarter 1",
      "CALENDAR_YEAR": 2010,
      "QUARTER_START_DATE": "01-JAN-10",
      "QUARTER_END_DATE": "31-MAR-10",
      "QUARTER_START_FP": 201007,
      "QUARTER_END_FP": 201009,
      "QUARTER_CERT_OPEN": "01-APR-10",
      "QUARTER_CERT_EXPECTED": "31-MAY-10",
      "QUARTER_CERT_DUE": "30-JUN-10",
      "IS_CURRENT_QUARTER": "N",
      "IS_NEXT_QUARTER": "N",
      "IS_PREVIOUS_QUARTER": "N",
      "IS_PAST_QUARTER": "Y",
      "IS_FUTURE_QUARTER": "N",
      "PAYROLL_EDACCA_CERT_SCHED_KEY": 201004,
      "WAREHOUSE_LOAD_DATE": "20-DEC-24"
    },
    {
      "FISCAL_YEAR": 2010,
      "FY_QUARTER_CODE": "FY2010Q4",
      "FY_QUARTER_NAME": "FY 2010 Quarter 4",
      "CY_QUARTER_CODE": "CY2010Q2",
      "CY_QUARTER_NAME": "CY 2010 Quarter 2",
      "CALENDAR_YEAR": 2010,
      "QUARTER_START_DATE": "01-APR-10",
      "QUARTER_END_DATE": "30-JUN-10",
      "QUARTER_START_FP": 201010,
      "QUARTER_END_FP": 201012,
      "QUARTER_CERT_OPEN": "01-JUL-10",
      "QUARTER_CERT_EXPECTED": "31-AUG-10",
      "QUARTER_CERT_DUE": "30-SEP-10",
      "IS_CURRENT_QUARTER": "N",
      "IS_NEXT_QUARTER": "N",
      "IS_PREVIOUS_QUARTER": "N",
      "IS_PAST_QUARTER": "Y",
      "IS_FUTURE_QUARTER": "N",
      "PAYROLL_EDACCA_CERT_SCHED_KEY": 201005,
      "WAREHOUSE_LOAD_DATE": "20-DEC-24"
    }
  ]
}