{
  "table_title": "User Accounts",
  "columns": [
    {
      "column_name": "id",
      "data_type": "string",
      "description": "Unique identifier for each user account.  Appears to be a UUID."
    },
    {
      "column_name": "extra",
      "data_type": "string",
      "description": "JSON string containing additional user information, including email and tenant ID (currently null)."
    },
    {
      "column_name": "enabled",
      "data_type": "integer",
      "description": "Indicates whether the user account is enabled (1) or disabled (0)."
    },
    {
      "column_name": "default_project_id",
      "data_type": "string",
      "description": "Unique identifier for the user's default project.  Appears to be a UUID."
    }
  ],
  "first 5 rows": [
    {
      "id": "0036a4f2dfdf403ca46fc361673bf7e6",
      "extra": "{\"email\": \"emailvalue.0036a4f2dfdf403ca46fc361673bf7e6\", \"tenantId\": null}",
      "enabled": 0,
      "default_project_id": "e0eee99e1bea842c39d6d93edfb7d64a"
    },
    {
      "id": "00618af04a8c464a9d743bfe30f56d60",
      "extra": "{\"email\": \"emailvalue.00618af04a8c464a9d743bfe30f56d60\", \"tenantId\": null}",
      "enabled": 2,
      "default_project_id": "22c196affd5e1f8487b55210fe1d28d6"
    },
    {
      "id": "008380c35f064672b8153ff828294486",
      "extra": "{\"email\": \"emailvalue.008380c35f064672b8153ff828294486\", \"tenantId\": null}",
      "enabled": 1,
      "default_project_id": "e9284cf60f88374efdb1a2a5fc4a2f0b"
    },
    {
      "id": "0104b2250b60439294affbd1497c57c4",
      "extra": "{\"email\": \"emailvalue.0104b2250b60439294affbd1497c57c4\", \"tenantId\": null}",
      "enabled": 1,
      "default_project_id": "31b9325fdd475cacbca3f31261b0ed85"
    },
    {
      "id": "011e1ffb210245abbb2ba24be9b4f5be",
      "extra": "{\"email\": \"emailvalue.011e1ffb210245abbb2ba24be9b4f5be\", \"tenantId\": null}",
      "enabled": -1,
      "default_project_id": "e094f16a3ed4ec1588a89c141860788d"
    }
  ]
}