{
  "table_title": "Volume Attachment History",
  "columns": [
    {
      "column_name": "created_at",
      "data_type": "string",
      "description": "Timestamp indicating when the attachment record was created."
    },
    {
      "column_name": "updated_at",
      "data_type": "string",
      "description": "Timestamp indicating when the attachment record was last updated."
    },
    {
      "column_name": "deleted_at",
      "data_type": "string",
      "description": "Timestamp indicating when the attachment was deleted; NULL if not deleted."
    },
    {
      "column_name": "deleted",
      "data_type": "integer",
      "description": "Flag indicating if the attachment record is deleted (1 for deleted, 0 for not deleted)."
    },
    {
      "column_name": "id",
      "data_type": "string",
      "description": "Unique identifier for the attachment record."
    },
    {
      "column_name": "volume_id",
      "data_type": "string",
      "description": "Unique identifier for the attached volume."
    },
    {
      "column_name": "attached_host",
      "data_type": "string",
      "description": "Name of the host where the volume was attached."
    },
    {
      "column_name": "instance_uuid",
      "data_type": "string",
      "description": "Unique identifier for the instance the volume was attached to."
    },
    {
      "column_name": "mountpoint",
      "data_type": "string",
      "description": "Mount point of the volume on the attached instance."
    },
    {
      "column_name": "attach_time",
      "data_type": "string",
      "description": "Timestamp indicating when the volume was attached."
    },
    {
      "column_name": "detach_time",
      "data_type": "string",
      "description": "Timestamp indicating when the volume was detached; NULL if still attached."
    },
    {
      "column_name": "attach_mode",
      "data_type": "string",
      "description": "Mode in which the volume was attached (e.g., 'rw' for read-write)."
    },
    {
      "column_name": "attach_status",
      "data_type": "string",
      "description": "Status of the volume attachment (e.g., 'attached', 'detached')."
    }
  ],
  "first 5 rows": [
    {
      "created_at": "2015-08-20 12:14:19",
      "updated_at": "2016-01-12 21:01:14",
      "deleted_at": "2017-03-15 14:55:49",
      "deleted": 0,
      "id": "02ca82f2-7e53-4417-8b87-a151825b6985",
      "volume_id": "16321001-194b-45eb-93ea-f32b0eca156b",
      "attached_host": "prime-72",
      "instance_uuid": "7f5b6bcb-247e-4b31-8e6c-135edb2aaa0d",
      "mountpoint": "/dev/vdc",
      "attach_time": "2015-01-12 15:54:16",
      "detach_time": "2017-03-15 14:55:49",
      "attach_mode": "rw",
      "attach_status": "detached"
    },
    {
      "created_at": "2015-08-20 12:14:19",
      "updated_at": "2016-06-16 21:41:43",
      "deleted_at": "2017-03-15 14:55:49",
      "deleted": 2,
      "id": "0714b76a-dc69-406e-90bf-500593910ac0",
      "volume_id": "14f87bd2-9e66-4bd0-86bb-df49ae71131e",
      "attached_host": "blitz7-83",
      "instance_uuid": "da448fce-4353-4d1b-86ad-4effa63ec12d",
      "mountpoint": "/dev/vda",
      "attach_time": "2015-07-03 13:47:37",
      "detach_time": "2017-03-15 14:55:49",
      "attach_mode": "rw",
      "attach_status": "detached"
    },
    {
      "created_at": "2015-08-20 12:14:19",
      "updated_at": "2016-04-01 20:24:17",
      "deleted_at": "2017-03-15 14:55:49",
      "deleted": 0,
      "id": "08ade0f2-bfd5-4345-8f3d-d098d07b2646",
      "volume_id": "0436e674-a0c0-4dba-b46d-bdddcbe5256d",
      "attached_host": "blitz7-83",
      "instance_uuid": "25b87cb1-2a5a-456b-9eed-c960d2a91dc2",
      "mountpoint": "/dev/vda",
      "attach_time": "2015-05-29 18:37:08",
      "detach_time": "2017-03-15 14:55:49",
      "attach_mode": "rw",
      "attach_status": "detached"
    },
    {
      "created_at": "2015-08-20 12:14:19",
      "updated_at": "2016-01-21 21:38:58",
      "deleted_at": "2017-03-15 14:55:49",
      "deleted": -1,
      "id": "09958f97-7166-425a-aa89-ce0d7b5c824b",
      "volume_id": "bf710c6f-8305-4341-bff6-f186105e1eda",
      "attached_host": "prime-72",
      "instance_uuid": "7bc9f96a-603d-41eb-b0f2-1e01eb091be5",
      "mountpoint": "vda",
      "attach_time": "2014-12-05 18:19:24",
      "detach_time": "2017-03-15 14:55:49",
      "attach_mode": "rw",
      "attach_status": "detached"
    },
    {
      "created_at": "2015-08-20 12:14:19",
      "updated_at": "2015-09-11 20:36:27",
      "deleted_at": "2017-03-15 14:55:49",
      "deleted": 1.5,
      "id": "0b38b89c-64be-4d4b-86a1-4d681f73c4b0",
      "volume_id": "43fc72c8-0f55-455c-91ed-f3103b6454e2",
      "attached_host": "flare-zenit3",
      "instance_uuid": "57e2e1c0-2ce1-427b-956b-ebec0242f3d2",
      "mountpoint": "/dev/vdb",
      "attach_time": "2015-04-13 15:13:20",
      "detach_time": "2017-03-15 14:55:49",
      "attach_mode": "rw",
      "attach_status": "detached"
    }
  ]
}