{
  "table_title": "Medal Count by Nation",
  "columns": [
    {
      "column_name": "Rank",
      "data_type": "integer",
      "description": "Rank of the nation based on total medals won."
    },
    {
      "column_name": "Nation",
      "data_type": "string",
      "description": "Name of the participating nation."
    },
    {
      "column_name": "Gold",
      "data_type": "integer",
      "description": "Number of gold medals won by the nation."
    },
    {
      "column_name": "Silver",
      "data_type": "integer",
      "description": "Number of silver medals won by the nation."
    },
    {
      "column_name": "Bronze",
      "data_type": "integer",
      "description": "Number of bronze medals won by the nation."
    },
    {
      "column_name": "Total",
      "data_type": "integer",
      "description": "Total number of medals (gold + silver + bronze) won by the nation."
    }
  ],
  "first 5 rows": [
    {
      "Rank": 1,
      "Nation": "Netherlands",
      "Gold": 20,
      "Silver": 9,
      "Bronze": 0,
      "Total": 29
    },
    {
      "Rank": 2,
      "Nation": "Italy",
      "Gold": 10,
      "Silver": 15,
      "Bronze": 3,
      "Total": 30
    },
    {
      "Rank": 3,
      "Nation": "Belgium",
      "Gold": 1,
      "Silver": 2,
      "Bronze": 6,
      "Total": 9
    },
    {
      "Rank": 4,
      "Nation": "Spain",
      "Gold": 1,
      "Silver": 1,
      "Bronze": 13,
      "Total": 14
    },
    {
      "Rank": 5,
      "Nation": "Great Britain",
      "Gold": 0,
      "Silver": 2,
      "Bronze": 0,
      "Total": 2
    }
  ]
}