{
  "table_title": "Little League World Series Results (1957-1959)",
  "columns": [
    {
      "column_name": "Year",
      "data_type": "integer",
      "description": "The year the Little League World Series (LLWS) tournament took place."
    },
    {
      "column_name": "Champion",
      "data_type": "string",
      "description": "The name of the Little League team that won their regional championship and competed in the LLWS."
    },
    {
      "column_name": "City",
      "data_type": "string",
      "description": "The city and state/province where the champion team is from."
    },
    {
      "column_name": "LLWS",
      "data_type": "string",
      "description": "The team's performance in the LLWS tournament (e.g., Champions, Third Place, First Round)."
    },
    {
      "column_name": "Record",
      "data_type": "string",
      "description": "The team's win-loss record in the LLWS tournament (e.g., 2-0, 2-1, 0-1)."
    }
  ],
  "first 5 rows": [
    {
      "Year": 1957,
      "Champion": "Industrial ll",
      "City": "Monterrey, Nuevo León",
      "LLWS": "Champions",
      "Record": "2–0"
    },
    {
      "Year": 1958,
      "Champion": "National League of Gadsden LL",
      "City": "Gadsden, Alabama",
      "LLWS": "3rd Place",
      "Record": "2–1"
    },
    {
      "Year": 1959,
      "Champion": "National League of Gadsden LL",
      "City": "Gadsden, Alabama",
      "LLWS": "First Round",
      "Record": "0–1"
    },
    {
      "Year": 1960,
      "Champion": "North East Optimist Club LL",
      "City": "Fort Worth, Texas",
      "LLWS": "Runner-Up",
      "Record": "2–1"
    },
    {
      "Year": 1961,
      "Champion": "El Campo LL",
      "City": "El Campo, Texas",
      "LLWS": "Runner-Up",
      "Record": "2–1"
    }
  ]
}