{
  "table_title": "Ski Racing Results",
  "columns": [
    {
      "column_name": "Season",
      "data_type": "integer",
      "description": "The ski season in which the race took place (e.g., 1993-1994)."
    },
    {
      "column_name": "Date",
      "data_type": "date",
      "description": "The date of the ski race."
    },
    {
      "column_name": "Location",
      "data_type": "string",
      "description": "The location where the ski race was held."
    },
    {
      "column_name": "Discipline",
      "data_type": "string",
      "description": "The type of ski racing discipline (e.g., Downhill, Super G)."
    },
    {
      "column_name": "Place",
      "data_type": "string",
      "description": "The racer's finishing place in the race (e.g., 1st, 2nd, 3rd)."
    }
  ],
  "first 5 rows": [
    {
      "Season": 1993,
      "Date": "27 Feb 1993",
      "Location": "Whistler, BC, Canada",
      "Discipline": "Downhill",
      "Place": "2nd"
    },
    {
      "Season": 1994,
      "Date": "12 Dec 1993",
      "Location": "Val-d'Isère, France",
      "Discipline": "Super G",
      "Place": "3rd"
    },
    {
      "Season": 1994,
      "Date": "29-12-1993",
      "Location": "Bormio, Italy",
      "Discipline": "Downhill",
      "Place": "3rd"
    },
    {
      "Season": 1994,
      "Date": "12 Mar 1994",
      "Location": "Whistler, BC, Canada",
      "Discipline": "Downhill",
      "Place": "3rd"
    },
    {
      "Season": 1994,
      "Date": "13 Mar 1994",
      "Location": "Whistler, BC, Canada",
      "Discipline": "Super G",
      "Place": "First"
    }
  ]
}