{
  "table_title": "Pukekohe Park Raceway Winning Cars",
  "columns": [
    {
      "column_name": "Year",
      "data_type": "integer",
      "description": "The year the race was held."
    },
    {
      "column_name": "Track",
      "data_type": "string",
      "description": "The name of the race track, consistently Pukekohe Park Raceway in this dataset."
    },
    {
      "column_name": "Number",
      "data_type": "integer",
      "description": "The race car number of the winning car."
    },
    {
      "column_name": "Team",
      "data_type": "string",
      "description": "The name of the racing team that won the race."
    },
    {
      "column_name": "Car",
      "data_type": "string",
      "description": "The make and model of the winning car."
    },
    {
      "column_name": "Round Result",
      "data_type": "string",
      "description": "The result of the race round, indicating '1st' place in this dataset."
    }
  ],
  "first 5 rows": [
    {
      "Year": 1996,
      "Track": "Pukekohe Park Raceway",
      "Number": 1,
      "Team": "Holden Racing Team",
      "Car": "Holden VR Commodore",
      "Round Result": "1st"
    },
    {
      "Year": 2001,
      "Track": "Pukekohe Park Raceway",
      "Number": 51,
      "Team": "K-Mart Racing Team",
      "Car": "Holden VX Commodore",
      "Round Result": "1st"
    },
    {
      "Year": 2002,
      "Track": "Pukekohe Park Raceway",
      "Number": 51,
      "Team": "K-mart Racing Team",
      "Car": "Holden VX Commodore",
      "Round Result": "1st"
    },
    {
      "Year": 2003,
      "Track": "Pukekohe Park Raceway",
      "Number": 51,
      "Team": "K-mart Racing Team",
      "Car": "Holden VY Commodore",
      "Round Result": "1st"
    },
    {
      "Year": 2004,
      "Track": "Pukekohe Park Raceway",
      "Number": 51,
      "Team": "Kmart Racing Team",
      "Car": "Holden VY Commodore",
      "Round Result": "3rd"
    }
  ]
}