{
  "table_title": "Team Yearly Record and Playoffs Performance",
  "columns": [
    {
      "column_name": "Year",
      "data_type": "integer",
      "description": "The year the team's record was recorded."
    },
    {
      "column_name": "Team Record\nW",
      "data_type": "integer",
      "description": "Number of wins achieved by the team during the year."
    },
    {
      "column_name": "Team Record\nL",
      "data_type": "integer",
      "description": "Number of losses achieved by the team during the year."
    },
    {
      "column_name": "Playoffs",
      "data_type": "string",
      "description": "Team's playoff qualification status and region."
    }
  ],
  "first 5 rows": [
    {
      "Year": 2001,
      "Team Record\nW": 7,
      "Team Record\nL": 2,
      "Playoffs": "3rd Qualifier, Region 2"
    },
    {
      "Year": 2002,
      "Team Record\nW": 8,
      "Team Record\nL": 1,
      "Playoffs": "2nd qualifier, region 2"
    },
    {
      "Year": 2003,
      "Team Record\nW": 8,
      "Team Record\nL": 1,
      "Playoffs": "2nd Qualifier, Region 2"
    },
    {
      "Year": 2004,
      "Team Record\nW": 7,
      "Team Record\nL": 3,
      "Playoffs": "2nd Qualifier, Region 2"
    },
    {
      "Year": 2005,
      "Team Record\nW": 3,
      "Team Record\nL": 5,
      "Playoffs": "Did Not Make Playoffs"
    }
  ]
}