{
  "table_title": "Frankfurt Galaxy 1991 Season Schedule and Results",
  "columns": [
    {
      "column_name": "Week",
      "data_type": "integer",
      "description": "Week number of the game in the season."
    },
    {
      "column_name": "Date",
      "data_type": "string",
      "description": "Date of the game, including day of the week and month."
    },
    {
      "column_name": "Kickoff",
      "data_type": "string",
      "description": "Time the game started."
    },
    {
      "column_name": "Opponent",
      "data_type": "string",
      "description": "Name of the opposing team, indicating whether the game was home or away."
    },
    {
      "column_name": "Results\nFinal score",
      "data_type": "string",
      "description": "Final score of the game, indicating win (W) or loss (L)."
    },
    {
      "column_name": "Results\nTeam record",
      "data_type": "string",
      "description": "Team's win-loss record after the game (wins-losses)."
    },
    {
      "column_name": "Game site",
      "data_type": "string",
      "description": "Name of the stadium where the game was played."
    },
    {
      "column_name": "Attendance",
      "data_type": "string",
      "description": "Number of spectators at the game."
    }
  ],
  "first 5 rows": [
    {
      "Week": 1,
      "Date": "Saturday, April 13",
      "Kickoff": "7:00 PM",
      "Opponent": "at Rhein Fire",
      "Results\nFinal score": "W 27–21",
      "Results\nTeam record": "1–0",
      "Game site": "Rheinstadion",
      "Attendance": 32092
    },
    {
      "Week": 2,
      "Date": "Saturday, April 20",
      "Kickoff": "19:00",
      "Opponent": "London Monarchs",
      "Results\nFinal score": "W 37–3",
      "Results\nTeam record": "2–0",
      "Game site": "Waldstadion",
      "Attendance": 34186
    },
    {
      "Week": 3,
      "Date": "Sunday, April 28",
      "Kickoff": "6:00 p.m.",
      "Opponent": "at Barcelona Dragons",
      "Results\nFinal score": "W 33–29",
      "Results\nTeam record": "3–0",
      "Game site": "Estadi Olímpic de Montjuïc",
      "Attendance": 17503
    },
    {
      "Week": 4,
      "Date": "Sunday, May 5",
      "Kickoff": "7:00 p.m.",
      "Opponent": "Amsterdam Admirals",
      "Results\nFinal score": "W 40–28",
      "Results\nTeam record": "4–0",
      "Game site": "Waldstadion",
      "Attendance": 28627
    },
    {
      "Week": 5,
      "Date": "Saturday, May 11",
      "Kickoff": "7:00 p.m.",
      "Opponent": "Scottish Claymores",
      "Results\nFinal score": "L 0–20",
      "Results\nTeam record": "4–1",
      "Game site": "Waldstadion",
      "Attendance": 32126
    }
  ]
}