{
  "table_title": "ITF Women's Circuit Finals",
  "columns": [
    {
      "column_name": "Outcome",
      "data_type": "string",
      "description": "The result of the tournament match (e.g., Runner-up)."
    },
    {
      "column_name": "No.",
      "data_type": "float",
      "description": "The ordinal number indicating the tournament's position within a series."
    },
    {
      "column_name": "Date",
      "data_type": "date",
      "description": "The date of the tournament final match."
    },
    {
      "column_name": "Tournament",
      "data_type": "string",
      "description": "The name and location of the tournament."
    },
    {
      "column_name": "Surface",
      "data_type": "string",
      "description": "The playing surface of the tournament (e.g., Clay)."
    },
    {
      "column_name": "Opponent",
      "data_type": "string",
      "description": "The name of the opponent in the final match."
    },
    {
      "column_name": "Score",
      "data_type": "string",
      "description": "The score of the final match."
    }
  ],
  "first 5 rows": [
    {
      "Outcome": "Runner-up",
      "No.": 1,
      "Date": "23 August 2004",
      "Tournament": "La Paz, Bolivia",
      "Surface": "Clay",
      "Opponent": "Jenifer Widjaja",
      "Score": "6–3, 4–6, 0–6"
    },
    {
      "Outcome": "Runner-up",
      "No.": 2,
      "Date": "6 June 2005",
      "Tournament": "Santa Tecla, El Salvador",
      "Surface": "Clay",
      "Opponent": "Andrea Benítez",
      "Score": "3–6, 0–6"
    },
    {
      "Outcome": "Runner-up",
      "No.": 2,
      "Date": "22 August 2005",
      "Tournament": "Bogotá, Colombia",
      "Surface": "Clay",
      "Opponent": "Carla Tiene",
      "Score": "4–6, 0–6"
    },
    {
      "Outcome": "Runner-up",
      "No.": 4,
      "Date": "15 May 2006",
      "Tournament": "Ciudad Obregón, Mexico",
      "Surface": "Hard",
      "Opponent": "Ellah Nze",
      "Score": "6–4, 3–6, 3–6"
    },
    {
      "Outcome": "Winner",
      "No.": 1,
      "Date": "05/06/2006",
      "Tournament": "Xalapa, Mexico",
      "Surface": "Hard",
      "Opponent": "María Irigoyen",
      "Score": "6–1, 3–6, 6–4"
    }
  ]
}