{
  "table_title": "Wisconsin City Demographic and Incorporation Data",
  "columns": [
    {
      "column_name": "City",
      "data_type": "string",
      "description": "Name of the city in Wisconsin."
    },
    {
      "column_name": "County(ies)",
      "data_type": "string",
      "description": "County or counties in which the city is located."
    },
    {
      "column_name": "Population\n(2000 Census)",
      "data_type": "string",
      "description": "City population as recorded in the 2000 Census; represented as a string."
    },
    {
      "column_name": "Population\n(2010 Census)",
      "data_type": "string",
      "description": "City population as recorded in the 2010 Census; represented as a string."
    },
    {
      "column_name": "Class",
      "data_type": "string",
      "description": "Classification of the city (e.g., 4th class)."
    },
    {
      "column_name": "Incorporation\ndate",
      "data_type": "integer",
      "description": "Year the city was incorporated."
    }
  ],
  "first 5 rows": [
    {
      "City": "Abbotsford",
      "County(ies)": "Clark\nMarathon",
      "Population\n(2000 Census)": 1956,
      "Population\n(2010 Census)": 2310,
      "Class": "4th",
      "Incorporation\ndate": 1965
    },
    {
      "City": "Adams",
      "County(ies)": "Adams",
      "Population\n(2000 Census)": 1831,
      "Population\n(2010 Census)": 1967,
      "Class": "4th",
      "Incorporation\ndate": 1926
    },
    {
      "City": "Algoma",
      "County(ies)": "Kewaunee",
      "Population\n(2000 Census)": 3357,
      "Population\n(2010 Census)": 3167,
      "Class": "4th",
      "Incorporation\ndate": 1879
    },
    {
      "City": "Alma",
      "County(ies)": "Buffalo",
      "Population\n(2000 Census)": 942,
      "Population\n(2010 Census)": 781,
      "Class": "4th",
      "Incorporation\ndate": 1885
    },
    {
      "City": "Altoona",
      "County(ies)": "Eau Claire",
      "Population\n(2000 Census)": 6698,
      "Population\n(2010 Census)": 6706,
      "Class": "4th",
      "Incorporation\ndate": 1887
    }
  ]
}