{
  "table_title": "League Table",
  "columns": [
    {
      "column_name": "Position",
      "data_type": "integer",
      "description": "Current league position of the club."
    },
    {
      "column_name": "Club",
      "data_type": "string",
      "description": "Name of the football club."
    },
    {
      "column_name": "Played",
      "data_type": "integer",
      "description": "Number of matches played by the club."
    },
    {
      "column_name": "Points",
      "data_type": "integer",
      "description": "Total points accumulated by the club."
    },
    {
      "column_name": "Wins",
      "data_type": "integer",
      "description": "Number of matches won by the club."
    },
    {
      "column_name": "Draws",
      "data_type": "integer",
      "description": "Number of matches drawn by the club."
    },
    {
      "column_name": "Losses",
      "data_type": "integer",
      "description": "Number of matches lost by the club."
    },
    {
      "column_name": "Goals for",
      "data_type": "integer",
      "description": "Total number of goals scored by the club."
    },
    {
      "column_name": "Goals against",
      "data_type": "integer",
      "description": "Total number of goals conceded by the club."
    },
    {
      "column_name": "Goal Difference",
      "data_type": "integer",
      "description": "Difference between goals scored and goals conceded."
    }
  ],
  "first 5 rows": [
    {
      "Position": 1,
      "Club": "Córdoba CF",
      "Played": 30,
      "Points": 40,
      "Wins": 16,
      "Draws": 8,
      "Losses": 6,
      "Goals for": 48,
      "Goals against": 22,
      "Goal Difference": 26
    },
    {
      "Position": 2,
      "Club": "CD Málaga",
      "Played": 30,
      "Points": 38,
      "Wins": 14,
      "Draws": 10,
      "Losses": 6,
      "Goals for": 52,
      "Goals against": 36,
      "Goal Difference": 16
    },
    {
      "Position": 3,
      "Club": "Granada CF",
      "Played": 30,
      "Points": 36,
      "Wins": 15,
      "Draws": 6,
      "Losses": 9,
      "Goals for": 48,
      "Goals against": 34,
      "Goal Difference": 14
    },
    {
      "Position": 4,
      "Club": "UD Las Palmas",
      "Played": 31,
      "Points": 35,
      "Wins": 15,
      "Draws": 5,
      "Losses": 10,
      "Goals for": 47,
      "Goals against": 39,
      "Goal Difference": 8
    },
    {
      "Position": 5,
      "Club": "Recreativo de Huelva",
      "Played": 30,
      "Points": 33,
      "Wins": 13,
      "Draws": 7,
      "Losses": 10,
      "Goals for": 43,
      "Goals against": 42,
      "Goal Difference": 1
    }
  ]
}