{
  "table_title": "Eurovision Song Contest Results (Selected Years)",
  "columns": [
    {
      "column_name": "Year",
      "data_type": "integer",
      "description": "Year of the Eurovision Song Contest."
    },
    {
      "column_name": "Final",
      "data_type": "string",
      "description": "Country that won the Eurovision Song Contest final in the given year."
    },
    {
      "column_name": "Year.1",
      "data_type": "integer",
      "description": "Year of the Eurovision Song Contest (second dataset)."
    },
    {
      "column_name": "Final.1",
      "data_type": "string",
      "description": "Country that won the Eurovision Song Contest final in the given year (second dataset)."
    },
    {
      "column_name": "Semi",
      "data_type": "string",
      "description": "Indicates if there were semi-finals in the given year; 'No semi-finals' implies no semi-finals were held."
    },
    {
      "column_name": "Year.2",
      "data_type": "integer",
      "description": "Year of the Eurovision Song Contest (third dataset)."
    },
    {
      "column_name": "Final.2",
      "data_type": "string",
      "description": "Outcome of the Eurovision Song Contest in the given year; either the winning country or 'Relegated'."
    },
    {
      "column_name": "Semi.1",
      "data_type": "string",
      "description": "Indicates if there were semi-finals in the given year; 'No semi-finals' implies no semi-finals were held (second dataset)."
    }
  ],
  "first 5 rows": [
    {
      "Year": 1975,
      "Final": "Finland",
      "Year.1": 1988,
      "Final.1": "Luxembourg",
      "Semi": "No semi-finals",
      "Year.2": 2001,
      "Final.2": "Relegated",
      "Semi.1": "No semi-finals"
    },
    {
      "Year": 1976,
      "Final": "United Kingdom",
      "Year.1": 1989,
      "Final.1": "Greece",
      "Semi": "NO SEMI-FINALS",
      "Year.2": 2002,
      "Final.2": "Spain",
      "Semi.1": "No semi-finals"
    },
    {
      "Year": 1977,
      "Final": "France",
      "Year.1": 1990,
      "Final.1": "France",
      "Semi": "No semi-finals",
      "Year.2": 2003,
      "Final.2": "Relegated",
      "Semi.1": "No semi-finals"
    },
    {
      "Year": 1978,
      "Final": "Israel",
      "Year.1": 1991,
      "Final.1": "Spain",
      "Semi": "No semi-finals",
      "Year.2": 2004,
      "Final.2": "Serbia & Montenegro",
      "Semi.1": "Serbia and Montenegro"
    },
    {
      "Year": 1979,
      "Final": "Spain",
      "Year.1": 1992,
      "Final.1": "France",
      "Semi": "No semi-finals",
      "Year.2": 2005,
      "Final.2": "Serbia and Montenegro",
      "Semi.1": "Portugal"
    }
  ]
}