{
  "table_title": "Episode 1 & 2 Contestant Elimination Data",
  "columns": [
    {
      "column_name": "Contestant",
      "data_type": "string",
      "description": "Name of the contestant participating in the competition."
    },
    {
      "column_name": "Age",
      "data_type": "integer",
      "description": "Contestant's age in years."
    },
    {
      "column_name": "Height",
      "data_type": "string",
      "description": "Contestant's height in centimeters and feet/inches."
    },
    {
      "column_name": "Home City",
      "data_type": "string",
      "description": "City of residence for each contestant."
    },
    {
      "column_name": "Rank",
      "data_type": "string",
      "description": "Indicates the episode in which the contestant was eliminated."
    }
  ],
  "first 5 rows": [
    {
      "Contestant": "Isabelle Raisa",
      "Age": 16,
      "Height": "170 cm (5 ft 7 in)",
      "Home City": "vienna",
      "Rank": "Eliminated in Episode 1"
    },
    {
      "Contestant": "Alina Chlebecek",
      "Age": 18,
      "Height": "170 cm (5 ft 7 in)",
      "Home City": "Deutsch-Wagram",
      "Rank": "Eliminated in episode 1"
    },
    {
      "Contestant": "Sabrina Angelika Rauch †",
      "Age": 21,
      "Height": "175 cm (5 ft 9 in)",
      "Home City": "Graz",
      "Rank": "eliminated in Episode 2"
    },
    {
      "Contestant": "Katharina Mihalović",
      "Age": 23,
      "Height": "179 cm (5 ft 10.5 in)",
      "Home City": "Vienna",
      "Rank": "Eliminated in Episode 2"
    },
    {
      "Contestant": "Nataša Marić",
      "Age": 16,
      "Height": "175 cm (5 ft 9 in)",
      "Home City": "Liefering (originally from serbia)",
      "Rank": "Eliminated in Episode 3"
    }
  ]
}