{
  "table_title": "2006 NHL Draft Picks",
  "columns": [
    {
      "column_name": "Round",
      "data_type": "integer",
      "description": "The draft round in which the player was selected."
    },
    {
      "column_name": "#",
      "data_type": "integer",
      "description": "The overall pick number in the draft."
    },
    {
      "column_name": "Player",
      "data_type": "string",
      "description": "The name of the drafted player."
    },
    {
      "column_name": "Position",
      "data_type": "string",
      "description": "The player's playing position (e.g., Right Wing, Wing)."
    },
    {
      "column_name": "Nationality",
      "data_type": "string",
      "description": "The player's country of origin."
    },
    {
      "column_name": "College/Junior/Club Team (League)",
      "data_type": "string",
      "description": "The name of the player's team and the league they played in before the draft."
    }
  ],
  "first 5 rows": [
    {
      "Round": 1,
      "#": 7,
      "Player": "Kyle Okposo",
      "Position": "Right Wing",
      "Nationality": "United States",
      "College/Junior/Club Team (League)": "Des Moines Buccaneers (USHL)"
    },
    {
      "Round": 2,
      "#": 60,
      "Player": "Jesse Joensuu",
      "Position": "Wing",
      "Nationality": "Finland",
      "College/Junior/Club Team (League)": "Ässät (SM-liiga)"
    },
    {
      "Round": 3,
      "#": 70,
      "Player": "Robin Figren",
      "Position": "wing",
      "Nationality": "Sweden",
      "College/Junior/Club Team (League)": "Frölunda HC (Elitserien)"
    },
    {
      "Round": 4,
      "#": 100,
      "Player": "Rhett Rakhshani",
      "Position": "Right Wing",
      "Nationality": "United States",
      "College/Junior/Club Team (League)": "University of Denver(NCAA) /US National Team Development Program (USHL)"
    },
    {
      "Round": 4,
      "#": 108,
      "Player": "Jase Weslosky",
      "Position": "Goalie",
      "Nationality": "CANADA",
      "College/Junior/Club Team (League)": "Sherwood Park Crusaders (AJHL)"
    }
  ]
}