{
  "table_title": "Vital Statistics: Population Change Over Time",
  "columns": [
    {
      "column_name": "Unnamed: 0",
      "data_type": "integer",
      "description": "Year of the recorded data."
    },
    {
      "column_name": "Average population (x 1000)",
      "data_type": "integer",
      "description": "Average population in thousands for the given year."
    },
    {
      "column_name": "Live births",
      "data_type": "integer",
      "description": "Total number of live births recorded during the year."
    },
    {
      "column_name": "Deaths",
      "data_type": "integer",
      "description": "Total number of deaths recorded during the year."
    },
    {
      "column_name": "Natural change",
      "data_type": "string",
      "description": "Difference between live births and deaths (live births - deaths);  Note: data type is inconsistently represented as a string instead of an integer."
    },
    {
      "column_name": "Crude birth rate (per 1000)",
      "data_type": "float",
      "description": "Number of live births per 1000 people in the population."
    },
    {
      "column_name": "Crude death rate (per 1000)",
      "data_type": "float",
      "description": "Number of deaths per 1000 people in the population."
    },
    {
      "column_name": "Natural change (per 1000)",
      "data_type": "float",
      "description": "Rate of population growth or decline per 1000 people (crude birth rate - crude death rate)."
    }
  ],
  "first 5 rows": [
    {
      "Unnamed: 0": 1970,
      "Average population (x 1000)": 31,
      "Live births": 683,
      "Deaths": 356,
      "Natural change": 327,
      "Crude birth rate (per 1000)": 22,
      "Crude death rate (per 1000)": 11.5,
      "Natural change (per 1000)": 10.5
    },
    {
      "Unnamed: 0": 1975,
      "Average population (x 1000)": 33,
      "Live births": 706,
      "Deaths": 374,
      "Natural change": 332,
      "Crude birth rate (per 1000)": 21.4,
      "Crude death rate (per 1000)": 11.3,
      "Natural change (per 1000)": 10.1
    },
    {
      "Unnamed: 0": 1980,
      "Average population (x 1000)": 35,
      "Live births": 701,
      "Deaths": 351,
      "Natural change": 350,
      "Crude birth rate (per 1000)": 20,
      "Crude death rate (per 1000)": 10,
      "Natural change (per 1000)": 10
    },
    {
      "Unnamed: 0": 1985,
      "Average population (x 1000)": 37,
      "Live births": 793,
      "Deaths": 289,
      "Natural change": 480,
      "Crude birth rate (per 1000)": 21.4,
      "Crude death rate (per 1000)": 7.8,
      "Natural change (per 1000)": 13.6
    },
    {
      "Unnamed: 0": 1990,
      "Average population (x 1000)": 38,
      "Live births": 635,
      "Deaths": 342,
      "Natural change": 293,
      "Crude birth rate (per 1000)": 16.9,
      "Crude death rate (per 1000)": 9.1,
      "Natural change (per 1000)": 8.3
    }
  ]
}