{
  "table_title": "Beauty Pageant Contestant Information",
  "columns": [
    {
      "column_name": "Represent",
      "data_type": "integer",
      "description": "Unique identifier representing the contestant's position or number."
    },
    {
      "column_name": "Contestant",
      "data_type": "string",
      "description": "Full name of the contestant participating in the pageant."
    },
    {
      "column_name": "Age",
      "data_type": "integer",
      "description": "Age of the contestant in years."
    },
    {
      "column_name": "Height",
      "data_type": "string",
      "description": "Height of the contestant, in meters."
    },
    {
      "column_name": "Hometown",
      "data_type": "string",
      "description": "City and country of origin for each contestant."
    }
  ],
  "first 5 rows": [
    {
      "Represent": 1,
      "Contestant": "Mildred Kincaid Adames",
      "Age": 20,
      "Height": "1.65 m",
      "Hometown": "Panama City"
    },
    {
      "Represent": 2,
      "Contestant": "Catherine Henderson Tudisco",
      "Age": 20,
      "Height": "1.66 mts",
      "Hometown": "panama city"
    },
    {
      "Represent": 3,
      "Contestant": "Giovanna Alida Loaiza",
      "Age": 21,
      "Height": "1.67 meters",
      "Hometown": "Panama City"
    },
    {
      "Represent": 4,
      "Contestant": "Reyna Royo",
      "Age": 24,
      "Height": "1.69 mts",
      "Hometown": "Panama City"
    },
    {
      "Represent": 5,
      "Contestant": "Ivonne Ileana Correa Turney",
      "Age": 23,
      "Height": "1.70 mts",
      "Hometown": "Panama City"
    }
  ]
}