{
  "table_title": "Match Results",
  "columns": [
    {
      "column_name": "Tie",
      "data_type": "integer",
      "description": "Unique identifier for each match."
    },
    {
      "column_name": "Home Team",
      "data_type": "string",
      "description": "Name of the home team in the match."
    },
    {
      "column_name": "Score",
      "data_type": "string",
      "description": "Final score of the match, in the format 'Home Team Goals-Away Team Goals'."
    },
    {
      "column_name": "Away Team",
      "data_type": "string",
      "description": "Name of the away team in the match."
    },
    {
      "column_name": "Attendance",
      "data_type": "string",
      "description": "Number of spectators who attended the match."
    }
  ],
  "first 5 rows": [
    {
      "Tie": 1,
      "Home Team": "Aylesbury United",
      "Score": "2-2",
      "Away Team": "Windsor & Eton",
      "Attendance": 847
    },
    {
      "Tie": 2,
      "Home Team": "Burscough",
      "Score": "5-0",
      "Away Team": "Wakefield & Emley",
      "Attendance": 437
    },
    {
      "Tie": 3,
      "Home Team": "Dover Athletic",
      "Score": "0-3",
      "Away Team": "Forest Green Rovers",
      "Attendance": 932
    },
    {
      "Tie": 4,
      "Home Team": "Farnborough Town",
      "Score": "2-0",
      "Away Team": "Halifax Town",
      "Attendance": 863
    },
    {
      "Tie": 5,
      "Home Team": "Gloucester City",
      "Score": "1-1",
      "Away Team": "Southport",
      "Attendance": 1.237
    }
  ]
}