{
  "table_title": "Spanish Chart Performance of Endless Road Singles",
  "columns": [
    {
      "column_name": "Year",
      "data_type": "integer",
      "description": "The year the single was released."
    },
    {
      "column_name": "Single",
      "data_type": "string",
      "description": "Title of the single released, including escaped quotes."
    },
    {
      "column_name": "Chart positions\nSPA",
      "data_type": "string",
      "description": "Peak chart position in Spain (SPA)."
    },
    {
      "column_name": "Album",
      "data_type": "string",
      "description": "Name of the album the single belongs to."
    }
  ],
  "first 5 rows": [
    {
      "Year": 2011,
      "Single": "\\breathe in the Light\\\"\"",
      "Chart positions\nSPA": 10,
      "Album": "Endless Road 7058"
    },
    {
      "Year": 2011,
      "Single": "\\Last Night on Earth\\\"\"",
      "Chart positions\nSPA": 6,
      "Album": "Endless Road 7058"
    },
    {
      "Year": 2012,
      "Single": "\\I Don't Think So\\\"\"",
      "Chart positions\nSPA": 7,
      "Album": "endless road 7058"
    },
    {
      "Year": 2012,
      "Single": "\\Don't Give Up My Game\\\"\"",
      "Chart positions\nSPA": 13,
      "Album": "Endless Road 7058"
    },
    {
      "Year": 2012,
      "Single": "\\1900\\\"\"",
      "Chart positions\nSPA": "-",
      "Album": "Endless Road 7058"
    }
  ]
}