{
  "table_title": "Team Game Schedule and Results",
  "columns": [
    {
      "column_name": "Game",
      "data_type": "integer",
      "description": "Sequential game number for the season."
    },
    {
      "column_name": "Day",
      "data_type": "string",
      "description": "Day of the week the game was played (Saturday or Sunday)."
    },
    {
      "column_name": "Date",
      "data_type": "string",
      "description": "Date of the game in month-day format."
    },
    {
      "column_name": "Kickoff",
      "data_type": "string",
      "description": "Time the game started."
    },
    {
      "column_name": "Opponent",
      "data_type": "string",
      "description": "Name of the opposing team, including location if away game."
    },
    {
      "column_name": "Results\nScore",
      "data_type": "string",
      "description": "Result of the game (Win or Loss) and the scores."
    },
    {
      "column_name": "Results\nRecord",
      "data_type": "string",
      "description": "Team's win-loss record after the game."
    },
    {
      "column_name": "Location",
      "data_type": "string",
      "description": "Venue where the game was played."
    },
    {
      "column_name": "Attendance",
      "data_type": "string",
      "description": "Number of spectators at the game."
    }
  ],
  "first 5 rows": [
    {
      "Game": 1,
      "Day": "Saturday",
      "Date": "November 9",
      "Kickoff": "19:05",
      "Opponent": "at Detroit Waza",
      "Results\nScore": "W 8–7 (OT)",
      "Results\nRecord": "1–0",
      "Location": "Melvindale Civic Center",
      "Attendance": 545
    },
    {
      "Game": 2,
      "Day": "Sunday",
      "Date": "November 10",
      "Kickoff": "3:05pm",
      "Opponent": "at Cleveland Freeze",
      "Results\nScore": "L 3–11",
      "Results\nRecord": "1–1",
      "Location": "Soccer Sportsplex",
      "Attendance": 703
    },
    {
      "Game": 3,
      "Day": "Saturday",
      "Date": "November 16",
      "Kickoff": "7:35PM",
      "Opponent": "Detroit Waza",
      "Results\nScore": "L 5–8",
      "Results\nRecord": "1–2",
      "Location": "Farm Show Arena",
      "Attendance": 1605
    },
    {
      "Game": 4,
      "Day": "Saturday",
      "Date": "November 23",
      "Kickoff": "7:05pm",
      "Opponent": "Cleveland Freeze",
      "Results\nScore": "L 7–10",
      "Results\nRecord": "1–3",
      "Location": "Farm Show Arena",
      "Attendance": 1050
    },
    {
      "Game": 5,
      "Day": "Saturday",
      "Date": "November 30",
      "Kickoff": "7:05pm",
      "Opponent": "Cincinnati Saints",
      "Results\nScore": "W 8–6",
      "Results\nRecord": "2–3",
      "Location": "Farm Show Arena",
      "Attendance": 1458
    }
  ]
}