{
  "table_title": "Cricket Player Statistics",
  "columns": [
    {
      "column_name": "Player",
      "data_type": "string",
      "description": "Name of the cricket player."
    },
    {
      "column_name": "Matches",
      "data_type": "integer",
      "description": "Number of matches played by the player."
    },
    {
      "column_name": "Innings",
      "data_type": "integer",
      "description": "Number of innings batted by the player."
    },
    {
      "column_name": "Runs",
      "data_type": "integer",
      "description": "Total number of runs scored by the player."
    },
    {
      "column_name": "Average",
      "data_type": "float",
      "description": "Average runs scored per innings by the player."
    },
    {
      "column_name": "100s",
      "data_type": "integer",
      "description": "Number of centuries (100+ runs in an innings) scored by the player."
    },
    {
      "column_name": "50s",
      "data_type": "integer",
      "description": "Number of half-centuries (50-99 runs in an innings) scored by the player."
    }
  ],
  "first 5 rows": [
    {
      "Player": "Herbie Hewett",
      "Matches": 10,
      "Innings": 15,
      "Runs": 543,
      "Average": 36.2,
      "100s": 1,
      "50s": 2
    },
    {
      "Player": "Lionel Palairet",
      "Matches": 10,
      "Innings": 14,
      "Runs": 408,
      "Average": 29.14,
      "100s": 1,
      "50s": 1
    },
    {
      "Player": "Bill Roe",
      "Matches": 8,
      "Innings": 12,
      "Runs": 316,
      "Average": 31.6,
      "100s": 0,
      "50s": 1
    },
    {
      "Player": "George Nichols",
      "Matches": 13,
      "Innings": 18,
      "Runs": 497,
      "Average": 27.61,
      "100s": 1,
      "50s": 3
    },
    {
      "Player": "John Challen",
      "Matches": 9,
      "Innings": 14,
      "Runs": 286,
      "Average": 20.43,
      "100s": 0,
      "50s": 1
    }
  ]
}