{
  "table_title": "Belgian Cycling Awards (1992-1994)",
  "columns": [
    {
      "column_name": "Year",
      "data_type": "integer",
      "description": "The year the awards were presented."
    },
    {
      "column_name": "Crystal Bicycle\n(Best Professional Cyclist)",
      "data_type": "string",
      "description": "The name of the cyclist awarded the Crystal Bicycle for being the best professional cyclist."
    },
    {
      "column_name": "Best Young Rider",
      "data_type": "string",
      "description": "The name of the cyclist awarded for being the best young rider; 'Not Awarded' if no award was given."
    },
    {
      "column_name": "Best Manager",
      "data_type": "string",
      "description": "The name of the manager awarded for being the best; 'Not Awarded' if no award was given."
    },
    {
      "column_name": "Crystal Drop of Sweat\n(Best Helper)",
      "data_type": "string",
      "description": "The name of the cyclist awarded the Crystal Drop of Sweat for being the best helper; 'Not Awarded' if no award was given."
    }
  ],
  "first 5 rows": [
    {
      "Year": 1992,
      "Crystal Bicycle\n(Best Professional Cyclist)": "Dirk de wolf",
      "Best Young Rider": "Not Awarded",
      "Best Manager": "Not Awarded",
      "Crystal Drop of Sweat\n(Best Helper)": "Not Awarded"
    },
    {
      "Year": 1993,
      "Crystal Bicycle\n(Best Professional Cyclist)": "Johan Museeuw",
      "Best Young Rider": "Not Awarded",
      "Best Manager": "Not Awarded",
      "Crystal Drop of Sweat\n(Best Helper)": "Not Awarded"
    },
    {
      "Year": 1994,
      "Crystal Bicycle\n(Best Professional Cyclist)": "Paul Herygers",
      "Best Young Rider": "Kristof Trouvé",
      "Best Manager": "Not Awarded",
      "Crystal Drop of Sweat\n(Best Helper)": "Not Awarded"
    },
    {
      "Year": 1995,
      "Crystal Bicycle\n(Best Professional Cyclist)": "Johan Museeuw",
      "Best Young Rider": "Leif Hoste",
      "Best Manager": "Not Awarded",
      "Crystal Drop of Sweat\n(Best Helper)": "Not Awarded"
    },
    {
      "Year": 1996,
      "Crystal Bicycle\n(Best Professional Cyclist)": "Johan Museeuw",
      "Best Young Rider": "Glenn D'Hollander",
      "Best Manager": "Not Awarded",
      "Crystal Drop of Sweat\n(Best Helper)": "Not Awarded"
    }
  ]
}