{
  "table_title": "Moncton Parish Municipalities",
  "columns": [
    {
      "column_name": "Official Name",
      "data_type": "string",
      "description": "The official name of the municipality."
    },
    {
      "column_name": "Designation",
      "data_type": "string",
      "description": "The type of municipality (e.g., City, Rural community)."
    },
    {
      "column_name": "Area km2",
      "data_type": "float",
      "description": "The area of the municipality in square kilometers."
    },
    {
      "column_name": "Population",
      "data_type": "string",
      "description": "The population of the municipality;  Note: data type is string, may require conversion for numerical analysis."
    },
    {
      "column_name": "Parish",
      "data_type": "string",
      "description": "The parish to which the municipality belongs."
    }
  ],
  "first 5 rows": [
    {
      "Official Name": "Moncton",
      "Designation": "City",
      "Area km2": 141.17,
      "Population": 69074,
      "Parish": "Moncton"
    },
    {
      "Official Name": "Dieppe",
      "Designation": "City",
      "Area km2": 51.17,
      "Population": 23310,
      "Parish": "moncton"
    },
    {
      "Official Name": "Beaubassin East",
      "Designation": "Rural community",
      "Area km2": 291.04,
      "Population": 6200,
      "Parish": "Shediac"
    },
    {
      "Official Name": "Shediac",
      "Designation": "Town",
      "Area km2": 11.97,
      "Population": 6053,
      "Parish": "Shediac"
    },
    {
      "Official Name": "Sackville",
      "Designation": "Town",
      "Area km2": 74.32,
      "Population": 5558,
      "Parish": "Sackville"
    }
  ]
}