{
  "table_title": "Player Season Statistics",
  "columns": [
    {
      "column_name": "Name",
      "data_type": "string",
      "description": "The name of the player."
    },
    {
      "column_name": "Nation",
      "data_type": "string",
      "description": "The player's nationality."
    },
    {
      "column_name": "Position",
      "data_type": "string",
      "description": "The player's position on the field (e.g., DF for Defender, FW for Forward)."
    },
    {
      "column_name": "League Apps",
      "data_type": "integer",
      "description": "Number of appearances in league matches."
    },
    {
      "column_name": "League Goals",
      "data_type": "integer",
      "description": "Number of goals scored in league matches."
    },
    {
      "column_name": "FA Cup Apps",
      "data_type": "integer",
      "description": "Number of appearances in FA Cup matches."
    },
    {
      "column_name": "FA Cup Goals",
      "data_type": "integer",
      "description": "Number of goals scored in FA Cup matches."
    },
    {
      "column_name": "Total Apps",
      "data_type": "integer",
      "description": "Total number of appearances across all competitions (League + FA Cup)."
    },
    {
      "column_name": "Total Goals",
      "data_type": "integer",
      "description": "Total number of goals scored across all competitions (League + FA Cup)."
    }
  ],
  "first 5 rows": [
    {
      "Name": "Ned Barkas",
      "Nation": "England",
      "Position": "DF",
      "League Apps": 4,
      "League Goals": 0,
      "FA Cup Apps": 0,
      "FA Cup Goals": 0,
      "Total Apps": 4,
      "Total Goals": 0
    },
    {
      "Name": "Harry Brough",
      "Nation": "England",
      "Position": "DF",
      "League Apps": 9,
      "League Goals": 0,
      "FA Cup Apps": 0,
      "FA Cup Goals": 0,
      "Total Apps": 8,
      "Total Goals": 0
    },
    {
      "Name": "George Brown",
      "Nation": "England",
      "Position": "FW",
      "League Apps": 6,
      "League Goals": 4,
      "FA Cup Apps": 0,
      "FA Cup Goals": 0,
      "Total Apps": 6,
      "Total Goals": 5
    },
    {
      "Name": "Jack Byers",
      "Nation": "England",
      "Position": "MF",
      "League Apps": 5,
      "League Goals": 1,
      "FA Cup Apps": 0,
      "FA Cup Goals": 0,
      "Total Apps": 5,
      "Total Goals": 1
    },
    {
      "Name": "Harry Cawthorne",
      "Nation": "England",
      "Position": "DF",
      "League Apps": 5,
      "League Goals": 0,
      "FA Cup Apps": 0,
      "FA Cup Goals": 0,
      "Total Apps": 6,
      "Total Goals": 0
    }
  ]
}