{
  "table_title": "2005 MotoGP Rider Information",
  "columns": [
    {
      "column_name": "Team",
      "data_type": "string",
      "description": "The name of the MotoGP team."
    },
    {
      "column_name": "Constructor",
      "data_type": "string",
      "description": "The manufacturer of the motorcycle."
    },
    {
      "column_name": "Motorcycle",
      "data_type": "string",
      "description": "The specific model of motorcycle used by the rider."
    },
    {
      "column_name": "Tyres",
      "data_type": "string",
      "description": "The type of tyres used (likely an abbreviation, M might indicate Michelin)."
    },
    {
      "column_name": "No",
      "data_type": "integer",
      "description": "The rider's number."
    },
    {
      "column_name": "Rider",
      "data_type": "string",
      "description": "The name of the MotoGP rider."
    },
    {
      "column_name": "Rounds",
      "data_type": "string",
      "description": "Indicates rider participation; 'All' suggests participation in all rounds of the championship."
    }
  ],
  "first 5 rows": [
    {
      "Team": "Camel Yamaha Team",
      "Constructor": "YAMAHA",
      "Motorcycle": "Yamaha YZR-M1",
      "Tyres": "M",
      "No": 5,
      "Rider": "Colin Edwards",
      "Rounds": "All"
    },
    {
      "Team": "Camel Yamaha Team",
      "Constructor": "Yamaha",
      "Motorcycle": "YAMAHA YZR-M1",
      "Tyres": "M",
      "No": 46,
      "Rider": "Valentino Rossi",
      "Rounds": "All"
    },
    {
      "Team": "Konica Minolta Honda",
      "Constructor": "Honda",
      "Motorcycle": "Honda RC211V",
      "Tyres": "M",
      "No": 6,
      "Rider": "Makoto Tamada",
      "Rounds": "All"
    },
    {
      "Team": "Tech 3 Yamaha",
      "Constructor": "Yamaha",
      "Motorcycle": "Yamaha YZR-M1",
      "Tyres": "D",
      "No": 7,
      "Rider": "Carlos Checa",
      "Rounds": "All"
    },
    {
      "Team": "Tech 3 Yamaha",
      "Constructor": "Yamaha",
      "Motorcycle": "Yamaha YZR-M1",
      "Tyres": "D",
      "No": 77,
      "Rider": "JAMES ELLISON",
      "Rounds": "All"
    }
  ]
}