{
  "table_title": "1896 Summer Olympics Medal Count by Nation",
  "columns": [
    {
      "column_name": "Rank",
      "data_type": "string",
      "description": "Rank of the nation in the medal count.  Ordinal ranking from first place."
    },
    {
      "column_name": "Nation",
      "data_type": "string",
      "description": "Name of the participating nation."
    },
    {
      "column_name": "Gold",
      "data_type": "integer",
      "description": "Number of gold medals won by the nation."
    },
    {
      "column_name": "Silver",
      "data_type": "integer",
      "description": "Number of silver medals won by the nation."
    },
    {
      "column_name": "Bronze",
      "data_type": "integer",
      "description": "Number of bronze medals won by the nation."
    },
    {
      "column_name": "Total",
      "data_type": "integer",
      "description": "Total number of medals (gold + silver + bronze) won by the nation."
    }
  ],
  "first 5 rows": [
    {
      "Rank": 1,
      "Nation": "France",
      "Gold": 11,
      "Silver": 5,
      "Bronze": 3,
      "Total": 19
    },
    {
      "Rank": 2,
      "Nation": "Greece",
      "Gold": 6,
      "Silver": 7,
      "Bronze": 6,
      "Total": 19
    },
    {
      "Rank": 3,
      "Nation": "Yugoslavia",
      "Gold": 3,
      "Silver": 2,
      "Bronze": 1,
      "Total": 6
    },
    {
      "Rank": 4,
      "Nation": "Spain",
      "Gold": 1,
      "Silver": 5,
      "Bronze": 5,
      "Total": 11
    },
    {
      "Rank": 5,
      "Nation": "Morocco",
      "Gold": 1,
      "Silver": 1,
      "Bronze": 0,
      "Total": 2
    }
  ]
}