{
  "table_title": "International Cricket Match Statistics",
  "columns": [
    {
      "column_name": "No.",
      "data_type": "integer",
      "description": "Sequential number representing the record entry."
    },
    {
      "column_name": "Score",
      "data_type": "string",
      "description": "Player's score in the match, including notation for not out (*)."
    },
    {
      "column_name": "Player",
      "data_type": "string",
      "description": "Name of the cricketer who achieved the score."
    },
    {
      "column_name": "Team",
      "data_type": "string",
      "description": "Country team the player represents."
    },
    {
      "column_name": "Balls",
      "data_type": "integer",
      "description": "Number of balls faced by the player during their innings."
    },
    {
      "column_name": "Inns.",
      "data_type": "integer",
      "description": "Number of the innings in the match."
    },
    {
      "column_name": "Opposing team",
      "data_type": "string",
      "description": "Name of the opposing team in the match."
    },
    {
      "column_name": "Date",
      "data_type": "date",
      "description": "Date of the cricket match."
    },
    {
      "column_name": "Result",
      "data_type": "string",
      "description": "Outcome of the match for the player's team (Won or Lost)."
    }
  ],
  "first 5 rows": [
    {
      "No.": 1,
      "Score": 123,
      "Player": "Kris Srikkanth",
      "Team": "India",
      "Balls": 103,
      "Inns.": 1,
      "Opposing team": "Pakistan",
      "Date": "18 February 1987",
      "Result": "Lost"
    },
    {
      "No.": 2,
      "Score": "107*",
      "Player": "Desmond Haynes",
      "Team": "West Indies",
      "Balls": 137,
      "Inns.": 1,
      "Opposing team": "pakistan",
      "Date": "1 November 1989",
      "Result": "Lost"
    },
    {
      "No.": 3,
      "Score": "100*",
      "Player": "Sachin Tendulkar",
      "Team": "India",
      "Balls": 103,
      "Inns.": 2,
      "Opposing team": "Kenya",
      "Date": "31/05/1998",
      "Result": "Won"
    },
    {
      "No.": 4,
      "Score": "121 runs",
      "Player": "Marcus Trescothick",
      "Team": "England",
      "Balls": 109,
      "Inns.": 2,
      "Opposing team": "India",
      "Date": "19 January 2002",
      "Result": "Lost"
    },
    {
      "No.": 5,
      "Score": "108*",
      "Player": "Salman Butt",
      "Team": "Pakistan",
      "Balls": 130,
      "Inns.": 2,
      "Opposing team": "India",
      "Date": "13 November 2004",
      "Result": "Won"
    }
  ]
}