{
  "table_title": "Historical Markers in Callicoon, New York",
  "columns": [
    {
      "column_name": "Unnamed: 0",
      "data_type": "integer",
      "description": "A unique identifier for each historical marker."
    },
    {
      "column_name": "Marker name",
      "data_type": "string",
      "description": "The name of the historical marker."
    },
    {
      "column_name": "Location",
      "data_type": "string",
      "description": "The precise location of the marker relative to landmarks and roads."
    },
    {
      "column_name": "City or Town",
      "data_type": "string",
      "description": "The city or town where the marker is located."
    },
    {
      "column_name": "Marker text",
      "data_type": "string",
      "description": "The text inscribed on the historical marker, describing the historical significance of the site."
    }
  ],
  "first 5 rows": [
    {
      "Unnamed: 0": 1,
      "Marker name": "Clark Tannery",
      "Location": "On So. Side NYS 52 At Eastern End of Jeffersonville",
      "City or Town": "Callicoon, New York",
      "Marker text": "Contained 182, Square Vats Produced 600, 051 Lbs. Sole Leather In 1865. Ranked Second In Output In Sullivan County"
    },
    {
      "Unnamed: 0": 2,
      "Marker name": "Early Sawmill",
      "Location": "On W. Side NYS 52 At Southern End of Youngsville",
      "City or Town": "callicoon, New York",
      "Marker text": "Built 1834 By Sam M. Young Followed In Turn By Turning Mill, Apple Brandy Distillery And Milk Manufacturing Plant"
    },
    {
      "Unnamed: 0": 3,
      "Marker name": "first clearing",
      "Location": "On NYS 52 1 Mi. Youngsville",
      "City or Town": "Callicoon, New York",
      "Marker text": "In 1807 J.S. Jackson And C. Hurd Cleared Over 100 Acres For John De Witt At A Cost of 163 19S"
    },
    {
      "Unnamed: 0": 4,
      "Marker name": "George G. De Witt",
      "Location": "On W. Side NYS 52 Between Jeffersonville & Youngsville",
      "City or Town": "Callicoon, New York",
      "Marker text": "Home of George G. De Witt Where First Town Meeting Was Held May 3, 1842 500 Feet West"
    },
    {
      "Unnamed: 0": 5,
      "Marker name": "Old Toll Road",
      "Location": "On E. Side NYS 52 Midway Between Jeffersonville, & Youngsville",
      "City or Town": "Callicoon, New York",
      "Marker text": "Callicoon And Cochecton Turnpike 1852 Joined Erie At Cochecton With Tanneries At Pike Pond Jeffersonville, Youngsville"
    }
  ]
}