{
  "table_title": "Medal Count by Nation",
  "columns": [
    {
      "column_name": "Rank",
      "data_type": "integer",
      "description": "Ordinal rank of the nation based on total medals won."
    },
    {
      "column_name": "Nation",
      "data_type": "string",
      "description": "Name of the participating nation."
    },
    {
      "column_name": "Gold",
      "data_type": "integer",
      "description": "Number of gold medals won by the nation."
    },
    {
      "column_name": "Silver",
      "data_type": "integer",
      "description": "Number of silver medals won by the nation."
    },
    {
      "column_name": "Bronze",
      "data_type": "integer",
      "description": "Number of bronze medals won by the nation."
    },
    {
      "column_name": "Total",
      "data_type": "integer",
      "description": "Total number of medals (Gold + Silver + Bronze) won by the nation."
    }
  ],
  "first 5 rows": [
    {
      "Rank": 1,
      "Nation": "Japan",
      "Gold": 18,
      "Silver": 8,
      "Bronze": 8,
      "Total": 34
    },
    {
      "Rank": 2,
      "Nation": "India",
      "Gold": 4,
      "Silver": 5,
      "Bronze": 6,
      "Total": 15
    },
    {
      "Rank": 3,
      "Nation": "Philippines",
      "Gold": 4,
      "Silver": 3,
      "Bronze": 3,
      "Total": 11
    },
    {
      "Rank": 4,
      "Nation": "Taiwan",
      "Gold": 2,
      "Silver": 6,
      "Bronze": 7,
      "Total": 16
    },
    {
      "Rank": 5,
      "Nation": "South Korea",
      "Gold": 2,
      "Silver": 3,
      "Bronze": 1,
      "Total": 7
    }
  ]
}