{
  "table_title": "Suffolk County Solar Array Installations",
  "columns": [
    {
      "column_name": "Location",
      "data_type": "string",
      "description": "Name of the building or complex where the solar array is installed."
    },
    {
      "column_name": "Town",
      "data_type": "string",
      "description": "Town in Suffolk County where the solar array is located."
    },
    {
      "column_name": "Output (MW AC)",
      "data_type": "float",
      "description": "AC power output of the solar array in megawatts."
    },
    {
      "column_name": "Modules",
      "data_type": "string",
      "description": "Total number of solar modules in the array."
    },
    {
      "column_name": "Number of arrays",
      "data_type": "integer",
      "description": "Number of individual solar arrays comprising the installation."
    }
  ],
  "first 5 rows": [
    {
      "Location": "H. Lee Dennison Building",
      "Town": "Hauppauge",
      "Output (MW AC)": 1.75,
      "Modules": 7737,
      "Number of arrays": 24
    },
    {
      "Location": "North County Complex",
      "Town": "hauppauge",
      "Output (MW AC)": 0.5,
      "Modules": 3431,
      "Number of arrays": 9
    },
    {
      "Location": "Cohalan Court Complex",
      "Town": "Central Islip",
      "Output (MW AC)": 3.5,
      "Modules": 15113,
      "Number of arrays": 27
    },
    {
      "Location": "Riverhead County Center",
      "Town": "Riverside",
      "Output (MW AC)": 3,
      "Modules": 11536,
      "Number of arrays": 31
    },
    {
      "Location": "Brentwood LIRR Parking Lot",
      "Town": "Brentwood",
      "Output (MW AC)": 1,
      "Modules": 3924,
      "Number of arrays": 11
    }
  ]
}