{
  "table_title": "ATP Rankings Withdrawals",
  "columns": [
    {
      "column_name": "Rank",
      "data_type": "integer",
      "description": "Player's current ranking before withdrawal."
    },
    {
      "column_name": "Player",
      "data_type": "string",
      "description": "Name of the player who withdrew from the tournament."
    },
    {
      "column_name": "Points",
      "data_type": "integer",
      "description": "Player's total ATP ranking points before the withdrawal."
    },
    {
      "column_name": "Points defending",
      "data_type": "integer",
      "description": "Number of points the player was defending from the previous year's tournament."
    },
    {
      "column_name": "Points won",
      "data_type": "integer",
      "description": "Number of points earned in the current tournament (0 indicates withdrawal before earning points)."
    },
    {
      "column_name": "New points",
      "data_type": "integer",
      "description": "Player's updated ATP ranking points after the withdrawal."
    },
    {
      "column_name": "Withdrew due to",
      "data_type": "string",
      "description": "Reason for the player's withdrawal from the tournament."
    }
  ],
  "first 5 rows": [
    {
      "Rank": 5,
      "Player": "Juan Martín del Potro",
      "Points": 5115,
      "Points defending": 720,
      "Points won": 0,
      "New points": 4395,
      "Withdrew due to": "right wrist surgery"
    },
    {
      "Rank": 6,
      "Player": "Nikolay Davydenko",
      "Points": 5145,
      "Points defending": 360,
      "Points won": 0,
      "New points": 4785,
      "Withdrew due to": "broken wrist"
    },
    {
      "Rank": 20,
      "Player": "Radek Štěpánek",
      "Points": 1705,
      "Points defending": 90,
      "Points won": 0,
      "New points": 1615,
      "Withdrew due to": "Fatigue"
    },
    {
      "Rank": 23,
      "Player": "Tommy Haas",
      "Points": 1660,
      "Points defending": 180,
      "Points won": 0,
      "New points": 1480,
      "Withdrew due to": "Right Hip Surgery"
    },
    {
      "Rank": 32,
      "Player": "Gilles Simon",
      "Points": 1395,
      "Points defending": 90,
      "Points won": 0,
      "New points": 1305,
      "Withdrew due to": "right knee injury"
    }
  ]
}