{
  "table_title": "Top-Grossing Films (Adjusted for Inflation)",
  "columns": [
    {
      "column_name": "Rank",
      "data_type": "float",
      "description": "Ranking of films based on their adjusted gross revenue."
    },
    {
      "column_name": "Title",
      "data_type": "string",
      "description": "Title of the film; asterisk (*) denotes a musical."
    },
    {
      "column_name": "Studio",
      "data_type": "string",
      "description": "Film production company responsible for the movie."
    },
    {
      "column_name": "Director",
      "data_type": "string",
      "description": "Director of the film."
    },
    {
      "column_name": "Actors",
      "data_type": "string",
      "description": "Comma-separated list of main actors in the film."
    },
    {
      "column_name": "Gross",
      "data_type": "string",
      "description": "Adjusted gross revenue of the film in US dollars."
    }
  ],
  "first 5 rows": [
    {
      "Rank": 1,
      "Title": "The Sound of Music*",
      "Studio": "20th Century Fox",
      "Director": "Robert Wise",
      "Actors": "Julie Andrews, Christopher Plummer, Charmian Carr, Nicholas Hammond, Heather Menzies, Duane Chase, Angela Cartwright, Debbie Turner, Kym Karath, Richard Haydn, Peggy Wood, Eleanor Parker, Anna Lee, Portia Nelson, Marni Nixon, Daniel Truhitte, Ben Wright",
      "Gross": "$163,214,286"
    },
    {
      "Rank": 2,
      "Title": "Doctor Zhivago*",
      "Studio": "Metro-Goldwyn-Mayer",
      "Director": "David Lean",
      "Actors": "Omar Sharif, Julie Christie, Rod Steiger, Geraldine Chaplin, Alec Guinness, Ralph Richardson, Tom Courtenay, Siobhan McKenna, Rita Tushingham",
      "Gross": "111,721,910 USD"
    },
    {
      "Rank": 3,
      "Title": "Thunderball",
      "Studio": "United Artists",
      "Director": "Terence Young",
      "Actors": "Sean Connery, Claudine Auger, Adolfo Celi, Luciana Paluzzi, Rik Van Nutter, Desmond Llewelyn, Bernard Lee",
      "Gross": "$63,595,658"
    },
    {
      "Rank": 4,
      "Title": "Those Magnificent Men in their Flying Machines",
      "Studio": "20th Century Fox",
      "Director": "Ken Annakin",
      "Actors": "Stuart Whitman, Sarah Miles, James Fox, Terry-Thomas, Robert Morley, Alberto Sordi, Gert Fröbe, Jean-Pierre Cassel, Irina Demick, Red Skelton, Yujiro Ishihara, Karl Michael Vogler, Dame Flora Robson, Sam Wanamaker, Gordon Jackson",
      "Gross": "$31,111,111"
    },
    {
      "Rank": 5,
      "Title": "That Darn Cat!",
      "Studio": "Walt Disney Productions",
      "Director": "Robert Stevenson",
      "Actors": "Hayley Mills, Dean Jones, Dorothy Provine, Roddy McDowell, Neville Brand, Frank Gorshin, Grayson Hall, Elsa Lanchester, William Demarest, Ed Wynn",
      "Gross": "$28,068,222"
    }
  ]
}