{
  "table_title": "Top 3 Cities with Highest Percentage of Asian Population",
  "columns": [
    {
      "column_name": "Rank",
      "data_type": "integer",
      "description": "Rank of the city based on the percentage of Asian population."
    },
    {
      "column_name": "City",
      "data_type": "string",
      "description": "Name of the city."
    },
    {
      "column_name": "County",
      "data_type": "string",
      "description": "County where the city is located."
    },
    {
      "column_name": "State",
      "data_type": "string",
      "description": "State where the city is located."
    },
    {
      "column_name": "Percentage",
      "data_type": "string",
      "description": "Percentage of Asian population in the city (some entries include a comparison to a previous year)."
    }
  ],
  "first 5 rows": [
    {
      "Rank": 1,
      "City": "Palisades Park",
      "County": "Bergen County",
      "State": "New Jersey",
      "Percentage": "36.38% (52% in 2010)"
    },
    {
      "Rank": 2,
      "City": "Cerritos",
      "County": "Los Angeles County",
      "State": "California",
      "Percentage": "17.69%"
    },
    {
      "Rank": 3,
      "City": "La Palma",
      "County": "Orange County",
      "State": "California",
      "Percentage": 17.43
    },
    {
      "Rank": 4,
      "City": "Leonia",
      "County": "Bergen County",
      "State": "New Jersey",
      "Percentage": "17.24%"
    },
    {
      "Rank": 5,
      "City": "Fort Lee",
      "County": "Bergen County",
      "State": "New Jersey",
      "Percentage": "17.18%"
    }
  ]
}