{
  "table_title": "Nürburgring 24-Hour Race Results (Selected Years)",
  "columns": [
    {
      "column_name": "Year",
      "data_type": "integer",
      "description": "The year in which the race took place."
    },
    {
      "column_name": "Team",
      "data_type": "string",
      "description": "The name of the team that entered the race."
    },
    {
      "column_name": "Co-Drivers",
      "data_type": "string",
      "description": "The names of the co-drivers for the team's entry."
    },
    {
      "column_name": "Car",
      "data_type": "string",
      "description": "The make and model of the car used in the race."
    },
    {
      "column_name": "Class",
      "data_type": "string",
      "description": "The racing class the car competed in."
    },
    {
      "column_name": "Laps",
      "data_type": "integer",
      "description": "The number of laps completed during the race."
    },
    {
      "column_name": "Pos.",
      "data_type": "string",
      "description": "The overall finishing position in the race (DNF indicates Did Not Finish)."
    },
    {
      "column_name": "Class\nPos.",
      "data_type": "string",
      "description": "The finishing position within the car's racing class (DNF indicates Did Not Finish)."
    }
  ],
  "first 5 rows": [
    {
      "Year": 1972,
      "Team": "Ford Motor Company Deutschland",
      "Co-Drivers": "Jochen Mass",
      "Car": "Ford Capri 2600RS",
      "Class": "S\n3.0",
      "Laps": 152,
      "Pos.": "DNF",
      "Class\nPos.": "DNF"
    },
    {
      "Year": 1973,
      "Team": "BMW Motorsport",
      "Co-Drivers": "Chris Amon",
      "Car": "BMW 3.0CSL",
      "Class": "T\n5.0",
      "Laps": 160,
      "Pos.": "DNF",
      "Class\nPos.": "DNF"
    },
    {
      "Year": 1980,
      "Team": "BMW Motorsport GmbH",
      "Co-Drivers": "Hans-Georg Bürger\n Dominique Lacaud",
      "Car": "BMW M1",
      "Class": "IMSA",
      "Laps": 283,
      "Pos.": "15th",
      "Class\nPos.": "5th"
    },
    {
      "Year": 1981,
      "Team": "BASF Cassetten Team GS Sport",
      "Co-Drivers": "Jean-Pierre Jarier\n Helmut Henzler",
      "Car": "BMW M1",
      "Class": "IMSA-GTX",
      "Laps": 57,
      "Pos.": "DNF",
      "Class\nPos.": "DNF"
    },
    {
      "Year": 1982,
      "Team": "BASF Cassetten Team GS Sport",
      "Co-Drivers": "Jean-Louis Schlesser\n Dieter Quester",
      "Car": "Sauber SHS C6-Ford",
      "Class": "C",
      "Laps": 76,
      "Pos.": "DNF",
      "Class\nPos.": "DNF"
    }
  ]
}