{
  "table_title": "Eddie Harris's Album Chart Performance and Engineering Contributions",
  "columns": [
    {
      "column_name": "Year",
      "data_type": "integer",
      "description": "The year the album or single was released."
    },
    {
      "column_name": "Artist",
      "data_type": "string",
      "description": "The artist(s) featured on the album or single. Primarily focuses on Eddie Harris's work."
    },
    {
      "column_name": "Album",
      "data_type": "string",
      "description": "The title of the album or single, including single designations."
    },
    {
      "column_name": "Chart Position",
      "data_type": "string",
      "description": "The highest chart position reached on various music charts (R&B, US, Jazz)."
    },
    {
      "column_name": "Role",
      "data_type": "string",
      "description": "Eddie Harris's role in the album's post-production, focusing on remastering and remixing."
    }
  ],
  "first 5 rows": [
    {
      "Year": 1961,
      "Artist": "Eddie Harris",
      "Album": "“Exodus” (single)",
      "Chart Position": "#16 R&B, #36 US",
      "Role": "Remastering Engineer"
    },
    {
      "Year": 1968,
      "Artist": "EDDIE HARRIS",
      "Album": "“It’s Crazy” (single)",
      "Chart Position": "#88 US",
      "Role": "Remastering Engineer"
    },
    {
      "Year": 1969,
      "Artist": "Eddie Harris & Les McCann",
      "Album": "Swiss Movement",
      "Chart Position": "#1 Jazz, #2 R&B, #29 US",
      "Role": "Remixing & Remastering Engineer"
    },
    {
      "Year": 1969,
      "Artist": "R.B. Greaves",
      "Album": "R.B. Greaves",
      "Chart Position": "24 R&B, #85 US",
      "Role": "Mixing Engineer"
    },
    {
      "Year": 1971,
      "Artist": "Eddie Harris and Les McCann",
      "Album": "Second Movement",
      "Chart Position": "#1 Jazz, # 41 US",
      "Role": "Recording and Remastering Engineer"
    }
  ]
}