{
  "table_title": "Fed Cup Singles Match Results",
  "columns": [
    {
      "column_name": "Outcome",
      "data_type": "string",
      "description": "Indicates whether the player won or lost the match (Winner or Loser)."
    },
    {
      "column_name": "Edition",
      "data_type": "integer",
      "description": "The year of the Fed Cup edition."
    },
    {
      "column_name": "Round",
      "data_type": "string",
      "description": "The stage of the Fed Cup competition (e.g., World Group Playoffs)."
    },
    {
      "column_name": "Opponent Team",
      "data_type": "string",
      "description": "The name of the opposing team in the match."
    },
    {
      "column_name": "Surface",
      "data_type": "string",
      "description": "The playing surface of the tennis court (e.g., Clay (i) for indoor clay)."
    },
    {
      "column_name": "Opponent",
      "data_type": "string",
      "description": "The name of the opposing player in the match."
    },
    {
      "column_name": "Score",
      "data_type": "string",
      "description": "The score of the match, presented as sets won by each player."
    }
  ],
  "first 5 rows": [
    {
      "Outcome": "Loser",
      "Edition": 2010,
      "Round": "World Group Playoffs",
      "Opponent Team": "Slovakia",
      "Surface": "Clay (i)",
      "Opponent": "Daniela Hantuchová",
      "Score": "6-2, 6-2"
    },
    {
      "Outcome": "Winner",
      "Edition": 2010,
      "Round": "World Group Playoffs",
      "Opponent Team": "Slovakia",
      "Surface": "Clay (i)",
      "Opponent": "Magdaléna Rybáriková",
      "Score": "6–1, 7–6(7–4)"
    },
    {
      "Outcome": "Winner",
      "Edition": 2011,
      "Round": "World Group II",
      "Opponent Team": "Canada",
      "Surface": "Hard (i)",
      "Opponent": "Aleksandra Wozniak",
      "Score": "6-4, 7-5"
    },
    {
      "Outcome": "Winner",
      "Edition": 2011,
      "Round": "World Group II",
      "Opponent Team": "Canada",
      "Surface": "Hard (i)",
      "Opponent": "Rebecca Marino",
      "Score": "7–6(7–3), 6-3"
    },
    {
      "Outcome": "Loser",
      "Edition": 2011,
      "Round": "World Group Playoffs",
      "Opponent Team": "Slovakia",
      "Surface": "Clay (i)",
      "Opponent": "Dominika Cibulková",
      "Score": "6–4, 3–6, 1–6"
    }
  ]
}