{
  "table_title": "Roger Taylor's Grand Slam Doubles Results - 1968",
  "columns": [
    {
      "column_name": "Outcome",
      "data_type": "string",
      "description": "Indicates whether Roger Taylor won ('Winner') or lost ('Runner-up') the doubles match."
    },
    {
      "column_name": "No.",
      "data_type": "float",
      "description": "Sequential number of the tournament within the year; may indicate tournament importance or order played."
    },
    {
      "column_name": "Date",
      "data_type": "integer",
      "description": "Year the doubles match took place."
    },
    {
      "column_name": "Championship",
      "data_type": "string",
      "description": "Name and location of the tennis championship."
    },
    {
      "column_name": "Surface",
      "data_type": "string",
      "description": "Playing surface of the tennis court (e.g., Grass, Clay)."
    },
    {
      "column_name": "Partner",
      "data_type": "string",
      "description": "Name of Roger Taylor's doubles partner in the match."
    },
    {
      "column_name": "Opponents in the final",
      "data_type": "string",
      "description": "Names of the opposing doubles team in the final match."
    },
    {
      "column_name": "Score in the final",
      "data_type": "string",
      "description": "Score of the final doubles match, presented as set scores."
    }
  ],
  "first 5 rows": [
    {
      "Outcome": "Winner",
      "No.": 1,
      "Date": 1968,
      "Championship": "wimbledon, london",
      "Surface": "Grass",
      "Partner": "John Newcombe",
      "Opponents in the final": "Ken Rosewall\n Fred Stolle",
      "Score in the final": "3–6, 8–6, 5–7, 14–12, 6–3"
    },
    {
      "Outcome": "Runner-up",
      "No.": 1,
      "Date": 1968,
      "Championship": "Hamburg, Germany",
      "Surface": "CLAY",
      "Partner": "John Newcombe",
      "Opponents in the final": "Tom Okker\n Marty Riessen",
      "Score in the final": "4–6, 4–6, 5–7"
    },
    {
      "Outcome": "Runner-up",
      "No.": 2,
      "Date": 1968,
      "Championship": "Hobart, Australia",
      "Surface": "Grass",
      "Partner": "Fred Stolle",
      "Opponents in the final": "Mal Anderson\n Roger Taylor",
      "Score in the final": "5–7, 3–6, 6–4, 6–1, 4–6"
    },
    {
      "Outcome": "Runner-up",
      "No.": 3,
      "Date": 1969,
      "Championship": "Philadelphia WCT, U.S.",
      "Surface": "Carpet",
      "Partner": "john newcombe",
      "Opponents in the final": "Tom Okker\n Marty Riessen",
      "Score in the final": "6–8, 4–6"
    },
    {
      "Outcome": "Winner",
      "No.": 2,
      "Date": 1969,
      "Championship": "French Open, Paris",
      "Surface": "Clay",
      "Partner": "John Newcombe",
      "Opponents in the final": "Roy Emerson\n Rod Laver",
      "Score in the final": "4–6, 6–1, 3–6, 6–4, 6–4"
    }
  ]
}