{
  "table_title": "1991 Team Game Log",
  "columns": [
    {
      "column_name": "Week",
      "data_type": "integer",
      "description": "Week number of the game in the season."
    },
    {
      "column_name": "Date",
      "data_type": "string",
      "description": "Date of the game."
    },
    {
      "column_name": "Opponent",
      "data_type": "string",
      "description": "Name of the opposing team; includes 'at' designator for away games."
    },
    {
      "column_name": "Result",
      "data_type": "string",
      "description": "Outcome of the game (W or L) and the score; team score listed first."
    },
    {
      "column_name": "Attendance",
      "data_type": "string",
      "description": "Number of people in attendance at the game."
    }
  ],
  "first 5 rows": [
    {
      "Week": 1,
      "Date": "September 01, 1991",
      "Opponent": "Minnesota Vikings",
      "Result": "W 10–6",
      "Attendance": 64112
    },
    {
      "Week": 2,
      "Date": "September 8, 1991",
      "Opponent": "at Tampa Bay Buccaneers",
      "Result": "W 21–20",
      "Attendance": 65625
    },
    {
      "Week": 3,
      "Date": "September 15, 1991",
      "Opponent": "New York Giants",
      "Result": "W 20–17",
      "Attendance": 64829
    },
    {
      "Week": 4,
      "Date": "September 23, 1991",
      "Opponent": "New York Jets",
      "Result": "W 19–13",
      "Attendance": 65255
    },
    {
      "Week": 5,
      "Date": "September 29, 1991",
      "Opponent": "at Buffalo Bills",
      "Result": "L 35–20",
      "Attendance": 80366
    }
  ]
}