{
  "table_title": "American Le Mans Series Race Results",
  "columns": [
    {
      "column_name": "Rnd",
      "data_type": "integer",
      "description": "Round number in the series."
    },
    {
      "column_name": "Circuit",
      "data_type": "string",
      "description": "Name of the racetrack where the race was held."
    },
    {
      "column_name": "LMP1 Winning Team\nLMP1 Winning Drivers",
      "data_type": "string",
      "description": "Winning team and drivers for the LMP1 class.  Data may be split between team and driver names."
    },
    {
      "column_name": "LMP2 Winning Team\nLMP2 Winning Drivers",
      "data_type": "string",
      "description": "Winning team and drivers for the LMP2 class. Data may be split between team and driver names."
    },
    {
      "column_name": "GT1 Winning Team\nGT1 Winning Drivers",
      "data_type": "string",
      "description": "Winning team and drivers for the GT1 class. Data may be split between team and driver names."
    },
    {
      "column_name": "GT2 Winning Team\nGT2 Winning Drivers",
      "data_type": "string",
      "description": "Winning team and drivers for the GT2 class. Data may be split between team and driver names."
    },
    {
      "column_name": "Results",
      "data_type": "string",
      "description": "Placeholder column; contains the word 'Results' in all rows."
    }
  ],
  "first 5 rows": [
    {
      "Rnd": 1,
      "Circuit": "Sebring",
      "LMP1 Winning Team\nLMP1 Winning Drivers": "#2 Audi Sport North America",
      "LMP2 Winning Team\nLMP2 Winning Drivers": "#37 Intersport Racing",
      "GT1 Winning Team\nGT1 Winning Drivers": "#4 Corvette Racing",
      "GT2 Winning Team\nGT2 Winning Drivers": "#50 Multimatic Motorsports",
      "Results": "Results"
    },
    {
      "Rnd": 1,
      "Circuit": "SebrING",
      "LMP1 Winning Team\nLMP1 Winning Drivers": "Rinaldo Capello\n Tom Kristensen\n Allan McNish",
      "LMP2 Winning Team\nLMP2 Winning Drivers": "Clint Field\n Liz Halliday\n Jon Field",
      "GT1 Winning Team\nGT1 Winning Drivers": "Oliver Gavin\n Olivier Beretta\n Jan Magnussen",
      "GT2 Winning Team\nGT2 Winning Drivers": "Scott Maxwell\n David Brabham\n Sébastien Bourdais",
      "Results": "Results"
    },
    {
      "Rnd": 2,
      "Circuit": "Reliant Park",
      "LMP1 Winning Team\nLMP1 Winning Drivers": "#2 Audi Sport North America",
      "LMP2 Winning Team\nLMP2 Winning Drivers": "#37 Intersport Racing",
      "GT1 Winning Team\nGT1 Winning Drivers": "#4 Corvette Racing",
      "GT2 Winning Team\nGT2 Winning Drivers": "#23 Alex Job Racing",
      "Results": "Results"
    },
    {
      "Rnd": 2,
      "Circuit": "Reliant Park",
      "LMP1 Winning Team\nLMP1 Winning Drivers": "Allan McNish\n Rinaldo Capello",
      "LMP2 Winning Team\nLMP2 Winning Drivers": "Clint Field\n liz Halliday",
      "GT1 Winning Team\nGT1 Winning Drivers": "Oliver Gavin\n Olivier Beretta",
      "GT2 Winning Team\nGT2 Winning Drivers": "Mike Rockenfeller\n Klaus Graf",
      "Results": "Results"
    },
    {
      "Rnd": 3,
      "Circuit": "Mid-Ohio",
      "LMP1 Winning Team\nLMP1 Winning Drivers": "#2 Audi Sport North America",
      "LMP2 Winning Team\nLMP2 Winning Drivers": "#7 Penske Racing",
      "GT1 Winning Team\nGT1 Winning Drivers": "#4 Corvette Racing",
      "GT2 Winning Team\nGT2 Winning Drivers": "#45 Flying Lizard Motorsports",
      "Results": "Results"
    }
  ]
}