{
  "table_title": "Pan American Games Medal Count",
  "columns": [
    {
      "column_name": "Rank",
      "data_type": "string",
      "description": "Rank of the nation based on total medals won."
    },
    {
      "column_name": "Nation",
      "data_type": "string",
      "description": "Name of the participating nation."
    },
    {
      "column_name": "Gold",
      "data_type": "integer",
      "description": "Number of gold medals won by the nation."
    },
    {
      "column_name": "Silver",
      "data_type": "integer",
      "description": "Number of silver medals won by the nation."
    },
    {
      "column_name": "Bronze",
      "data_type": "integer",
      "description": "Number of bronze medals won by the nation."
    },
    {
      "column_name": "Total",
      "data_type": "integer",
      "description": "Total number of medals (gold + silver + bronze) won by the nation."
    }
  ],
  "first 5 rows": [
    {
      "Rank": 1,
      "Nation": "Brazil",
      "Gold": 9,
      "Silver": 0,
      "Bronze": 0,
      "Total": 9
    },
    {
      "Rank": 2,
      "Nation": "Argentina",
      "Gold": 0,
      "Silver": 7,
      "Bronze": 1,
      "Total": 8
    },
    {
      "Rank": 3,
      "Nation": "Uruguay",
      "Gold": 0,
      "Silver": 1,
      "Bronze": 4,
      "Total": 6
    },
    {
      "Rank": 4,
      "Nation": "Dominican Republic",
      "Gold": 0,
      "Silver": 1,
      "Bronze": 0,
      "Total": 2
    },
    {
      "Rank": 5,
      "Nation": "Chile",
      "Gold": 0,
      "Silver": 0,
      "Bronze": 1,
      "Total": 1
    }
  ]
}