{
  "table_title": "November 2023 Game Schedule and Results",
  "columns": [
    {
      "column_name": "Game",
      "data_type": "integer",
      "description": "Sequential game number within the season."
    },
    {
      "column_name": "November",
      "data_type": "integer",
      "description": "Day of November in which the game was played."
    },
    {
      "column_name": "Opponent",
      "data_type": "string",
      "description": "Name of the opposing team, including '@' for away games."
    },
    {
      "column_name": "Score",
      "data_type": "string",
      "description": "Game score, indicating the team's score followed by the opponent's score; 'OT' indicates overtime."
    },
    {
      "column_name": "Record",
      "data_type": "string",
      "description": "Team's win-loss-overtime loss record after the game (Wins-Losses-Overtime Losses)."
    }
  ],
  "first 5 rows": [
    {
      "Game": 2,
      "November": 5,
      "Opponent": "@ Detroit Red Wings",
      "Score": "12 - 5",
      "Record": "0-2-0"
    },
    {
      "Game": 3,
      "November": 7,
      "Opponent": "Montreal Canadiens",
      "Score": "4 - 3 OT",
      "Record": "1-2-0"
    },
    {
      "Game": 4,
      "November": 8,
      "Opponent": "@ Montreal Canadiens",
      "Score": "10 - 4",
      "Record": "1-3-0"
    },
    {
      "Game": 5,
      "November": 10,
      "Opponent": "Chicago Black Hawks",
      "Score": "5 - 3 OT",
      "Record": "2-3-0"
    },
    {
      "Game": 6,
      "November": 14,
      "Opponent": "@ Boston Bruins",
      "Score": "5 - 3",
      "Record": "2-4-0"
    }
  ]
}