{
  "table_title": "Local Election Results Summary",
  "columns": [
    {
      "column_name": "Party",
      "data_type": "string",
      "description": "Name of the political party."
    },
    {
      "column_name": "Previous council",
      "data_type": "integer",
      "description": "Number of seats held by the party on the previous council."
    },
    {
      "column_name": "Staying councillors",
      "data_type": "integer",
      "description": "Number of councillors from the previous council who retained their seats."
    },
    {
      "column_name": "Seats up for election",
      "data_type": "integer",
      "description": "Number of seats contested by the party in the election."
    },
    {
      "column_name": "Election result",
      "data_type": "integer",
      "description": "Number of seats won by the party in the election."
    },
    {
      "column_name": "New council",
      "data_type": "integer",
      "description": "Total number of seats held by the party on the new council."
    }
  ],
  "first 5 rows": [
    {
      "Party": "Conservatives",
      "Previous council": 29,
      "Staying councillors": 19,
      "Seats up for election": 10,
      "Election result": 8,
      "New council": 28
    },
    {
      "Party": "Labour",
      "Previous council": 19,
      "Staying councillors": 13,
      "Seats up for election": 6,
      "Election result": 10,
      "New council": 23
    },
    {
      "Party": "Socialist Alternative",
      "Previous council": 3,
      "Staying councillors": 2,
      "Seats up for election": 1,
      "Election result": 0,
      "New council": 3
    },
    {
      "Party": "Liberal Democrats",
      "Previous council": 2,
      "Staying councillors": 1,
      "Seats up for election": 1,
      "Election result": 0,
      "New council": 1
    },
    {
      "Party": "British National Party",
      "Previous council": 0,
      "Staying councillors": 0,
      "Seats up for election": 0,
      "Election result": 0,
      "New council": 0
    }
  ]
}