{
  "table_title": "Miss Supranational Performance by Country",
  "columns": [
    {
      "column_name": "Rank",
      "data_type": "integer",
      "description": "Rank of the country/territory based on total awards won."
    },
    {
      "column_name": "Country/Territory",
      "data_type": "string",
      "description": "Name of the participating country or territory."
    },
    {
      "column_name": "Miss Supranational",
      "data_type": "integer",
      "description": "Number of times the country/territory won the Miss Supranational title."
    },
    {
      "column_name": "1st Runner-up",
      "data_type": "integer",
      "description": "Number of times the country/territory achieved 1st runner-up position."
    },
    {
      "column_name": "2nd Runner-up",
      "data_type": "integer",
      "description": "Number of times the country/territory achieved 2nd runner-up position."
    },
    {
      "column_name": "3rd Runner-up",
      "data_type": "integer",
      "description": "Number of times the country/territory achieved 3rd runner-up position."
    },
    {
      "column_name": "4th Runner-up",
      "data_type": "integer",
      "description": "Number of times the country/territory achieved 4th runner-up position."
    },
    {
      "column_name": "Semifinalists",
      "data_type": "integer",
      "description": "Number of times the country/territory reached the semifinals."
    },
    {
      "column_name": "Total",
      "data_type": "integer",
      "description": "Total number of awards and semifinal appearances achieved by the country/territory."
    }
  ],
  "first 5 rows": [
    {
      "Rank": 1,
      "Country/Territory": "Belarus",
      "Miss Supranational": 1,
      "1st Runner-up": 2,
      "2nd Runner-up": 0,
      "3rd Runner-up": 0,
      "4th Runner-up": 0,
      "Semifinalists": 1,
      "Total": 5
    },
    {
      "Rank": 2,
      "Country/Territory": "Poland",
      "Miss Supranational": 1,
      "1st Runner-up": 0,
      "2nd Runner-up": 1,
      "3rd Runner-up": 0,
      "4th Runner-up": 0,
      "Semifinalists": 3,
      "Total": 5
    },
    {
      "Rank": 3,
      "Country/Territory": "Philippines",
      "Miss Supranational": 1,
      "1st Runner-up": 0,
      "2nd Runner-up": 0,
      "3rd Runner-up": 1,
      "4th Runner-up": 0,
      "Semifinalists": 0,
      "Total": 1
    },
    {
      "Rank": 4,
      "Country/Territory": "Panama",
      "Miss Supranational": 1,
      "1st Runner-up": 0,
      "2nd Runner-up": 0,
      "3rd Runner-up": 0,
      "4th Runner-up": 0,
      "Semifinalists": 2,
      "Total": 3
    },
    {
      "Rank": 5,
      "Country/Territory": "Ukraine",
      "Miss Supranational": 1,
      "1st Runner-up": 0,
      "2nd Runner-up": 0,
      "3rd Runner-up": 0,
      "4th Runner-up": 0,
      "Semifinalists": 2,
      "Total": 3
    }
  ]
}