{
  "table_title": "Team Game Log",
  "columns": [
    {
      "column_name": "Week",
      "data_type": "integer",
      "description": "The week number of the game in the season."
    },
    {
      "column_name": "Date",
      "data_type": "string",
      "description": "The date the game was played (month day)."
    },
    {
      "column_name": "Opponent",
      "data_type": "string",
      "description": "The name of the opposing team and location (vs. or at)."
    },
    {
      "column_name": "Score",
      "data_type": "string",
      "description": "The game's final score, Team Score - Opponent Score."
    },
    {
      "column_name": "Result",
      "data_type": "string",
      "description": "The outcome of the game (Win or Loss)."
    },
    {
      "column_name": "Record",
      "data_type": "string",
      "description": "The team's win-loss record after the game (Wins-Losses)."
    }
  ],
  "first 5 rows": [
    {
      "Week": 1,
      "Date": "July 9",
      "Opponent": "vs. Saskatchewan Roughriders",
      "Score": "31-21",
      "Result": "Win",
      "Record": "1-0"
    },
    {
      "Week": 2,
      "Date": "July 16",
      "Opponent": "at Montreal Concordes",
      "Score": "36-0",
      "Result": "Win",
      "Record": "2-0"
    },
    {
      "Week": 3,
      "Date": "July 24",
      "Opponent": "vs. Hamilton Tiger-Cats",
      "Score": "36-25",
      "Result": "Loss",
      "Record": "2-1"
    },
    {
      "Week": 4,
      "Date": "Aug 1",
      "Opponent": "at Edmonton Eskimos",
      "Score": "32-26",
      "Result": "Win",
      "Record": "3-1"
    },
    {
      "Week": 5,
      "Date": "August 8",
      "Opponent": "vs. BC Lions",
      "Score": "29-16",
      "Result": "Win",
      "Record": "4-1"
    }
  ]
}