{
  "table_title": "Medal Count by Nation",
  "columns": [
    {
      "column_name": "Rank",
      "data_type": "integer",
      "description": "Ranking of nations based on total medals won."
    },
    {
      "column_name": "Nation",
      "data_type": "string",
      "description": "Name of the nation and its three-letter country code (e.g., United States (USA))."
    },
    {
      "column_name": "Gold",
      "data_type": "integer",
      "description": "Number of gold medals won by the nation."
    },
    {
      "column_name": "Silver",
      "data_type": "integer",
      "description": "Number of silver medals won by the nation."
    },
    {
      "column_name": "Bronze",
      "data_type": "integer",
      "description": "Number of bronze medals won by the nation."
    },
    {
      "column_name": "Total",
      "data_type": "integer",
      "description": "Total number of medals (gold + silver + bronze) won by the nation."
    }
  ],
  "first 5 rows": [
    {
      "Rank": 1,
      "Nation": "United States (USA)",
      "Gold": 5,
      "Silver": 0,
      "Bronze": 0,
      "Total": 5
    },
    {
      "Rank": 2,
      "Nation": "Italy (ITA)",
      "Gold": 1,
      "Silver": 1,
      "Bronze": 1,
      "Total": 4
    },
    {
      "Rank": 3,
      "Nation": "Poland (POL)",
      "Gold": 1,
      "Silver": 1,
      "Bronze": 0,
      "Total": 2
    },
    {
      "Rank": 4,
      "Nation": "Finland (FIN)",
      "Gold": 1,
      "Silver": 0,
      "Bronze": 4,
      "Total": 6
    },
    {
      "Rank": 5,
      "Nation": "Czechoslovakia (TCH)",
      "Gold": 1,
      "Silver": 0,
      "Bronze": 0,
      "Total": 1
    }
  ]
}