{
  "table_title": "Olympic Medal Count by Nation",
  "columns": [
    {
      "column_name": "Rank",
      "data_type": "integer",
      "description": "Rank of the nation based on total medals won."
    },
    {
      "column_name": "Nation",
      "data_type": "string",
      "description": "Name of the participating nation."
    },
    {
      "column_name": "Gold",
      "data_type": "integer",
      "description": "Number of gold medals won by the nation."
    },
    {
      "column_name": "Silver",
      "data_type": "integer",
      "description": "Number of silver medals won by the nation."
    },
    {
      "column_name": "Bronze",
      "data_type": "integer",
      "description": "Number of bronze medals won by the nation."
    },
    {
      "column_name": "Total",
      "data_type": "integer",
      "description": "Total number of medals (Gold + Silver + Bronze) won by the nation."
    }
  ],
  "first 5 rows": [
    {
      "Rank": 1,
      "Nation": "Brazil",
      "Gold": 13,
      "Silver": 18,
      "Bronze": 12,
      "Total": 43
    },
    {
      "Rank": 2,
      "Nation": "Argentina",
      "Gold": 7,
      "Silver": 4,
      "Bronze": 7,
      "Total": 19
    },
    {
      "Rank": 3,
      "Nation": "Chile",
      "Gold": 7,
      "Silver": 2,
      "Bronze": 3,
      "Total": 12
    },
    {
      "Rank": 4,
      "Nation": "Colombia",
      "Gold": 5,
      "Silver": 5,
      "Bronze": 4,
      "Total": 15
    },
    {
      "Rank": 5,
      "Nation": "Venezuela",
      "Gold": 4,
      "Silver": 6,
      "Bronze": 6,
      "Total": 16
    }
  ]
}