{
  "table_title": "Episode Production Information",
  "columns": [
    {
      "column_name": "#",
      "data_type": "integer",
      "description": "Episode number in the series."
    },
    {
      "column_name": "Directed By",
      "data_type": "string",
      "description": "Name of the director for the episode."
    },
    {
      "column_name": "Written By",
      "data_type": "string",
      "description": "Name of the writer for the episode."
    },
    {
      "column_name": "Original Air Date",
      "data_type": "string",
      "description": "Date the episode originally aired."
    }
  ],
  "first 5 rows": [
    {
      "#": 1,
      "Directed By": "Frank W. Smith",
      "Written By": "Simon J. Sharkey",
      "Original Air Date": "September 14, 1997"
    },
    {
      "#": 2,
      "Directed By": "frank w. smith",
      "Written By": "Simon J. Sharkey",
      "Original Air Date": "September 28, 1997"
    },
    {
      "#": 3,
      "Directed By": "Gerry Poulson",
      "Written By": "David Humphries",
      "Original Air Date": "October 5, 1997"
    },
    {
      "#": 4,
      "Directed By": "Gerry Poulson",
      "Written By": "David Humphries",
      "Original Air Date": "October 5, 1997"
    },
    {
      "#": 5,
      "Directed By": "John Reardon",
      "Written By": "Neil McKay",
      "Original Air Date": "October 26, 1997"
    }
  ]
}