{
  "table_title": "Djurgårdens IF Season Statistics",
  "columns": [
    {
      "column_name": "Season",
      "data_type": "string",
      "description": "The football season (year)."
    },
    {
      "column_name": "Team",
      "data_type": "string",
      "description": "The name of the football team; in this case, consistently Djurgårdens IF."
    },
    {
      "column_name": "Country",
      "data_type": "string",
      "description": "The country where the team played; here, always Sweden."
    },
    {
      "column_name": "Competition",
      "data_type": "string",
      "description": "The name of the football league competition (e.g., Allsvenskan, Superettan)."
    },
    {
      "column_name": "Matches",
      "data_type": "integer",
      "description": "The number of matches played in the specified season and competition."
    },
    {
      "column_name": "Goals",
      "data_type": "integer",
      "description": "The total number of goals scored by the team in the specified season and competition."
    }
  ],
  "first 5 rows": [
    {
      "Season": 1999,
      "Team": "Djurgårdens IF",
      "Country": "Sweden",
      "Competition": "Allsvenskan",
      "Matches": 15,
      "Goals": 1
    },
    {
      "Season": 2000,
      "Team": "Djurgårdens IF",
      "Country": "Sweden",
      "Competition": "Superettan",
      "Matches": 15,
      "Goals": 3
    },
    {
      "Season": 2001,
      "Team": "Djurgårdens IF",
      "Country": "Sweden",
      "Competition": "Allsvenskan",
      "Matches": 22,
      "Goals": 7
    },
    {
      "Season": "2002-2003",
      "Team": "Grazer AK",
      "Country": "Austria",
      "Competition": "Bundesliga",
      "Matches": 24,
      "Goals": 6
    },
    {
      "Season": 2003,
      "Team": "Denizlispor",
      "Country": "Turkey",
      "Competition": "Super Lig",
      "Matches": 3,
      "Goals": 0
    }
  ]
}