{
  "table_title": "Grand Puba Album Tracks",
  "columns": [
    {
      "column_name": "#",
      "data_type": "integer",
      "description": "Track number on the album."
    },
    {
      "column_name": "Title",
      "data_type": "string",
      "description": "Title of the track; includes escaped quotes."
    },
    {
      "column_name": "Producer(s)",
      "data_type": "string",
      "description": "Producer(s) of the track."
    },
    {
      "column_name": "Performer (s)",
      "data_type": "string",
      "description": "Performer(s) featured on the track."
    },
    {
      "column_name": "Time",
      "data_type": "string",
      "description": "Track length in MM:SS format."
    }
  ],
  "first 5 rows": [
    {
      "#": 1,
      "Title": "\\I See Dead People\\\"\"",
      "Producer(s)": "PHD",
      "Performer (s)": "Grand Puba, Lord Jamar, Rell",
      "Time": "4:26"
    },
    {
      "#": 2,
      "Title": "\\Hunny\\\"\"",
      "Producer(s)": "Grant Parks",
      "Performer (s)": "Grand Puba",
      "Time": "4:04"
    },
    {
      "#": 3,
      "Title": "\\It Is What It Is\\\"\"",
      "Producer(s)": "PHD",
      "Performer (s)": "Grand Puba, Tiffani Davis",
      "Time": "5:03"
    },
    {
      "#": 4,
      "Title": "\\How Long?\\\"\"",
      "Producer(s)": "Elements",
      "Performer (s)": "Grand Puba",
      "Time": "3:22"
    },
    {
      "#": 5,
      "Title": "\\Good To Go\\\"\"",
      "Producer(s)": "Q-Tip",
      "Performer (s)": "Grand Puba, Q-Tip",
      "Time": "3:53"
    }
  ]
}