{
  "table_title": "Last of the Summer Wine - Season 7 Episode Details",
  "columns": [
    {
      "column_name": "Episode number",
      "data_type": "integer",
      "description": "Sequential episode number within the season."
    },
    {
      "column_name": "Original airdate",
      "data_type": "date",
      "description": "Date the episode originally aired on television."
    },
    {
      "column_name": "Title",
      "data_type": "string",
      "description": "Title of the episode."
    },
    {
      "column_name": "Disc",
      "data_type": "integer",
      "description": "Disc number on which the episode is found (presumably on a DVD/Blu-ray release)."
    },
    {
      "column_name": "Description",
      "data_type": "string",
      "description": "Brief summary of the episode's plot."
    }
  ],
  "first 5 rows": [
    {
      "Episode number": 48,
      "Original airdate": "30 Jan 1983",
      "Title": "\\The Frozen Turkey Man\\\"\"",
      "Disc": 1,
      "Description": "For a joke, Compo and Clegg convince a barmaid that Foggy is a multi-millionaire."
    },
    {
      "Episode number": 49,
      "Original airdate": "6th February 1983",
      "Title": "\\The White Man's Grave\\\"\"",
      "Disc": 1,
      "Description": "The trio have Clegg stand in for Wally in an attempt to give Wally a few hours' freedom."
    },
    {
      "Episode number": 50,
      "Original airdate": "13 February 83",
      "Title": "\\The Waist Land\\\"\"",
      "Disc": 1,
      "Description": "Foggy attempts to earn some ready cash by smuggling junk food to some health farm inmates."
    },
    {
      "Episode number": 51,
      "Original airdate": "20 February 1983",
      "Title": "\\Cheering Up Ludovic\\\"\"",
      "Disc": "nan",
      "Description": "Clegg is roped in to drive a van when an old friend is too drunk to use it."
    },
    {
      "Episode number": 52,
      "Original airdate": "27 February 1983",
      "Title": 3,
      "Disc": 1,
      "Description": "The trio help out at a church concert, but Compo is more interested in a suit of armour."
    }
  ]
}