{
  "table_title": "Bolivian Departmental Representation",
  "columns": [
    {
      "column_name": "Department",
      "data_type": "string",
      "description": "Name of the Bolivian department."
    },
    {
      "column_name": "Total Deputies",
      "data_type": "integer",
      "description": "Total number of deputies representing the department in the national legislature."
    },
    {
      "column_name": "Uninominal Deputies",
      "data_type": "integer",
      "description": "Number of deputies elected through uninominal districts within the department."
    },
    {
      "column_name": "Plurinominal Deputies",
      "data_type": "integer",
      "description": "Number of deputies elected through proportional representation (plurinominal system) within the department."
    },
    {
      "column_name": "Special Indigenous\nor Campesino Deputies",
      "data_type": "integer",
      "description": "Number of deputies specifically representing indigenous or campesino populations in the department."
    },
    {
      "column_name": "Senators",
      "data_type": "integer",
      "description": "Number of senators representing the department in the national legislature."
    }
  ],
  "first 5 rows": [
    {
      "Department": "La Paz",
      "Total Deputies": 29,
      "Uninominal Deputies": 14,
      "Plurinominal Deputies": 14,
      "Special Indigenous\nor Campesino Deputies": 1,
      "Senators": 4
    },
    {
      "Department": "Santa Cruz",
      "Total Deputies": 28,
      "Uninominal Deputies": 14,
      "Plurinominal Deputies": 12,
      "Special Indigenous\nor Campesino Deputies": 1,
      "Senators": 4
    },
    {
      "Department": "Cochabamba",
      "Total Deputies": 19,
      "Uninominal Deputies": 9,
      "Plurinominal Deputies": 9,
      "Special Indigenous\nor Campesino Deputies": 1,
      "Senators": 3
    },
    {
      "Department": "Potosí",
      "Total Deputies": 13,
      "Uninominal Deputies": 6,
      "Plurinominal Deputies": 6,
      "Special Indigenous\nor Campesino Deputies": 0,
      "Senators": 4
    },
    {
      "Department": "Chuquisaca",
      "Total Deputies": 10,
      "Uninominal Deputies": 5,
      "Plurinominal Deputies": 5,
      "Special Indigenous\nor Campesino Deputies": 0,
      "Senators": 5
    }
  ]
}