{
  "table_title": "Medal Standings",
  "columns": [
    {
      "column_name": "Rank",
      "data_type": "string",
      "description": "Ordinal rank of the nation in the medal standings."
    },
    {
      "column_name": "Nation",
      "data_type": "string",
      "description": "Nation's name and three-letter country code (e.g., Vietnam (VIE))."
    },
    {
      "column_name": "Gold",
      "data_type": "integer",
      "description": "Number of gold medals won by the nation."
    },
    {
      "column_name": "Silver",
      "data_type": "integer",
      "description": "Number of silver medals won by the nation."
    },
    {
      "column_name": "Bronze",
      "data_type": "integer",
      "description": "Number of bronze medals won by the nation."
    },
    {
      "column_name": "Total",
      "data_type": "integer",
      "description": "Total number of medals (gold + silver + bronze) won by the nation."
    }
  ],
  "first 5 rows": [
    {
      "Rank": 1,
      "Nation": "Vietnam (VIE)",
      "Gold": 3,
      "Silver": 0,
      "Bronze": 3,
      "Total": 6
    },
    {
      "Rank": 2,
      "Nation": "South Korea (KOR)",
      "Gold": 2,
      "Silver": 1,
      "Bronze": 2,
      "Total": 5
    },
    {
      "Rank": 3,
      "Nation": "Kyrgyzstan (KGZ)",
      "Gold": 1,
      "Silver": 1,
      "Bronze": 2,
      "Total": 4
    },
    {
      "Rank": 4,
      "Nation": "Kazakhstan (KAZ)",
      "Gold": 1,
      "Silver": 1,
      "Bronze": 1,
      "Total": 3
    },
    {
      "Rank": 5,
      "Nation": "Iraq (IRQ)",
      "Gold": 1,
      "Silver": 0,
      "Bronze": 1,
      "Total": 3
    }
  ]
}