{
  "table_title": "Nova Scotia Community Statistics",
  "columns": [
    {
      "column_name": "Community",
      "data_type": "string",
      "description": "Name of the community, including a numerical identifier."
    },
    {
      "column_name": "Area",
      "data_type": "string",
      "description": "Land area of the community in hectares and acres."
    },
    {
      "column_name": "Location",
      "data_type": "string",
      "description": "Relative location of the community to a major city (Halifax or Truro)."
    },
    {
      "column_name": "Population",
      "data_type": "integer",
      "description": "Total population count of the community."
    },
    {
      "column_name": "Date established",
      "data_type": "string",
      "description": "Date the community was officially established."
    }
  ],
  "first 5 rows": [
    {
      "Community": "Beaver Lake 17",
      "Area": "49.4 hectares (122 acres)",
      "Location": "78.4 km. southeast of Halifax",
      "Population": 23,
      "Date established": "March 3, 1867"
    },
    {
      "Community": "Cole Harbour 30",
      "Area": "18.6 hectares (46 acres)",
      "Location": "9.6 km east of Halifax",
      "Population": 194,
      "Date established": "March 3, 1880"
    },
    {
      "Community": "Millbrook 27",
      "Area": "302 hectares (746 acres)",
      "Location": "8 km south of Truro",
      "Population": 847,
      "Date established": "March 3, 1886"
    },
    {
      "Community": "Sheet Harbour 36",
      "Area": "32.7 hectares (81 acres)",
      "Location": "91.2 km. northeast of Halifax",
      "Population": 15,
      "Date established": "March 3, 1915"
    },
    {
      "Community": "Truro 27A",
      "Area": "16.7 hectares (41 acres)",
      "Location": "Joined south of Truro town limit",
      "Population": 0,
      "Date established": "March 3, 1904"
    }
  ]
}