{
  "table_title": "Motorcycle Race Results",
  "columns": [
    {
      "column_name": "Round",
      "data_type": "integer",
      "description": "The round number of the championship."
    },
    {
      "column_name": "Round.1",
      "data_type": "string",
      "description": "Race identifier (e.g., R1, R2 for Race 1 and Race 2)."
    },
    {
      "column_name": "Circuit",
      "data_type": "string",
      "description": "The name of the racetrack where the race was held."
    },
    {
      "column_name": "Date",
      "data_type": "string",
      "description": "The date of the race (day and month)."
    },
    {
      "column_name": "Pole Position",
      "data_type": "string",
      "description": "The rider who achieved pole position (fastest qualifying lap)."
    },
    {
      "column_name": "Fastest Lap",
      "data_type": "string",
      "description": "The rider who set the fastest lap during the race."
    },
    {
      "column_name": "Winning Rider",
      "data_type": "string",
      "description": "The rider who won the race."
    }
  ],
  "first 5 rows": [
    {
      "Round": 1,
      "Round.1": "R1",
      "Circuit": "Jerez",
      "Date": "18 March",
      "Pole Position": "Raymond Roche",
      "Fastest Lap": "Stéphane Mertens",
      "Winning Rider": "Raymond Roche"
    },
    {
      "Round": 1,
      "Round.1": "R2",
      "Circuit": "Jerez",
      "Date": "18 March",
      "Pole Position": "Raymond Roche",
      "Fastest Lap": "Raymond Roche",
      "Winning Rider": "Raymond Roche"
    },
    {
      "Round": 2,
      "Round.1": "R1",
      "Circuit": "Donington",
      "Date": "16th April",
      "Pole Position": "Giancarlo Falappa",
      "Fastest Lap": "Rob Phillis",
      "Winning Rider": "Fred Merkel"
    },
    {
      "Round": 2,
      "Round.1": "R2",
      "Circuit": "Donington",
      "Date": "16 April",
      "Pole Position": "G. Falappa",
      "Fastest Lap": "Raymond Roche",
      "Winning Rider": "Giancarlo Falappa"
    },
    {
      "Round": 3,
      "Round.1": "R1",
      "Circuit": "Hungaroring",
      "Date": "30 April",
      "Pole Position": "Malcolm Campbell",
      "Fastest Lap": "Raymond Roche",
      "Winning Rider": "Fred Merkel"
    }
  ]
}