{
  "table_title": "League Table Standings",
  "columns": [
    {
      "column_name": "Position",
      "data_type": "integer",
      "description": "Rank of the club in the league table."
    },
    {
      "column_name": "Club",
      "data_type": "string",
      "description": "Name of the football club."
    },
    {
      "column_name": "Played",
      "data_type": "integer",
      "description": "Number of matches played by the club."
    },
    {
      "column_name": "Points",
      "data_type": "integer",
      "description": "Total points earned by the club."
    },
    {
      "column_name": "Wins",
      "data_type": "integer",
      "description": "Number of matches won by the club."
    },
    {
      "column_name": "Draws",
      "data_type": "integer",
      "description": "Number of matches drawn by the club."
    },
    {
      "column_name": "Losses",
      "data_type": "integer",
      "description": "Number of matches lost by the club."
    },
    {
      "column_name": "Goals for",
      "data_type": "integer",
      "description": "Total number of goals scored by the club."
    },
    {
      "column_name": "Goals against",
      "data_type": "integer",
      "description": "Total number of goals conceded by the club."
    },
    {
      "column_name": "Goal Difference",
      "data_type": "integer",
      "description": "Difference between goals scored and goals conceded."
    }
  ],
  "first 5 rows": [
    {
      "Position": 1,
      "Club": "Málaga CF",
      "Played": 42,
      "Points": 79,
      "Wins": 22,
      "Draws": 13,
      "Losses": 7,
      "Goals for": 72,
      "Goals against": 47,
      "Goal Difference": 25
    },
    {
      "Position": 2,
      "Club": "Atlético de Madrid B 1",
      "Played": 42,
      "Points": 74,
      "Wins": 21,
      "Draws": 11,
      "Losses": 10,
      "Goals for": 73,
      "Goals against": 51,
      "Goal Difference": 22
    },
    {
      "Position": 3,
      "Club": "CD Numancia",
      "Played": 42,
      "Points": 73,
      "Wins": 21,
      "Draws": 10,
      "Losses": 11,
      "Goals for": 68,
      "Goals against": 40,
      "Goal Difference": 28
    },
    {
      "Position": 4,
      "Club": "Sevilla FC",
      "Played": 42,
      "Points": 71,
      "Wins": 20,
      "Draws": 11,
      "Losses": 11,
      "Goals for": 66,
      "Goals against": 50,
      "Goal Difference": 16
    },
    {
      "Position": 5,
      "Club": "Rayo Vallecano",
      "Played": 42,
      "Points": 71,
      "Wins": 19,
      "Draws": 14,
      "Losses": 9,
      "Goals for": 64,
      "Goals against": 49,
      "Goal Difference": 15
    }
  ]
}