{
  "table_title": "Rugby Club Season Statistics",
  "columns": [
    {
      "column_name": "Unnamed: 0",
      "data_type": "integer",
      "description": "Row index."
    },
    {
      "column_name": "Club",
      "data_type": "string",
      "description": "Name of the rugby club, including league abbreviation in parentheses."
    },
    {
      "column_name": "Played",
      "data_type": "integer",
      "description": "Number of matches played by the club during the season."
    },
    {
      "column_name": "Won",
      "data_type": "integer",
      "description": "Number of matches won by the club."
    },
    {
      "column_name": "Drawn",
      "data_type": "integer",
      "description": "Number of matches drawn by the club."
    },
    {
      "column_name": "Lost",
      "data_type": "integer",
      "description": "Number of matches lost by the club."
    },
    {
      "column_name": "Points For",
      "data_type": "integer",
      "description": "Total points scored by the club."
    },
    {
      "column_name": "Points Against",
      "data_type": "integer",
      "description": "Total points scored against the club."
    },
    {
      "column_name": "Points Difference",
      "data_type": "integer",
      "description": "Difference between 'Points For' and 'Points Against'."
    },
    {
      "column_name": "Tries For",
      "data_type": "integer",
      "description": "Total number of tries scored by the club."
    },
    {
      "column_name": "Tries Against",
      "data_type": "integer",
      "description": "Total number of tries scored against the club."
    },
    {
      "column_name": "Try Bonus",
      "data_type": "integer",
      "description": "Number of try bonus points earned (4 tries scored in a match)."
    },
    {
      "column_name": "Losing Bonus",
      "data_type": "integer",
      "description": "Number of losing bonus points earned (losing by 7 points or less)."
    },
    {
      "column_name": "Points",
      "data_type": "integer",
      "description": "Total league points earned by the club."
    }
  ],
  "first 5 rows": [
    {
      "Unnamed: 0": 1,
      "Club": "Saracens (RU)",
      "Played": 22,
      "Won": 19,
      "Drawn": 0,
      "Lost": 3,
      "Points For": 629,
      "Points Against": 353,
      "Points Difference": 276,
      "Tries For": 68,
      "Tries Against": 39,
      "Try Bonus": 10,
      "Losing Bonus": 1,
      "Points": 87
    },
    {
      "Unnamed: 0": 2,
      "Club": "northampton saints (CH)",
      "Played": 22,
      "Won": 16,
      "Drawn": 2,
      "Lost": 4,
      "Points For": 604,
      "Points Against": 350,
      "Points Difference": 254,
      "Tries For": 72,
      "Tries Against": 31,
      "Try Bonus": 7,
      "Losing Bonus": 3,
      "Points": 78
    },
    {
      "Unnamed: 0": 3,
      "Club": "Leicester Tigers (SF)",
      "Played": 22,
      "Won": 15,
      "Drawn": 2,
      "Lost": 5,
      "Points For": 542,
      "Points Against": 430,
      "Points Difference": 112,
      "Tries For": 59,
      "Tries Against": 41,
      "Try Bonus": 7,
      "Losing Bonus": 3,
      "Points": 74
    },
    {
      "Unnamed: 0": 4,
      "Club": "Harlequins (SF)",
      "Played": 22,
      "Won": 15,
      "Drawn": 0,
      "Lost": 7,
      "Points For": 437,
      "Points Against": 365,
      "Points Difference": 72,
      "Tries For": 43,
      "Tries Against": 33,
      "Try Bonus": 4,
      "Losing Bonus": 3,
      "Points": 67
    },
    {
      "Unnamed: 0": 5,
      "Club": "Bath",
      "Played": 22,
      "Won": 14,
      "Drawn": 2,
      "Lost": 6,
      "Points For": 495,
      "Points Against": 388,
      "Points Difference": 107,
      "Tries For": 48,
      "Tries Against": 38,
      "Try Bonus": 4,
      "Losing Bonus": 3,
      "Points": 67
    }
  ]
}