{
  "table_title": "Hull Kingston Rovers Match Results - 2008 Super League XIII",
  "columns": [
    {
      "column_name": "Date",
      "data_type": "date",
      "description": "Date of the rugby league match."
    },
    {
      "column_name": "Venue",
      "data_type": "string",
      "description": "Location where the match was played."
    },
    {
      "column_name": "Opponent",
      "data_type": "string",
      "description": "Name of the opposing team in the match."
    },
    {
      "column_name": "Result",
      "data_type": "string",
      "description": "Match score, displayed as Hull KR score – Opponent score."
    },
    {
      "column_name": "Tournament",
      "data_type": "string",
      "description": "Name of the rugby league tournament the match belonged to."
    },
    {
      "column_name": "Scored",
      "data_type": "integer",
      "description": "Indicates whether the team scored a point (1) in this row's match.  Potentially a binary indicator for whether a specific player scored."
    }
  ],
  "first 5 rows": [
    {
      "Date": "10 February 2008",
      "Venue": "Craven Park",
      "Opponent": "St. Helens",
      "Result": "24–22",
      "Tournament": "Super League XIII",
      "Scored": 1
    },
    {
      "Date": "24 March 2008",
      "Venue": "JJB Stadium",
      "Opponent": "Wigan Warriors",
      "Result": "18-12",
      "Tournament": "Super League XIII",
      "Scored": 1
    },
    {
      "Date": "13 April 2008",
      "Venue": "Craven Park",
      "Opponent": "Bradford Bulls",
      "Result": "20–18",
      "Tournament": "Super League XIII",
      "Scored": 1
    },
    {
      "Date": "21-06-2008",
      "Venue": "Craven Park",
      "Opponent": "Wakefield Trinity Wildcats",
      "Result": "18–26",
      "Tournament": "Super League XIII",
      "Scored": 1
    },
    {
      "Date": "8 March 2009",
      "Venue": "Craven Park",
      "Opponent": "Wakefield Trinity Wildcats",
      "Result": "31–18",
      "Tournament": "Super League XIV",
      "Scored": 1
    }
  ]
}