{
  "table_title": "Olympic Medal Count by Nation",
  "columns": [
    {
      "column_name": "Rank",
      "data_type": "string",
      "description": "Ranking of nations based on total medals won."
    },
    {
      "column_name": "Nation",
      "data_type": "string",
      "description": "Name of the participating nation."
    },
    {
      "column_name": "Gold",
      "data_type": "integer",
      "description": "Number of gold medals won by the nation."
    },
    {
      "column_name": "Silver",
      "data_type": "integer",
      "description": "Number of silver medals won by the nation."
    },
    {
      "column_name": "Bronze",
      "data_type": "integer",
      "description": "Number of bronze medals won by the nation."
    },
    {
      "column_name": "Total",
      "data_type": "integer",
      "description": "Total number of medals (gold + silver + bronze) won by the nation."
    }
  ],
  "first 5 rows": [
    {
      "Rank": 1,
      "Nation": "Russia",
      "Gold": 17,
      "Silver": 5,
      "Bronze": 5,
      "Total": 27
    },
    {
      "Rank": 2,
      "Nation": "Bulgaria",
      "Gold": 5,
      "Silver": 2,
      "Bronze": 3,
      "Total": 10
    },
    {
      "Rank": 3,
      "Nation": "Belarus",
      "Gold": 2,
      "Silver": 4,
      "Bronze": 2,
      "Total": 8
    },
    {
      "Rank": 4,
      "Nation": "Ukraine",
      "Gold": 1,
      "Silver": 2,
      "Bronze": 11,
      "Total": 14
    },
    {
      "Rank": 5,
      "Nation": "Kazakhstan",
      "Gold": 1,
      "Silver": 1,
      "Bronze": 3,
      "Total": 5
    }
  ]
}