{
  "table_title": "1987 PBA Draft Picks",
  "columns": [
    {
      "column_name": "Pick",
      "data_type": "integer",
      "description": "Draft pick order; an integer representing the selection number."
    },
    {
      "column_name": "Player",
      "data_type": "string",
      "description": "Name of the player selected in the draft."
    },
    {
      "column_name": "Country of origin*",
      "data_type": "string",
      "description": "Country of origin of the drafted player."
    },
    {
      "column_name": "PBA team",
      "data_type": "string",
      "description": "Philippine Basketball Association (PBA) team that selected the player."
    },
    {
      "column_name": "College",
      "data_type": "string",
      "description": "College or university attended by the player."
    }
  ],
  "first 5 rows": [
    {
      "Pick": 1,
      "Player": "Danilo Ildefonso",
      "Country of origin*": "Philippines",
      "PBA team": "Formula Shell Zoom Masters",
      "College": "National"
    },
    {
      "Pick": 2,
      "Player": "Noy Castillo",
      "Country of origin*": "USA",
      "PBA team": "San Miguel Beermen",
      "College": "The Citadel"
    },
    {
      "Pick": 3,
      "Player": "ali peek",
      "Country of origin*": "United States",
      "PBA team": "Pop Cola 800s",
      "College": "Saint Mary"
    },
    {
      "Pick": 4,
      "Player": "Brixter Encarnacion",
      "Country of origin*": "Philippines",
      "PBA team": "Pop Cola 800s",
      "College": "San Sebastian"
    },
    {
      "Pick": 5,
      "Player": "William Antonio",
      "Country of origin*": "United States",
      "PBA team": "San Miguel Beermen",
      "College": "Chaminade University"
    }
  ]
}