{
  "table_title": "Georgia's Olympic Flag Bearers",
  "columns": [
    {
      "column_name": "#",
      "data_type": "integer",
      "description": "Rank order of the Olympic Games appearances."
    },
    {
      "column_name": "Event Year",
      "data_type": "integer",
      "description": "Year the Olympic games were held."
    },
    {
      "column_name": "Season",
      "data_type": "string",
      "description": "Season of the Olympic Games (Summer or Winter)."
    },
    {
      "column_name": "Flag bearer",
      "data_type": "string",
      "description": "Name of the athlete who carried the Georgian flag at the opening ceremony."
    }
  ],
  "first 5 rows": [
    {
      "#": 10,
      "Event Year": 2012,
      "Season": "summer",
      "Flag bearer": "Nino Salukvadze"
    },
    {
      "#": 9,
      "Event Year": 2010,
      "Season": "Winter",
      "Flag bearer": "Iason Abramashvili"
    },
    {
      "#": 8,
      "Event Year": 2008,
      "Season": "Summer",
      "Flag bearer": "Ramaz Nozadze"
    },
    {
      "#": 7,
      "Event Year": 2006,
      "Season": "Winter",
      "Flag bearer": "Vakhtang Murvanidze"
    },
    {
      "#": 6,
      "Event Year": 2004,
      "Season": "Summer",
      "Flag bearer": "Zurab Zviadauri"
    }
  ]
}