{
  "table_title": "2008-09 Track Cycling World Cup Results (Manchester)",
  "columns": [
    {
      "column_name": "Date",
      "data_type": "date",
      "description": "The date of the cycling event."
    },
    {
      "column_name": "Competition",
      "data_type": "string",
      "description": "The name of the cycling competition; in this case, the 2008-09 World Cup."
    },
    {
      "column_name": "Location",
      "data_type": "string",
      "description": "The location where the cycling event took place."
    },
    {
      "column_name": "Country",
      "data_type": "string",
      "description": "The country where the cycling event took place."
    },
    {
      "column_name": "Event",
      "data_type": "string",
      "description": "The type of cycling event (e.g., Sprint, Keirin)."
    },
    {
      "column_name": "Placing",
      "data_type": "integer",
      "description": "The position the rider achieved in the event (1st, 2nd, etc.)."
    },
    {
      "column_name": "Rider",
      "data_type": "string",
      "description": "The name of the cyclist who participated in the event."
    },
    {
      "column_name": "Nationality",
      "data_type": "string",
      "description": "The nationality of the cyclist, represented by a three-letter code (e.g., GBR)."
    }
  ],
  "first 5 rows": [
    {
      "Date": "31 October 2008",
      "Competition": "2008–09 World Cup",
      "Location": "Manchester",
      "Country": "United Kingdom",
      "Event": "Sprint",
      "Placing": 1,
      "Rider": "Victoria Pendleton",
      "Nationality": "GB"
    },
    {
      "Date": "31 October 2008",
      "Competition": "2008–09 World Cup",
      "Location": "Manchester",
      "Country": "UK",
      "Event": "Keirin",
      "Placing": 2,
      "Rider": "Jason Kenny",
      "Nationality": "GBR"
    },
    {
      "Date": "1 November 2008",
      "Competition": "2008–09 World Cup",
      "Location": "Manchester",
      "Country": "United Kingdom",
      "Event": "Sprint",
      "Placing": 1,
      "Rider": "Jason Kenny",
      "Nationality": ""
    },
    {
      "Date": "1 November 2008",
      "Competition": "2008–09 World Cup",
      "Location": "Manchester",
      "Country": "United Kingdom",
      "Event": "500 m time trial",
      "Placing": 1,
      "Rider": "Victoria Pendleton",
      "Nationality": "GBR"
    },
    {
      "Date": "2 November 2008",
      "Competition": "2008–09 World Cup",
      "Location": "Manchester",
      "Country": "United Kingdom",
      "Event": "Team sprint",
      "Placing": 1,
      "Rider": "Ross Edgar",
      "Nationality": "GBR"
    }
  ]
}