{
  "table_title": "Fight Record",
  "columns": [
    {
      "column_name": "Record",
      "data_type": "string",
      "description": "Fighter's win-loss record at the time of the fight (Wins-Losses)."
    },
    {
      "column_name": "Date",
      "data_type": "date",
      "description": "Date of the fight in DD/MM/YYYY format."
    },
    {
      "column_name": "Result",
      "data_type": "string",
      "description": "Outcome of the fight for the fighter (Win or Loss)."
    },
    {
      "column_name": "Opponent",
      "data_type": "string",
      "description": "Name of the opponent fighter."
    },
    {
      "column_name": "Location",
      "data_type": "string",
      "description": "Venue and city of the fight."
    },
    {
      "column_name": "Method",
      "data_type": "string",
      "description": "Method by which the fight was won (e.g., Unanimous Decision, TKO)."
    },
    {
      "column_name": "Round",
      "data_type": "integer",
      "description": "Round in which the fight ended."
    }
  ],
  "first 5 rows": [
    {
      "Record": "13-0",
      "Date": "07/12/2013",
      "Result": "Win",
      "Opponent": "Igor Pylypenko",
      "Location": "Porsche Arena, Stuttgart, Germany",
      "Method": "Unanimous Decision",
      "Round": 6
    },
    {
      "Record": "12-0",
      "Date": "27/10/2013",
      "Result": "Win",
      "Opponent": "Alphonce Mchumiatumbo",
      "Location": "Sarajevo, Bosnia and Herzegovina",
      "Method": "Decision",
      "Round": 8
    },
    {
      "Record": "11-0",
      "Date": "07/06/2013",
      "Result": "Win",
      "Opponent": "Alexander Vasiliev",
      "Location": "Westfalenhalle, Dortmund, Germany",
      "Method": "TKO",
      "Round": 2
    },
    {
      "Record": "10-0",
      "Date": "02/02/2013",
      "Result": "Win",
      "Opponent": "Niko Falin",
      "Location": "ISS Dome, Düsseldorf, Germany",
      "Method": "Unanimous Decision",
      "Round": 6
    },
    {
      "Record": "9-0",
      "Date": "02/12/2012",
      "Result": "Win",
      "Opponent": "Ladislav Kovarik",
      "Location": "Düsseldorf, Germany",
      "Method": "Unanimous Decision",
      "Round": 6
    }
  ]
}