{
  "table_title": "Early Career Game Credits",
  "columns": [
    {
      "column_name": "Name",
      "data_type": "string",
      "description": "Title of the video game."
    },
    {
      "column_name": "Year",
      "data_type": "integer",
      "description": "Year the game was released."
    },
    {
      "column_name": "Credited With",
      "data_type": "string",
      "description": "Specific role or contribution to the game's development."
    },
    {
      "column_name": "Publisher",
      "data_type": "string",
      "description": "Company that published the game."
    }
  ],
  "first 5 rows": [
    {
      "Name": "Indiana Jones and the Last Crusade: The Action Game",
      "Year": 1989,
      "Credited With": "Tester",
      "Publisher": "LucasArts"
    },
    {
      "Name": "Maniac Mansion (NES port)",
      "Year": 1990,
      "Credited With": "tools programmer, SCUMM",
      "Publisher": "Lucasarts"
    },
    {
      "Name": "The Secret of Monkey Island",
      "Year": 1990,
      "Credited With": "co-writer, programmer, additional designer",
      "Publisher": "LucasArts"
    },
    {
      "Name": "Monkey Island 2: LeChuck's Revenge",
      "Year": 1991,
      "Credited With": "co-writer, programmer, additional designer",
      "Publisher": "LucasArts"
    },
    {
      "Name": "Maniac Mansion: Day of the Tentacle",
      "Year": 1993,
      "Credited With": "co-designer, co-producer, co-director, co-writer",
      "Publisher": "LucasArts"
    }
  ]
}