{
  "table_title": "Republic of Ireland International Football Match Results",
  "columns": [
    {
      "column_name": "Date",
      "data_type": "date",
      "description": "The date the match was played."
    },
    {
      "column_name": "Venue",
      "data_type": "string",
      "description": "The location where the match was played."
    },
    {
      "column_name": "Opponent",
      "data_type": "string",
      "description": "The name of the opposing team."
    },
    {
      "column_name": "Score",
      "data_type": "string",
      "description": "The score of the match (Ireland's score first)."
    },
    {
      "column_name": "Result",
      "data_type": "string",
      "description": "The final result of the match, including extra time if applicable (Ireland's score first)."
    },
    {
      "column_name": "Competition",
      "data_type": "string",
      "description": "The type of competition the match was part of (e.g., qualifying tournament, friendly)."
    },
    {
      "column_name": "#",
      "data_type": "integer",
      "description": "Match number in a sequence."
    }
  ],
  "first 5 rows": [
    {
      "Date": "15 Nov 2006",
      "Venue": "Lansdowne Road, Dublin",
      "Opponent": "San Marino",
      "Score": "2–0",
      "Result": "5–0",
      "Competition": "Euro 2008 qualifying",
      "#": 1
    },
    {
      "Date": "28 Mar 2007",
      "Venue": "Croke Park, Dublin",
      "Opponent": "Slovakia",
      "Score": "1–0",
      "Result": "1–0",
      "Competition": "Euro 2008 qualifying",
      "#": 2
    },
    {
      "Date": "23 May 2007",
      "Venue": "Giants Stadium, New York",
      "Opponent": "Ecuador",
      "Score": "1–1",
      "Result": "1–1",
      "Competition": "Friendly",
      "#": 3
    },
    {
      "Date": "9 Sep 2007",
      "Venue": "tehelné pole, bratislava",
      "Opponent": "Slovakia",
      "Score": "1–2",
      "Result": "2–2",
      "Competition": "Euro 2008 qualifying",
      "#": 4
    },
    {
      "Date": "17 Nov 2007",
      "Venue": "Millennium Stadium, Cardiff",
      "Opponent": "Wales",
      "Score": "1-2",
      "Result": "2–2",
      "Competition": "Euro 2008 qualifying",
      "#": 5
    }
  ]
}