{
  "table_title": "Tennis Tournament Results",
  "columns": [
    {
      "column_name": "Outcome",
      "data_type": "string",
      "description": "Indicates whether the player won or was the runner-up in the tournament."
    },
    {
      "column_name": "No.",
      "data_type": "float",
      "description": "Sequential number indicating the tournament's position in the player's career."
    },
    {
      "column_name": "Date",
      "data_type": "date",
      "description": "Date of the tennis tournament."
    },
    {
      "column_name": "Tournament",
      "data_type": "string",
      "description": "Name and location of the tennis tournament."
    },
    {
      "column_name": "Surface",
      "data_type": "string",
      "description": "Type of court surface (e.g., Clay)."
    },
    {
      "column_name": "Opponent",
      "data_type": "string",
      "description": "Name of the opponent in the final match."
    },
    {
      "column_name": "Score",
      "data_type": "string",
      "description": "Score of the final match."
    }
  ],
  "first 5 rows": [
    {
      "Outcome": "Runner-up",
      "No.": 1,
      "Date": "15 April 2001",
      "Tournament": "Grand Prix Hassan II, Casablanca, Morocco",
      "Surface": "Clay",
      "Opponent": "Guillermo Cañás",
      "Score": "5–7, 2–6"
    },
    {
      "Outcome": "Winner",
      "No.": 1,
      "Date": "29 July 2001",
      "Tournament": "Orange Warsaw Open, Sopot, Poland",
      "Surface": "Clay",
      "Opponent": "albert portas",
      "Score": "1–6, 7–5, 7–6(7–2)"
    },
    {
      "Outcome": "Runner-up",
      "No.": 2,
      "Date": "20/07/2003",
      "Tournament": "Mercedes Cup, Stuttgart, Germany",
      "Surface": "Clay",
      "Opponent": "Guillermo Coria",
      "Score": "2–6, 2–6, 1–6"
    },
    {
      "Outcome": "Winner",
      "No.": 2,
      "Date": "2 May 2004",
      "Tournament": "Torneo Godó, Barcelona, Spain",
      "Surface": "Clay",
      "Opponent": "Gastón Gaudio",
      "Score": "6–3, 4–6, 6–2, 3–6, 6–3"
    },
    {
      "Outcome": "Runner-up",
      "No.": 3,
      "Date": "1 May 2005",
      "Tournament": "Estoril Open, Estoril, Portugal",
      "Surface": "clay",
      "Opponent": "Gastón Gaudio",
      "Score": "1–6, 6–2, 1–6"
    }
  ]
}