{
  "table_title": "Annual Winners of a Race (1990-1992)",
  "columns": [
    {
      "column_name": "Edition",
      "data_type": "string",
      "description": "Ordinal identifier for the edition of the race (e.g., '1st', '2nd')."
    },
    {
      "column_name": "Year",
      "data_type": "integer",
      "description": "The year in which the race took place."
    },
    {
      "column_name": "Men's winner",
      "data_type": "string",
      "description": "Name and nationality of the men's race winner (e.g., 'Marti ten Kate (NED)')."
    },
    {
      "column_name": "Time (m:s)",
      "data_type": "time",
      "description": "Winning time for the men's race, in minutes and seconds."
    },
    {
      "column_name": "Women's winner",
      "data_type": "string",
      "description": "Name and nationality of the women's race winner (e.g., 'Alison Gooderham (GBR)')."
    },
    {
      "column_name": "Time (m:s).1",
      "data_type": "time",
      "description": "Winning time for the women's race, in minutes and seconds."
    }
  ],
  "first 5 rows": [
    {
      "Edition": "1st",
      "Year": 1990,
      "Men's winner": 10,
      "Time (m:s)": "47:52",
      "Women's winner": "Alison Gooderham (GBR)",
      "Time (m:s).1": "56:09"
    },
    {
      "Edition": "2nd",
      "Year": 1991,
      "Men's winner": "Thomas Naali (TAN)",
      "Time (m:s)": "47:11",
      "Women's winner": "Olga Bondarenko (URS)",
      "Time (m:s).1": "53:16"
    },
    {
      "Edition": "3rd",
      "Year": 1992,
      "Men's winner": "Boay Akonay (TAN)",
      "Time (m:s)": "47:04",
      "Women's winner": "Iulia Negura (ROM)",
      "Time (m:s).1": "53:19"
    },
    {
      "Edition": "4th",
      "Year": 1993,
      "Men's winner": "Gary Staines (GBR)",
      "Time (m:s)": "46:11",
      "Women's winner": "Iulia Negura (ROM)",
      "Time (m:s).1": "53:01"
    },
    {
      "Edition": "5th",
      "Year": 1994,
      "Men's winner": "Gary Staines (GBR)",
      "Time (m:s)": "47:00",
      "Women's winner": "Gitte Karlshøj (DEN)",
      "Time (m:s).1": "54:49"
    }
  ]
}