{
  "table_title": "Grand Prix Tennis Tournament Results",
  "columns": [
    {
      "column_name": "Outcome",
      "data_type": "string",
      "description": "Indicates whether the player won or was the runner-up in the tournament."
    },
    {
      "column_name": "No.",
      "data_type": "float",
      "description": "Sequential number of the tournament (potential for non-integer values)."
    },
    {
      "column_name": "Date",
      "data_type": "integer",
      "description": "Year the tournament took place."
    },
    {
      "column_name": "Championship",
      "data_type": "string",
      "description": "City and country where the tournament was held."
    },
    {
      "column_name": "Surface",
      "data_type": "string",
      "description": "Type of court surface (e.g., Clay, Carpet)."
    },
    {
      "column_name": "Opponent in the final",
      "data_type": "string",
      "description": "Name of the opponent in the final match."
    },
    {
      "column_name": "Score in the final",
      "data_type": "string",
      "description": "Final match score."
    }
  ],
  "first 5 rows": [
    {
      "Outcome": "Runner-up",
      "No.": 1,
      "Date": 1975,
      "Championship": "Båstad, Sweden",
      "Surface": "Clay",
      "Opponent in the final": "Manuel Orantes",
      "Score in the final": "0–6, 3–6"
    },
    {
      "Outcome": "Runner-up",
      "No.": 2,
      "Date": 1976,
      "Championship": "São Paulo, Brazil",
      "Surface": "carpet",
      "Opponent in the final": "Guillermo Vilas",
      "Score in the final": "3–6, 0–6"
    },
    {
      "Outcome": "Winner",
      "No.": 1,
      "Date": 1976,
      "Championship": "Santiago, Chile",
      "Surface": "CLAY",
      "Opponent in the final": "Carlos Kirmayr",
      "Score in the final": "5–7, 6–4, 6–4"
    },
    {
      "Outcome": "Winner",
      "No.": 2,
      "Date": 1977,
      "Championship": "Murcia, Spain",
      "Surface": "Clay",
      "Opponent in the final": "Buster Mottram",
      "Score in the final": "6–4, 6–0, 6–3"
    },
    {
      "Outcome": "Runner-up",
      "No.": 3,
      "Date": 1977,
      "Championship": "Bogotá, Colombia",
      "Surface": "clay",
      "Opponent in the final": "Guillermo Vilas",
      "Score in the final": "1–6, 2–6, 3–6"
    }
  ]
}