{
  "table_title": "Louisiana State Representatives",
  "columns": [
    {
      "column_name": "District",
      "data_type": "integer",
      "description": "Numerical identifier for the legislative district."
    },
    {
      "column_name": "Name",
      "data_type": "string",
      "description": "Name of the state representative."
    },
    {
      "column_name": "Party",
      "data_type": "string",
      "description": "Political party affiliation (Rep or Dem)."
    },
    {
      "column_name": "District Office",
      "data_type": "string",
      "description": "Location of the representative's district office."
    },
    {
      "column_name": "First elected",
      "data_type": "string",
      "description": "Year the representative was first elected; may include special annotations."
    }
  ],
  "first 5 rows": [
    {
      "District": 1,
      "Name": "A.G. Crowe",
      "Party": "Rep",
      "District Office": "Slidell",
      "First elected": 2007
    },
    {
      "District": 2,
      "Name": "Troy Brown",
      "Party": "dem",
      "District Office": "Napoleonville",
      "First elected": 2011
    },
    {
      "District": 3,
      "Name": "J.P. Morrell",
      "Party": "Dem",
      "District Office": "New Orleans",
      "First elected": 8
    },
    {
      "District": 4,
      "Name": "Ed Murray",
      "Party": "Democrat",
      "District Office": "New Orleans",
      "First elected": "2005†"
    },
    {
      "District": 5,
      "Name": "Karen Carter Peterson",
      "Party": "Dem",
      "District Office": "new orleans",
      "First elected": "2010†"
    }
  ]
}