{
  "table_title": "Track and Field Competition Results",
  "columns": [
    {
      "column_name": "Year",
      "data_type": "integer",
      "description": "The year the competition took place."
    },
    {
      "column_name": "Competition",
      "data_type": "string",
      "description": "The name of the track and field competition (e.g., Olympic Games, World Junior Championships)."
    },
    {
      "column_name": "Venue",
      "data_type": "string",
      "description": "The city and country where the competition was held."
    },
    {
      "column_name": "Position",
      "data_type": "string",
      "description": "The final position achieved in the event, including qualifying round information (e.g., '1st', '8th (sf)')."
    },
    {
      "column_name": "Event",
      "data_type": "string",
      "description": "The specific track and field event (e.g., 100m, 200m, 4x100m relay)."
    },
    {
      "column_name": "Notes",
      "data_type": "float",
      "description": "The recorded time or result for the event, likely in seconds."
    }
  ],
  "first 5 rows": [
    {
      "Year": 1996,
      "Competition": "World Junior Championships",
      "Venue": "Sydney, Australia",
      "Position": "8th",
      "Event": "200 m",
      "Notes": 23.89
    },
    {
      "Year": 1996,
      "Competition": "Olympic Games",
      "Venue": "Atlanta, United States",
      "Position": "11th (SF)",
      "Event": "4x100 m relay",
      "Notes": 44.21
    },
    {
      "Year": 1997,
      "Competition": "European Jr Championships",
      "Venue": "Ljubljana, Slovenia",
      "Position": "1st",
      "Event": "100 m",
      "Notes": 11.39
    },
    {
      "Year": 1997,
      "Competition": "European Junior Championships",
      "Venue": "Ljubljana, Slovenia",
      "Position": "3rd",
      "Event": "200 m",
      "Notes": 23.43
    },
    {
      "Year": 1997,
      "Competition": "World Championships",
      "Venue": "Athens, Greece",
      "Position": "36th (h)",
      "Event": "100 m",
      "Notes": 11.59
    }
  ]
}