{
  "table_title": "Pan American Games Medal Count",
  "columns": [
    {
      "column_name": "Rank",
      "data_type": "string",
      "description": "Ordinal rank of the nation based on total medals won."
    },
    {
      "column_name": "Nation",
      "data_type": "string",
      "description": "Name of the participating nation."
    },
    {
      "column_name": "Gold",
      "data_type": "integer",
      "description": "Number of gold medals won by the nation."
    },
    {
      "column_name": "Silver",
      "data_type": "integer",
      "description": "Number of silver medals won by the nation."
    },
    {
      "column_name": "Bronze",
      "data_type": "integer",
      "description": "Number of bronze medals won by the nation."
    },
    {
      "column_name": "Total",
      "data_type": "integer",
      "description": "Total number of medals (gold + silver + bronze) won by the nation."
    }
  ],
  "first 5 rows": [
    {
      "Rank": 1,
      "Nation": "Cuba",
      "Gold": 4,
      "Silver": 3,
      "Bronze": 2,
      "Total": 9
    },
    {
      "Rank": 2,
      "Nation": "Canada",
      "Gold": 4,
      "Silver": 2,
      "Bronze": 1,
      "Total": 8
    },
    {
      "Rank": 3,
      "Nation": "United States",
      "Gold": 2,
      "Silver": 0,
      "Bronze": 2,
      "Total": 4
    },
    {
      "Rank": 4,
      "Nation": "Mexico",
      "Gold": 1,
      "Silver": 1,
      "Bronze": 0,
      "Total": 3
    },
    {
      "Rank": 5,
      "Nation": "Ecuador",
      "Gold": 1,
      "Silver": 0,
      "Bronze": 0,
      "Total": 1
    }
  ]
}