{
  "table_title": "Medal Count by Nation",
  "columns": [
    {
      "column_name": "Rank",
      "data_type": "integer",
      "description": "Rank of the nation based on total medals won."
    },
    {
      "column_name": "Nation",
      "data_type": "string",
      "description": "Name of the participating nation."
    },
    {
      "column_name": "Gold",
      "data_type": "string",
      "description": "Number of gold medals won by the nation (string type due to potential leading zeros)."
    },
    {
      "column_name": "Silver",
      "data_type": "string",
      "description": "Number of silver medals won by the nation (string type due to potential leading zeros)."
    },
    {
      "column_name": "Bronze",
      "data_type": "integer",
      "description": "Number of bronze medals won by the nation."
    },
    {
      "column_name": "Total",
      "data_type": "integer",
      "description": "Total number of medals (gold + silver + bronze) won by the nation."
    }
  ],
  "first 5 rows": [
    {
      "Rank": 1,
      "Nation": "Netherlands",
      "Gold": 8,
      "Silver": 3,
      "Bronze": 1,
      "Total": 12
    },
    {
      "Rank": 2,
      "Nation": "Australia",
      "Gold": 3,
      "Silver": 3,
      "Bronze": 4,
      "Total": 10
    },
    {
      "Rank": 3,
      "Nation": "United States",
      "Gold": 2,
      "Silver": 5,
      "Bronze": 1,
      "Total": 9
    },
    {
      "Rank": 4,
      "Nation": "Hungary",
      "Gold": 1,
      "Silver": 1,
      "Bronze": 3,
      "Total": 5
    },
    {
      "Rank": 5,
      "Nation": "Canada",
      "Gold": 1,
      "Silver": "–",
      "Bronze": 3,
      "Total": 3
    }
  ]
}