{
  "table_title": "2024 Hypothetical Winter Sports Medal Count",
  "columns": [
    {
      "column_name": "Rank",
      "data_type": "string",
      "description": "Rank of the nation based on total medals won."
    },
    {
      "column_name": "Nation",
      "data_type": "string",
      "description": "Name of the participating nation."
    },
    {
      "column_name": "Gold",
      "data_type": "integer",
      "description": "Number of gold medals won by the nation."
    },
    {
      "column_name": "Silver",
      "data_type": "integer",
      "description": "Number of silver medals won by the nation."
    },
    {
      "column_name": "Bronze",
      "data_type": "integer",
      "description": "Number of bronze medals won by the nation."
    },
    {
      "column_name": "Total",
      "data_type": "integer",
      "description": "Total number of medals (gold + silver + bronze) won by the nation."
    }
  ],
  "first 5 rows": [
    {
      "Rank": 1,
      "Nation": "Russia",
      "Gold": 7,
      "Silver": 3,
      "Bronze": 0,
      "Total": 10
    },
    {
      "Rank": 2,
      "Nation": "Italy",
      "Gold": 1,
      "Silver": 3,
      "Bronze": 0,
      "Total": 5
    },
    {
      "Rank": 3,
      "Nation": "France",
      "Gold": 1,
      "Silver": 1,
      "Bronze": 2,
      "Total": 4
    },
    {
      "Rank": 4,
      "Nation": "Austria",
      "Gold": 1,
      "Silver": 1,
      "Bronze": 0,
      "Total": 2
    },
    {
      "Rank": 4,
      "Nation": "Germany",
      "Gold": 1,
      "Silver": 1,
      "Bronze": 0,
      "Total": 2
    }
  ]
}