{
  "table_title": "2006 Hurling Player Rankings",
  "columns": [
    {
      "column_name": "Month",
      "data_type": "string",
      "description": "The month the player's ranking was recorded (April, May, June)."
    },
    {
      "column_name": "Year",
      "data_type": "integer",
      "description": "The year the player's ranking was recorded (2006)."
    },
    {
      "column_name": "Player",
      "data_type": "string",
      "description": "The name of the hurling player."
    },
    {
      "column_name": "County",
      "data_type": "string",
      "description": "The county the player represents."
    },
    {
      "column_name": "Club",
      "data_type": "string",
      "description": "The club the player is a member of."
    },
    {
      "column_name": "Position",
      "data_type": "integer",
      "description": "The player's ranking position."
    }
  ],
  "first 5 rows": [
    {
      "Month": "april",
      "Year": 2006,
      "Player": "Mark Foley",
      "County": "Limerick",
      "Club": "Adare",
      "Position": 4
    },
    {
      "Month": "May",
      "Year": 2006,
      "Player": "Eoin Kelly",
      "County": "Tipperary",
      "Club": "Mullinahone",
      "Position": 15
    },
    {
      "Month": "June",
      "Year": 2006,
      "Player": "Joe Deane",
      "County": "Cork",
      "Club": "Killeagh",
      "Position": 15
    },
    {
      "Month": "July",
      "Year": 2006,
      "Player": "Dan Shanahan",
      "County": "Waterford",
      "Club": "Lismore",
      "Position": 10
    },
    {
      "Month": "August",
      "Year": 2006,
      "Player": "Henry Shefflin",
      "County": "Kilkenny",
      "Club": "Ballyhale Shamrocks",
      "Position": 14
    }
  ]
}