{
  "table_title": "Olympic Medal Count by Nation",
  "columns": [
    {
      "column_name": "Rank",
      "data_type": "string",
      "description": "Rank of the nation based on total medals won."
    },
    {
      "column_name": "Nation",
      "data_type": "string",
      "description": "Name of the participating nation."
    },
    {
      "column_name": "Gold",
      "data_type": "integer",
      "description": "Number of gold medals won by the nation."
    },
    {
      "column_name": "Silver",
      "data_type": "integer",
      "description": "Number of silver medals won by the nation."
    },
    {
      "column_name": "Bronze",
      "data_type": "integer",
      "description": "Number of bronze medals won by the nation."
    },
    {
      "column_name": "Total",
      "data_type": "integer",
      "description": "Total number of medals (gold + silver + bronze) won by the nation."
    }
  ],
  "first 5 rows": [
    {
      "Rank": 1,
      "Nation": "South Korea",
      "Gold": 9,
      "Silver": 2,
      "Bronze": 1,
      "Total": 12
    },
    {
      "Rank": 2,
      "Nation": "Chinese Taipei",
      "Gold": 2,
      "Silver": 3,
      "Bronze": 3,
      "Total": 8
    },
    {
      "Rank": 3,
      "Nation": "Spain",
      "Gold": 1,
      "Silver": 5,
      "Bronze": 4,
      "Total": 10
    },
    {
      "Rank": 4,
      "Nation": "United States",
      "Gold": 1,
      "Silver": 2,
      "Bronze": 7,
      "Total": 9
    },
    {
      "Rank": 5,
      "Nation": "Turkey",
      "Gold": 1,
      "Silver": 1,
      "Bronze": 2,
      "Total": 5
    }
  ]
}