{
  "table_title": "800m Race Results",
  "columns": [
    {
      "column_name": "Year",
      "data_type": "integer",
      "description": "The year the competition took place."
    },
    {
      "column_name": "Competition",
      "data_type": "string",
      "description": "The name of the athletic competition (e.g., All-Africa Games)."
    },
    {
      "column_name": "Venue",
      "data_type": "string",
      "description": "The city and country where the competition was held."
    },
    {
      "column_name": "Position",
      "data_type": "string",
      "description": "The finishing position in the race, including heat (h) or semifinal (sf) indicator."
    },
    {
      "column_name": "Event",
      "data_type": "string",
      "description": "The track event; in this case, always 800m."
    },
    {
      "column_name": "Notes",
      "data_type": "string",
      "description": "The recorded time for the race in minutes:seconds.hundredths format."
    }
  ],
  "first 5 rows": [
    {
      "Year": 2003,
      "Competition": "All-Africa Games",
      "Venue": "Abuja, Nigeria",
      "Position": "11th (h)",
      "Event": "800 m",
      "Notes": "2:05.19"
    },
    {
      "Year": 2006,
      "Competition": "commonwealth Games",
      "Venue": "Melbourne, Australia",
      "Position": "9th (sf)",
      "Event": "800 m",
      "Notes": "2:01.84"
    },
    {
      "Year": 2006,
      "Competition": "African Championships",
      "Venue": "Bambous, Mauritius",
      "Position": "Thirteenth (h)",
      "Event": "800 m",
      "Notes": "2:10.50"
    },
    {
      "Year": 2006,
      "Competition": "Lusophony Games",
      "Venue": "Macau",
      "Position": "1st",
      "Event": "800 m",
      "Notes": ""
    },
    {
      "Year": 2007,
      "Competition": "All-Africa Games",
      "Venue": "Algiers, Algeria",
      "Position": "1st",
      "Event": "800 m",
      "Notes": "2:02.83"
    }
  ]
}