{
  "table_title": "Olympic Medal Count by Nation",
  "columns": [
    {
      "column_name": "Rank",
      "data_type": "string",
      "description": "Ordinal rank of the nation based on total medals."
    },
    {
      "column_name": "Nation",
      "data_type": "string",
      "description": "Name of the participating nation."
    },
    {
      "column_name": "Gold",
      "data_type": "integer",
      "description": "Number of gold medals won by the nation."
    },
    {
      "column_name": "Silver",
      "data_type": "integer",
      "description": "Number of silver medals won by the nation."
    },
    {
      "column_name": "Bronze",
      "data_type": "integer",
      "description": "Number of bronze medals won by the nation."
    },
    {
      "column_name": "Total",
      "data_type": "integer",
      "description": "Total number of medals (gold + silver + bronze) won by the nation."
    }
  ],
  "first 5 rows": [
    {
      "Rank": 1,
      "Nation": "China",
      "Gold": 10,
      "Silver": 5,
      "Bronze": 1,
      "Total": 15
    },
    {
      "Rank": 2,
      "Nation": "North Korea",
      "Gold": 3,
      "Silver": 3,
      "Bronze": 4,
      "Total": 10
    },
    {
      "Rank": 3,
      "Nation": "Japan",
      "Gold": 1,
      "Silver": 3,
      "Bronze": 3,
      "Total": 7
    },
    {
      "Rank": 4,
      "Nation": "Chinese Taipei",
      "Gold": 1,
      "Silver": 1,
      "Bronze": 1,
      "Total": 4
    },
    {
      "Rank": 5,
      "Nation": "Hong Kong",
      "Gold": 0,
      "Silver": 1,
      "Bronze": 0,
      "Total": 1
    }
  ]
}