{
  "table_title": "Township Demographics and Geographic Data",
  "columns": [
    {
      "column_name": "Township",
      "data_type": "string",
      "description": "Name of the township."
    },
    {
      "column_name": "FIPS",
      "data_type": "integer",
      "description": "Federal Information Processing Standards code, a unique identifier for the township."
    },
    {
      "column_name": "Population",
      "data_type": "string",
      "description": "Total population of the township."
    },
    {
      "column_name": "Population\ndensity\n/km² (/sq mi)",
      "data_type": "string",
      "description": "Population density in people per square kilometer (and per square mile)."
    },
    {
      "column_name": "Land area\nkm² (sq mi)",
      "data_type": "string",
      "description": "Land area of the township in square kilometers (and square miles)."
    },
    {
      "column_name": "Water area\nkm² (sq mi)",
      "data_type": "string",
      "description": "Water area of the township in square kilometers (and square miles)."
    },
    {
      "column_name": "Water %",
      "data_type": "string",
      "description": "Percentage of the township's total area that is water."
    },
    {
      "column_name": "Geographic coordinates",
      "data_type": "string",
      "description": "Geographic coordinates of the township in degrees, minutes, and seconds (and decimal degrees)."
    }
  ],
  "first 5 rows": [
    {
      "Township": "Alta",
      "FIPS": 1500,
      "Population": 221,
      "Population\ndensity\n/km² (/sq mi)": "2 (6)",
      "Land area\nkm² (sq mi)": "93 (36)",
      "Water area\nkm² (sq mi)": "0 (0)",
      "Water %": "0.48%",
      "Geographic coordinates": "38°7′27″N 97°38′44″W﻿ / ﻿38.12417°N 97.64556°W"
    },
    {
      "Township": "Burrton",
      "FIPS": 9600,
      "Population": 1143,
      "Population\ndensity\n/km² (/sq mi)": "12 (32)",
      "Land area\nkm² (sq mi)": "93 (36)",
      "Water area\nkm² (sq mi)": "0 (0)",
      "Water %": "17%",
      "Geographic coordinates": "38°01′32″N 97°39′55″W﻿ / ﻿38.02556°N 97.66528°W"
    },
    {
      "Township": "Darlington",
      "FIPS": 17025,
      "Population": 601,
      "Population\ndensity\n/km² (/sq mi)": "7 (17)",
      "Land area\nkm² (sq mi)": "35 (92)",
      "Water area\nkm² (sq mi)": "0 (0)",
      "Water %": "0.10%",
      "Geographic coordinates": "37°57′5″N 97°19′32″W﻿ / ﻿37.95139°N 97.32556°W"
    },
    {
      "Township": "Emma",
      "FIPS": 21025,
      "Population": 4181,
      "Population\ndensity\n/km² (/sq mi)": "45 (116)",
      "Land area\nkm² (sq mi)": "93 (36)",
      "Water area\nkm² (sq mi)": "0 (0)",
      "Water %": "0%",
      "Geographic coordinates": "38°08′10″N 97°25′46″W﻿ / ﻿38.13611°N 97.42944°W"
    },
    {
      "Township": "Garden",
      "FIPS": 25300,
      "Population": 294,
      "Population\ndensity\n/km² (/sq mi)": "3 (8)",
      "Land area\nkm² (sq mi)": "36 (93)",
      "Water area\nkm² (sq mi)": "0 (0)",
      "Water %": "0%",
      "Geographic coordinates": "38°07′44″N 97°32′14″W﻿ / ﻿38.12889°N 97.53722°W"
    }
  ]
}