{
  "table_title": "Swedish NHL Draft Picks (1977-1978)",
  "columns": [
    {
      "column_name": "Unnamed: 0",
      "data_type": "string",
      "description": "Unknown/Unlabeled column containing single letter codes."
    },
    {
      "column_name": "Player",
      "data_type": "string",
      "description": "Name of the Swedish player drafted into the NHL."
    },
    {
      "column_name": "Nationality",
      "data_type": "string",
      "description": "Nationality of the player (all are 'Sweden' in this subset)."
    },
    {
      "column_name": "Drafted by",
      "data_type": "string",
      "description": "NHL team that drafted the player."
    },
    {
      "column_name": "Year",
      "data_type": "integer",
      "description": "Year the player was drafted into the NHL."
    },
    {
      "column_name": "Round",
      "data_type": "string",
      "description": "Draft round in which the player was selected (e.g., '7th')."
    },
    {
      "column_name": "Overall",
      "data_type": "string",
      "description": "Overall draft pick number (e.g., '121st')."
    }
  ],
  "first 5 rows": [
    {
      "Unnamed: 0": "W",
      "Player": "Harald Lückner",
      "Nationality": "sweden",
      "Drafted by": "NY Islanders",
      "Year": 1977,
      "Round": "7th",
      "Overall": "121st"
    },
    {
      "Unnamed: 0": "D",
      "Player": "Björn Olsson",
      "Nationality": "Sweden",
      "Drafted by": "St. Louis Blues",
      "Year": 1977,
      "Round": "9th",
      "Overall": "147th"
    },
    {
      "Unnamed: 0": "C",
      "Player": "Bengt-Åke Gustafsson",
      "Nationality": "Sweden",
      "Drafted by": "Washington Capitals",
      "Year": 1978,
      "Round": "4th",
      "Overall": "55th"
    },
    {
      "Unnamed: 0": "F",
      "Player": "Dan Hermansson",
      "Nationality": "Sweden",
      "Drafted by": "STL Blues",
      "Year": 1978,
      "Round": "10th",
      "Overall": "175th"
    },
    {
      "Unnamed: 0": "W",
      "Player": "Håkan Loob",
      "Nationality": "Sweden",
      "Drafted by": "Calgary Flames",
      "Year": 1980,
      "Round": "9th",
      "Overall": "181st"
    }
  ]
}