{
  "table_title": "1978 LPGA Tournament Results",
  "columns": [
    {
      "column_name": "No.",
      "data_type": "integer",
      "description": "Sequential number identifying each tournament result."
    },
    {
      "column_name": "Date",
      "data_type": "string",
      "description": "Date of the tournament in MM DD, YYYY format."
    },
    {
      "column_name": "Tournament",
      "data_type": "string",
      "description": "Name of the LPGA tournament."
    },
    {
      "column_name": "Winning score",
      "data_type": "string",
      "description": "Winning score relative to par, followed by the score per round in parentheses (e.g., '+1 (71-72-73-73=289)')."
    },
    {
      "column_name": "Margin of\nvictory",
      "data_type": "string",
      "description": "Number of strokes by which the winner exceeded the runner(s)-up."
    },
    {
      "column_name": "Runner(s)-up",
      "data_type": "string",
      "description": "Name(s) of the player(s) who finished in second place."
    }
  ],
  "first 5 rows": [
    {
      "No.": 1,
      "Date": "Feb 26, 1978",
      "Tournament": "Bent Tree Classic",
      "Winning score": "+1 (71-72-73-73=289)",
      "Margin of\nvictory": "1 stroke",
      "Runner(s)-up": "Jo Ann Washam"
    },
    {
      "No.": 2,
      "Date": "Mar 12, 1978",
      "Tournament": "Sunstar Classic",
      "Winning score": "−3 (72-72-70-71=285)",
      "Margin of\nvictory": "1 stroke",
      "Runner(s)-up": "Debbie Austin,  Debbie Massey"
    },
    {
      "No.": 3,
      "Date": "May 14, 1978",
      "Tournament": "Greater Baltimore Classic",
      "Winning score": "−7 (67-73-72=212)",
      "Margin of\nvictory": "3 strokes",
      "Runner(s)-up": "Donna Caponi"
    },
    {
      "No.": 4,
      "Date": "May 21, 1978",
      "Tournament": "Coca-Cola Classic",
      "Winning score": "-3 (69-71-70=210)",
      "Margin of\nvictory": "Playoff",
      "Runner(s)-up": "JoAnne Carner"
    },
    {
      "No.": 5,
      "Date": "May 29, 1978",
      "Tournament": "Golden Lights Championship",
      "Winning score": "−11 (67-72-73-65=277)",
      "Margin of\nvictory": "1 stroke",
      "Runner(s)-up": "Jane Blalock"
    }
  ]
}