{
  "table_title": "England vs. West Indies Cricket Match Statistics (1930)",
  "columns": [
    {
      "column_name": "No.",
      "data_type": "integer",
      "description": "Sequential number identifying each record."
    },
    {
      "column_name": "Score",
      "data_type": "string",
      "description": "Player's individual score in the match (may contain non-numeric characters)."
    },
    {
      "column_name": "Player",
      "data_type": "string",
      "description": "Name of the player, potentially including additional information (e.g., innings played)."
    },
    {
      "column_name": "Team",
      "data_type": "string",
      "description": "Team the player belongs to (England or West Indies)."
    },
    {
      "column_name": "Balls",
      "data_type": "string",
      "description": "Number of balls faced by the player (may contain non-numeric characters)."
    },
    {
      "column_name": "Inns.",
      "data_type": "integer",
      "description": "Number of the innings in which the player batted."
    },
    {
      "column_name": "Opposing team",
      "data_type": "string",
      "description": "The opposing team in the cricket match."
    },
    {
      "column_name": "Date",
      "data_type": "date",
      "description": "Date of the cricket match."
    },
    {
      "column_name": "Result",
      "data_type": "string",
      "description": "Result of the cricket match (e.g., Drawn)."
    }
  ],
  "first 5 rows": [
    {
      "No.": 1,
      "Score": 325,
      "Player": "Andy Sandham",
      "Team": "England",
      "Balls": 640,
      "Inns.": 1,
      "Opposing team": "West Indies",
      "Date": "3 April 1930",
      "Result": "Drawn"
    },
    {
      "No.": 2,
      "Score": 149,
      "Player": "Les Ames (1/2)",
      "Team": "England",
      "Balls": 174,
      "Inns.": 1,
      "Opposing team": "West Indies",
      "Date": "3 April 1930",
      "Result": "Drawn"
    },
    {
      "No.": 3,
      "Score": 223,
      "Player": "George Headley (1/2)",
      "Team": "West Indies",
      "Balls": 385,
      "Inns.": 4,
      "Opposing team": "England",
      "Date": "3 April 1930",
      "Result": "Drawn"
    },
    {
      "No.": 4,
      "Score": "270*",
      "Player": "George Headley (2/2)",
      "Team": "West Indies",
      "Balls": "NR",
      "Inns.": 1,
      "Opposing team": "England",
      "Date": "14 March 1935",
      "Result": "Won"
    },
    {
      "No.": 5,
      "Score": 126,
      "Player": "Les Ames (2/2)",
      "Team": "England",
      "Balls": "NR",
      "Inns.": 2,
      "Opposing team": "West Indies",
      "Date": "14 March 1935",
      "Result": "Lost"
    }
  ]
}