{
  "table_title": "Doubles Tournament Results",
  "columns": [
    {
      "column_name": "Outcome",
      "data_type": "string",
      "description": "Indicates whether the player won or was runner-up in the tournament."
    },
    {
      "column_name": "No.",
      "data_type": "float",
      "description": "Sequential number representing the tournament in the player's career."
    },
    {
      "column_name": "Date",
      "data_type": "date",
      "description": "Date of the doubles tournament."
    },
    {
      "column_name": "Tournament",
      "data_type": "string",
      "description": "Name and location of the doubles tournament."
    },
    {
      "column_name": "Surface",
      "data_type": "string",
      "description": "Playing surface of the tournament (e.g., Clay, Hard)."
    },
    {
      "column_name": "Partner",
      "data_type": "string",
      "description": "Name of the player's doubles partner."
    },
    {
      "column_name": "Opponents",
      "data_type": "string",
      "description": "Names of the opposing doubles team."
    },
    {
      "column_name": "Score",
      "data_type": "string",
      "description": "Match score of the doubles tournament."
    }
  ],
  "first 5 rows": [
    {
      "Outcome": "Runner-up",
      "No.": 1,
      "Date": "16 May 2010",
      "Tournament": "Kurume, Japan",
      "Surface": "Clay",
      "Partner": "Karolína Plíšková",
      "Opponents": "Sun Shengnan\n Xu Yifan",
      "Score": "0–6, 3–6"
    },
    {
      "Outcome": "Winner",
      "No.": 1,
      "Date": "13 February 2011",
      "Tournament": "Rancho Mirage, United States",
      "Surface": "Hard",
      "Partner": "Karolína Plíšková",
      "Opponents": "Nadejda Guskova\n Sandra Zaniewska",
      "Score": "6–7(6–8), 6–1, 6–4"
    },
    {
      "Outcome": "Winner",
      "No.": 2,
      "Date": "7 August 2011",
      "Tournament": "Vancouver, CANADA",
      "Surface": "hard",
      "Partner": "Karolína Plíšková",
      "Opponents": "Jamie Hampton\n N. Lertcheewakarn",
      "Score": "5–7, 6–2, 6–4"
    },
    {
      "Outcome": "Runner-up",
      "No.": 2,
      "Date": "6 November 2011",
      "Tournament": "Taipei 5, Taiwan",
      "Surface": "Hard",
      "Partner": "Karolína Plíšková",
      "Opponents": "Chan Yung-jan\n Zheng Jie",
      "Score": "6–7(5–7), 7–5, 3–6"
    },
    {
      "Outcome": "Runner-up",
      "No.": 3,
      "Date": "20 November 2011",
      "Tournament": "Bratislava, Slovakia",
      "Surface": "Hard",
      "Partner": "Karolína Plíšková",
      "Opponents": "Naomi Broady\n Kristina Mladenovic",
      "Score": "7–5, 4–6, [2–10]"
    }
  ]
}