{
  "table_title": "Saint Helena, Ascension, and Tristan da Cunha Demographics",
  "columns": [
    {
      "column_name": "Administrative\narea",
      "data_type": "string",
      "description": "Name of the administrative area within the Saint Helena, Ascension, and Tristan da Cunha archipelago."
    },
    {
      "column_name": "Area\nkm2",
      "data_type": "float",
      "description": "Area of the administrative area in square kilometers."
    },
    {
      "column_name": "Area\nsq mi",
      "data_type": "integer",
      "description": "Area of the administrative area in square miles."
    },
    {
      "column_name": "Population",
      "data_type": "string",
      "description": "Population count of the administrative area (Note: string type likely due to formatting with commas)."
    },
    {
      "column_name": "Administrative\ncentre",
      "data_type": "string",
      "description": "Name of the administrative center of the area."
    }
  ],
  "first 5 rows": [
    {
      "Administrative\narea": "Saint Helena",
      "Area\nkm2": 122,
      "Area\nsq mi": 47,
      "Population": 5809,
      "Administrative\ncentre": "Jamestown"
    },
    {
      "Administrative\narea": "Ascension Island",
      "Area\nkm2": 91,
      "Area\nsq mi": 35,
      "Population": 1532,
      "Administrative\ncentre": "Georgetown"
    },
    {
      "Administrative\narea": "Tristan da Cunha",
      "Area\nkm2": 184,
      "Area\nsq mi": 71,
      "Population": 388,
      "Administrative\ncentre": 7
    },
    {
      "Administrative\narea": "Tristan da Cunha",
      "Area\nkm2": 184,
      "Area\nsq mi": 71,
      "Population": 382,
      "Administrative\ncentre": 7
    },
    {
      "Administrative\narea": "Inaccessible Island",
      "Area\nkm2": 14,
      "Area\nsq mi": 5,
      "Population": 0,
      "Administrative\ncentre": "Denstone Hut"
    }
  ]
}