{
  "table_title": "Weekly Top Songs Chart - 2014",
  "columns": [
    {
      "column_name": "Week",
      "data_type": "integer",
      "description": "Week number in 2014 representing the chart period."
    },
    {
      "column_name": "Date",
      "data_type": "date",
      "description": "Specific date within the week the chart reflects."
    },
    {
      "column_name": "Song title",
      "data_type": "string",
      "description": "Title of the song charting that week."
    },
    {
      "column_name": "Performer",
      "data_type": "string",
      "description": "Main artist or group performing the song."
    },
    {
      "column_name": "Album title",
      "data_type": "string",
      "description": "Album from which the song originates."
    },
    {
      "column_name": "Performer.1",
      "data_type": "string",
      "description": "Second artist or possible featured artist on the song (appears inconsistent)."
    }
  ],
  "first 5 rows": [
    {
      "Week": 1,
      "Date": "3 January 2014",
      "Song title": "\\Timber\\\"\"",
      "Performer": "Pitbull feat. Ke$ha",
      "Album title": "TRUE",
      "Performer.1": "AVICII"
    },
    {
      "Week": 2,
      "Date": "10/01/2014",
      "Song title": "\\Timber\\\"\"",
      "Performer": "Pitbull feat. Ke$ha",
      "Album title": "True",
      "Performer.1": "Avicii"
    },
    {
      "Week": 3,
      "Date": "17 January 2014",
      "Song title": "\\I See Fire\\\"\"",
      "Performer": "Ed Sheeran",
      "Album title": "High Hopes",
      "Performer.1": "Bruce Springsteen"
    },
    {
      "Week": 4,
      "Date": "24 January 2014",
      "Song title": "\\I See Fire\\\"\"",
      "Performer": "Ed Sheeran",
      "Album title": "High Hopes",
      "Performer.1": "Bruce Springsteen"
    },
    {
      "Week": 5,
      "Date": "31 January 2014",
      "Song title": "\\I See Fire\\\"\"",
      "Performer": "Ed Sheeran",
      "Album title": "True",
      "Performer.1": "Avicii"
    }
  ]
}