{
  "table_title": "Team Match Results",
  "columns": [
    {
      "column_name": "Opposition",
      "data_type": "string",
      "description": "Name of the opposing team played against."
    },
    {
      "column_name": "Matches",
      "data_type": "integer",
      "description": "Total number of matches played against the opposition."
    },
    {
      "column_name": "Won",
      "data_type": "integer",
      "description": "Number of matches won against the opposition."
    },
    {
      "column_name": "Drawn",
      "data_type": "integer",
      "description": "Number of matches drawn against the opposition."
    },
    {
      "column_name": "Lost",
      "data_type": "integer",
      "description": "Number of matches lost against the opposition."
    },
    {
      "column_name": "For",
      "data_type": "integer",
      "description": "Total number of goals/points scored against the opposition."
    },
    {
      "column_name": "Against",
      "data_type": "integer",
      "description": "Total number of goals/points conceded against the opposition."
    },
    {
      "column_name": "Win%",
      "data_type": "string",
      "description": "Win percentage against the opposition (formatted as a string)."
    }
  ],
  "first 5 rows": [
    {
      "Opposition": "Bhopal Badshahs",
      "Matches": 2,
      "Won": 0,
      "Drawn": 1,
      "Lost": 1,
      "For": 7,
      "Against": 8,
      "Win%": "0.00%"
    },
    {
      "Opposition": "Chennai Cheetahs",
      "Matches": 2,
      "Won": 1,
      "Drawn": 0,
      "Lost": 1,
      "For": 6,
      "Against": 5,
      "Win%": "50%"
    },
    {
      "Opposition": "Delhi Wizards",
      "Matches": 2,
      "Won": 2,
      "Drawn": 0,
      "Lost": 0,
      "For": 4,
      "Against": 2,
      "Win%": "100.00%"
    },
    {
      "Opposition": "Karnataka Lions",
      "Matches": 2,
      "Won": 1,
      "Drawn": 0,
      "Lost": 1,
      "For": 8,
      "Against": 4,
      "Win%": "50.00%"
    },
    {
      "Opposition": "Mumbai Marines",
      "Matches": 2,
      "Won": 2,
      "Drawn": 0,
      "Lost": 0,
      "For": 9,
      "Against": 5,
      "Win%": "100.00%"
    }
  ]
}