{
  "table_title": "Doubles Tournament Results",
  "columns": [
    {
      "column_name": "Outcome",
      "data_type": "string",
      "description": "Indicates whether the team won or was runner-up in the tournament."
    },
    {
      "column_name": "No.",
      "data_type": "float",
      "description": "Sequential number indicating the tournament participation."
    },
    {
      "column_name": "Date",
      "data_type": "integer",
      "description": "Year the tournament took place."
    },
    {
      "column_name": "Tournament",
      "data_type": "string",
      "description": "Location and country where the tournament was held."
    },
    {
      "column_name": "Surface",
      "data_type": "string",
      "description": "Playing surface of the tournament (e.g., Hard)."
    },
    {
      "column_name": "Partner",
      "data_type": "string",
      "description": "Name of the player's doubles partner."
    },
    {
      "column_name": "Opponents in the final",
      "data_type": "string",
      "description": "Names of the opposing team in the final match."
    },
    {
      "column_name": "Score in the final",
      "data_type": "string",
      "description": "Final match score."
    }
  ],
  "first 5 rows": [
    {
      "Outcome": "Runner-Up",
      "No.": 1,
      "Date": 1969,
      "Tournament": "Los Angeles, U.S.",
      "Surface": "hard",
      "Partner": "Jim McManus",
      "Opponents in the final": "Pancho Gonzales\n Ron Holmberg",
      "Score in the final": "3–6, 4–6"
    },
    {
      "Outcome": "Runner-up",
      "No.": 2,
      "Date": 1970,
      "Tournament": "Merion, U.S.",
      "Surface": "Hard",
      "Partner": "Jim McManus",
      "Opponents in the final": "William Bowrey\n Ray Ruffels",
      "Score in the final": "6–3, 2–6, 5–7"
    },
    {
      "Outcome": "Winner",
      "No.": 1,
      "Date": 1971,
      "Tournament": "Columbus, U.S.",
      "Surface": "Hard",
      "Partner": "Jim McManus",
      "Opponents in the final": "Jimmy Connors\n Roscoe Tanner",
      "Score in the final": "4–6, 7–5, 6–2"
    },
    {
      "Outcome": "Winner",
      "No.": 2,
      "Date": 1971,
      "Tournament": "Merion, U.S.",
      "Surface": "Hard",
      "Partner": "Clark Graebner",
      "Opponents in the final": "Robert McKinley\n Dick Stockton",
      "Score in the final": "7–6, 6–3"
    },
    {
      "Outcome": "Winner",
      "No.": 3,
      "Date": 1971,
      "Tournament": "Sacramento, U.S.",
      "Surface": "Hard",
      "Partner": "Jim McManus",
      "Opponents in the final": "Bob Maud\n Frew McMillan",
      "Score in the final": "7–6, 6–3"
    }
  ]
}