{
  "table_title": "Coventry City Hall of Fame Inductees",
  "columns": [
    {
      "column_name": "Name",
      "data_type": "string",
      "description": "The name of the inductee into the Coventry City Hall of Fame."
    },
    {
      "column_name": "Year inducted",
      "data_type": "integer",
      "description": "The year in which the player was inducted into the Hall of Fame."
    },
    {
      "column_name": "Position",
      "data_type": "string",
      "description": "The playing position of the inductee (e.g., Forward, Goalkeeper)."
    },
    {
      "column_name": "Apps",
      "data_type": "integer",
      "description": "The number of appearances the player made for Coventry City."
    },
    {
      "column_name": "Goals",
      "data_type": "integer",
      "description": "The number of goals scored by the player for Coventry City."
    }
  ],
  "first 5 rows": [
    {
      "Name": "Luther Blissett",
      "Year inducted": 2003,
      "Position": "Forward",
      "Apps": 503,
      "Goals": 186
    },
    {
      "Name": "Tony Coton",
      "Year inducted": 2004,
      "Position": "Goalkeeper",
      "Apps": 291,
      "Goals": 0
    },
    {
      "Name": "john mcclelland",
      "Year inducted": 2005,
      "Position": "Defender",
      "Apps": 234,
      "Goals": 3
    },
    {
      "Name": "Tommy Mooney",
      "Year inducted": 2006,
      "Position": "Forward",
      "Apps": 287,
      "Goals": 64
    },
    {
      "Name": "Les Taylor",
      "Year inducted": 2007,
      "Position": "Midfielder",
      "Apps": 211,
      "Goals": 20
    }
  ]
}