{
  "table_title": "France National Rugby Team: Top Players by Caps",
  "columns": [
    {
      "column_name": "#",
      "data_type": "float",
      "description": "Rank of the player based on number of caps."
    },
    {
      "column_name": "Player",
      "data_type": "string",
      "description": "Name of the French rugby player."
    },
    {
      "column_name": "Span",
      "data_type": "string",
      "description": "Years the player was active in the national team."
    },
    {
      "column_name": "Caps",
      "data_type": "integer",
      "description": "Number of times the player was capped for France during the specified span."
    },
    {
      "column_name": "Total caps",
      "data_type": "integer",
      "description": "Total number of caps the player earned in their career (may include caps outside the specified span)."
    },
    {
      "column_name": "Win %",
      "data_type": "string",
      "description": "Percentage of games won by France during the player's specified span."
    }
  ],
  "first 5 rows": [
    {
      "#": 1,
      "Player": "Fabien Pelous",
      "Span": "1997-2006",
      "Caps": 42,
      "Total caps": 113,
      "Win %": "64.28%"
    },
    {
      "#": 2,
      "Player": "Raphaël Ibañez",
      "Span": "1998-2007",
      "Caps": 41,
      "Total caps": 98,
      "Win %": "63.41%"
    },
    {
      "#": 3,
      "Player": "Jean-Pierre Rives",
      "Span": "1978-1984",
      "Caps": 34,
      "Total caps": 59,
      "Win %": "55.88%"
    },
    {
      "#": 3,
      "Player": "Philippe Saint-André",
      "Span": "1994-1997",
      "Caps": 34,
      "Total caps": 69,
      "Win %": "82.53%"
    },
    {
      "#": 5,
      "Player": "Thierry Dusautoir",
      "Span": "2009-",
      "Caps": 31,
      "Total caps": 54,
      "Win %": "54.84%"
    }
  ]
}