{
  "table_title": "Basketball Player Statistics",
  "columns": [
    {
      "column_name": "Player",
      "data_type": "string",
      "description": "Name of the basketball player."
    },
    {
      "column_name": "Games Played",
      "data_type": "integer",
      "description": "Number of games the player participated in."
    },
    {
      "column_name": "Field Goals",
      "data_type": "integer",
      "description": "Number of successful field goals made by the player."
    },
    {
      "column_name": "Free Throws",
      "data_type": "integer",
      "description": "Number of successful free throws made by the player."
    },
    {
      "column_name": "Points",
      "data_type": "integer",
      "description": "Total points scored by the player."
    }
  ],
  "first 5 rows": [
    {
      "Player": "Ralf Woods",
      "Games Played": 16,
      "Field Goals": 54,
      "Free Throws": 70,
      "Points": 178
    },
    {
      "Player": "Clyde Alwood",
      "Games Played": 15,
      "Field Goals": 57,
      "Free Throws": 0,
      "Points": 114
    },
    {
      "Player": "Ernest McKay",
      "Games Played": 15,
      "Field Goals": 39,
      "Free Throws": 3,
      "Points": 81
    },
    {
      "Player": "Ray Woods",
      "Games Played": 16,
      "Field Goals": 19,
      "Free Throws": 0,
      "Points": 38
    },
    {
      "Player": "John Felmley",
      "Games Played": 6,
      "Field Goals": 7,
      "Free Throws": 4,
      "Points": 18
    }
  ]
}