{
  "table_title": "Athlete Performance Across Disciplines",
  "columns": [
    {
      "column_name": "Discipline",
      "data_type": "string",
      "description": "The athletic discipline or sport."
    },
    {
      "column_name": "Amanda",
      "data_type": "integer",
      "description": "Amanda's performance score in the given discipline (higher scores likely indicate better performance)."
    },
    {
      "column_name": "Bernie",
      "data_type": "integer",
      "description": "Bernie's performance score in the given discipline (higher scores likely indicate better performance)."
    },
    {
      "column_name": "Javine H",
      "data_type": "integer",
      "description": "Javine H's performance score in the given discipline (higher scores likely indicate better performance)."
    },
    {
      "column_name": "Julia",
      "data_type": "integer",
      "description": "Julia's performance score in the given discipline (higher scores likely indicate better performance)."
    },
    {
      "column_name": "Michelle",
      "data_type": "integer",
      "description": "Michelle's performance score in the given discipline (higher scores likely indicate better performance)."
    }
  ],
  "first 5 rows": [
    {
      "Discipline": "Whitewater kayak",
      "Amanda": 0,
      "Bernie": 2,
      "Javine H": 4,
      "Julia": 3,
      "Michelle": 6
    },
    {
      "Discipline": "Hurdles",
      "Amanda": 3,
      "Bernie": 1,
      "Javine H": 6,
      "Julia": 5,
      "Michelle": 3
    },
    {
      "Discipline": "cycling",
      "Amanda": 4,
      "Bernie": 2,
      "Javine H": 4,
      "Julia": 6,
      "Michelle": 0
    },
    {
      "Discipline": "Gym floor",
      "Amanda": 0,
      "Bernie": 3,
      "Javine H": 6,
      "Julia": 5,
      "Michelle": 2
    },
    {
      "Discipline": "Swimming",
      "Amanda": 4,
      "Bernie": 3,
      "Javine H": 6,
      "Julia": 5,
      "Michelle": "nan"
    }
  ]
}