{
  "table_title": "Nigeria Women's National Football Team Match Results",
  "columns": [
    {
      "column_name": "#",
      "data_type": "integer",
      "description": "Unique identifier for each match."
    },
    {
      "column_name": "Date",
      "data_type": "date",
      "description": "Date of the football match."
    },
    {
      "column_name": "Venue",
      "data_type": "string",
      "description": "Location where the match was played."
    },
    {
      "column_name": "Opponent",
      "data_type": "string",
      "description": "Name of the opposing team."
    },
    {
      "column_name": "Result",
      "data_type": "string",
      "description": "Match result shown as Nigeria's score – Opponent's score."
    },
    {
      "column_name": "Competition",
      "data_type": "string",
      "description": "Type of football competition (e.g., Friendly, World Cup Qualifier)."
    },
    {
      "column_name": "Scored",
      "data_type": "integer",
      "description": "Number of goals scored by Nigeria in the match."
    }
  ],
  "first 5 rows": [
    {
      "#": 1,
      "Date": "5 March 2002",
      "Venue": "lagos",
      "Opponent": "Sweden",
      "Result": "3–6",
      "Competition": "Algarve Cup",
      "Scored": 1
    },
    {
      "#": 2,
      "Date": "22/09/2002",
      "Venue": "St Andrew's, Birmingham",
      "Opponent": "Iceland",
      "Result": "1-0",
      "Competition": "2003 FIFA World Cup Qual.",
      "Scored": 1
    },
    {
      "#": 3,
      "Date": "21 October 2003",
      "Venue": "Kryoia Soveto, Moscow",
      "Opponent": "russia",
      "Result": "2–2",
      "Competition": "Friendly",
      "Scored": 1
    },
    {
      "#": 4,
      "Date": "14 November 2003",
      "Venue": "Deepdale, Preston",
      "Opponent": "Scotland",
      "Result": "5-0",
      "Competition": "Friendly",
      "Scored": 1
    },
    {
      "#": 5,
      "Date": "16 September 2004",
      "Venue": "Sportpark De Wending, Heerhugowaard",
      "Opponent": "Netherlands",
      "Result": "2–1",
      "Competition": "Friendly",
      "Scored": 1
    }
  ]
}