{
  "table_title": "2024 Asian Games Medal Count",
  "columns": [
    {
      "column_name": "Rank",
      "data_type": "string",
      "description": "Rank of the nation based on total medals won."
    },
    {
      "column_name": "Nation",
      "data_type": "string",
      "description": "Nation's name and three-letter ISO country code."
    },
    {
      "column_name": "Gold",
      "data_type": "integer",
      "description": "Number of gold medals won by the nation."
    },
    {
      "column_name": "Silver",
      "data_type": "integer",
      "description": "Number of silver medals won by the nation."
    },
    {
      "column_name": "Bronze",
      "data_type": "integer",
      "description": "Number of bronze medals won by the nation."
    },
    {
      "column_name": "Total",
      "data_type": "integer",
      "description": "Total number of medals (Gold + Silver + Bronze) won by the nation."
    }
  ],
  "first 5 rows": [
    {
      "Rank": 1,
      "Nation": "China (CHN)",
      "Gold": 14,
      "Silver": 14,
      "Bronze": 13,
      "Total": 41
    },
    {
      "Rank": 2,
      "Nation": "India (IND)",
      "Gold": 7,
      "Silver": 6,
      "Bronze": 4,
      "Total": 17
    },
    {
      "Rank": 3,
      "Nation": "Saudi Arabia (KSA)",
      "Gold": 7,
      "Silver": 1,
      "Bronze": 0,
      "Total": 8
    },
    {
      "Rank": 4,
      "Nation": "Kazakhstan (KAZ)",
      "Gold": 3,
      "Silver": 4,
      "Bronze": 5,
      "Total": 12
    },
    {
      "Rank": 5,
      "Nation": "South Korea (KOR)",
      "Gold": 3,
      "Silver": 2,
      "Bronze": 1,
      "Total": 5
    }
  ]
}