{
  "table_title": "Heaven's Music Awards and Recognition",
  "columns": [
    {
      "column_name": "Year",
      "data_type": "integer",
      "description": "The year the award was received."
    },
    {
      "column_name": "Award",
      "data_type": "string",
      "description": "The name of the award ceremony."
    },
    {
      "column_name": "Category",
      "data_type": "string",
      "description": "The specific category within the award ceremony."
    },
    {
      "column_name": "Recipient",
      "data_type": "string",
      "description": "The recipient of the award (likely 'Heaven' or the artist's name)."
    },
    {
      "column_name": "Result",
      "data_type": "string",
      "description": "Indicates whether the award was won ('Won') or not."
    }
  ],
  "first 5 rows": [
    {
      "Year": 2012,
      "Award": "Cyworld Digital Music Awards",
      "Category": "Rookie & Song of the Month (February)",
      "Recipient": "Heaven",
      "Result": "Won"
    },
    {
      "Year": 2012,
      "Award": "Asia Song Festival",
      "Category": "New Artist Award",
      "Recipient": "Herself",
      "Result": "Won"
    },
    {
      "Year": 2012,
      "Award": "4th MelOn Music Awards",
      "Category": "Best New Artist",
      "Recipient": "Herself",
      "Result": "Won"
    },
    {
      "Year": 2012,
      "Award": "Soompi Gayo Awards",
      "Category": "Top 50 Songs (#3)",
      "Recipient": "Heaven",
      "Result": "Won"
    },
    {
      "Year": 2012,
      "Award": "So-Loved Awards",
      "Category": "Best Female Newcomer",
      "Recipient": "Herself",
      "Result": "Won"
    }
  ]
}