{
  "table_title": "Council Composition by Party, 1947-1952",
  "columns": [
    {
      "column_name": "Year",
      "data_type": "integer",
      "description": "The year the council composition was recorded."
    },
    {
      "column_name": "Conservative\ncouncillors",
      "data_type": "integer",
      "description": "The number of Conservative councillors elected in that year."
    },
    {
      "column_name": "Labour\ncouncillors",
      "data_type": "integer",
      "description": "The number of Labour councillors elected in that year."
    },
    {
      "column_name": "Independent\ncouncillors",
      "data_type": "integer",
      "description": "The number of Independent councillors elected in that year."
    },
    {
      "column_name": "Liberal\ncouncillors",
      "data_type": "integer",
      "description": "The number of Liberal councillors elected in that year."
    }
  ],
  "first 5 rows": [
    {
      "Year": 1947,
      "Conservative\ncouncillors": 3,
      "Labour\ncouncillors": 2,
      "Independent\ncouncillors": 18,
      "Liberal\ncouncillors": 1
    },
    {
      "Year": 1951,
      "Conservative\ncouncillors": 5,
      "Labour\ncouncillors": 2,
      "Independent\ncouncillors": 17,
      "Liberal\ncouncillors": 0
    },
    {
      "Year": 1952,
      "Conservative\ncouncillors": 3,
      "Labour\ncouncillors": 3,
      "Independent\ncouncillors": 18,
      "Liberal\ncouncillors": 0
    },
    {
      "Year": 1953,
      "Conservative\ncouncillors": 4,
      "Labour\ncouncillors": 3,
      "Independent\ncouncillors": 17,
      "Liberal\ncouncillors": "None"
    },
    {
      "Year": 1954,
      "Conservative\ncouncillors": 3,
      "Labour\ncouncillors": 4,
      "Independent\ncouncillors": 17,
      "Liberal\ncouncillors": 0
    }
  ]
}