{
  "table_title": "1950 US Women's Open Leaderboard",
  "columns": [
    {
      "column_name": "#",
      "data_type": "string",
      "description": "Player's position in the tournament. 'T' indicates a tie."
    },
    {
      "column_name": "Player",
      "data_type": "string",
      "description": "Name of the golfer."
    },
    {
      "column_name": "Country",
      "data_type": "string",
      "description": "Country represented by the golfer."
    },
    {
      "column_name": "Score",
      "data_type": "string",
      "description": "Golfer's score for each round, with the total score."
    },
    {
      "column_name": "To par",
      "data_type": "integer",
      "description": "The golfer's total score relative to par."
    },
    {
      "column_name": "Money ($)",
      "data_type": "integer",
      "description": "Prize money awarded to the golfer."
    }
  ],
  "first 5 rows": [
    {
      "#": 1,
      "Player": "Louise Suggs",
      "Country": "United States",
      "Score": "78-75-75-74=302",
      "To par": 14,
      "Money ($)": 900
    },
    {
      "#": 2,
      "Player": "Patty Berg",
      "Country": "United States",
      "Score": "79-77-73-74=303",
      "To par": 15,
      "Money ($)": 675
    },
    {
      "#": "T3",
      "Player": "Betsy Rawls",
      "Country": "USA",
      "Score": "79-75-72-80=306",
      "To par": 18,
      "Money ($)": 445
    },
    {
      "#": "T3",
      "Player": "Mickey Wright",
      "Country": "United States",
      "Score": "80-79-74-73=306",
      "To par": 18,
      "Money ($)": 445
    },
    {
      "#": 5,
      "Player": "Betty Jameson",
      "Country": "United States",
      "Score": "80-74-77-78=309",
      "To par": 21,
      "Money ($)": 405
    }
  ]
}