{
  "table_title": "DEPDC5 Homolog Sequence Comparison Across Species",
  "columns": [
    {
      "column_name": "Species",
      "data_type": "string",
      "description": "The scientific name of the species."
    },
    {
      "column_name": "Common Name",
      "data_type": "string",
      "description": "The common name of the species."
    },
    {
      "column_name": "NCBI Accession #",
      "data_type": "string",
      "description": "The NCBI accession number for the DEPDC5 gene sequence."
    },
    {
      "column_name": "NCBI Name",
      "data_type": "string",
      "description": "The NCBI gene name (consistent as DEPDC5 across all rows)."
    },
    {
      "column_name": "Length",
      "data_type": "string",
      "description": "The length of the DEPDC5 protein sequence in amino acids (aa)."
    },
    {
      "column_name": "Sequence Identity",
      "data_type": "string",
      "description": "Percentage sequence identity of DEPDC5 compared to the human sequence."
    },
    {
      "column_name": "Sequence Similarity",
      "data_type": "string",
      "description": "Percentage sequence similarity of DEPDC5 compared to the human sequence."
    },
    {
      "column_name": "Years Since Divergence from Human (mya)",
      "data_type": "float",
      "description": "Estimated time in millions of years (mya) since the species diverged from the human lineage."
    }
  ],
  "first 5 rows": [
    {
      "Species": "Pan troglodytes",
      "Common Name": "Chimpanzee",
      "NCBI Accession #": "XP_003317262",
      "NCBI Name": "DEPDC5",
      "Length": "1572 aa",
      "Sequence Identity": "99%",
      "Sequence Similarity": "99%",
      "Years Since Divergence from Human (mya)": 6.4
    },
    {
      "Species": "Nomascus leucogenys",
      "Common Name": "Gibbon",
      "NCBI Accession #": "XP_003258163",
      "NCBI Name": "DEPDC5",
      "Length": "1602 aa",
      "Sequence Identity": "99%",
      "Sequence Similarity": "99%",
      "Years Since Divergence from Human (mya)": 20.4
    },
    {
      "Species": "Mus musculus",
      "Common Name": "Mouse",
      "NCBI Accession #": "NP_001164038",
      "NCBI Name": "DEPDC5",
      "Length": "1591 aa",
      "Sequence Identity": "94%",
      "Sequence Similarity": "96%",
      "Years Since Divergence from Human (mya)": 92.4
    },
    {
      "Species": "Bos taurus",
      "Common Name": "Cow",
      "NCBI Accession #": "XP_002694678",
      "NCBI Name": "DEPDC5",
      "Length": "1593 aa",
      "Sequence Identity": "94%",
      "Sequence Similarity": "96%",
      "Years Since Divergence from Human (mya)": 94.4
    },
    {
      "Species": "Sorex araneus",
      "Common Name": "Shrew",
      "NCBI Accession #": "ACE77702",
      "NCBI Name": "DEPDC5",
      "Length": "1570 aa",
      "Sequence Identity": "94%",
      "Sequence Similarity": "96%",
      "Years Since Divergence from Human (mya)": 94.4
    }
  ]
}